age,employment_status,monthly_income,years_employed,existing_loan_balance,monthly_debt_payment,requested_amount,term_months,late_payments_12m,savings_balance,has_co_maker,loan_risk
25,regular,111379.16,2.4,45981.84,56842.97,22298.12,24,1,47690.99,yes,MEDIUM_RISK
55,contractual,18153.1,12.3,14470.74,9535.18,99308.71,36,2,103294.52,no,HIGH_RISK
50,self_employed,33263.69,4.1,81552.9,18934.03,219889.86,6,2,33653.08,yes,HIGH_RISK
40,contractual,16757.16,6.6,118945.48,8657.86,74929.7,36,0,79750.01,no,MEDIUM_RISK
40,unemployed,3401.8980587751034,0.0,24640.55,197.4,137533.16,18,1,7900.89,yes,HIGH_RISK
59,self_employed,22628.06,21.0,58516.13,12250.19,14549.19,24,2,8751.08,yes,MEDIUM_RISK
24,self_employed,17891.05,0.3,11001.65,4749.93,44689.05,24,1,13715.48,yes,LOW_RISK
52,regular,17942.96,13.3,28013.51,6968.88,15941.51,24,0,24670.89,yes,LOW_RISK
30,contractual,29558.74,4.4,75342.98,7296.63,116710.38,12,4,5995.73,yes,MEDIUM_RISK
25,regular,16387.86,0.4,89188.05,7825.49,20367.97,24,1,25580.35,yes,MEDIUM_RISK
44,regular,50851.3,3.3,40918.68,17632.97,24928.78,12,0,36225.6,no,LOW_RISK
64,contractual,19316.73,10.7,5415.7,9562.74,95574.51,18,1,65788.93,yes,MEDIUM_RISK
54,unemployed,44.86468765025609,0.0,13953.29,6.13,144135.75,24,2,124530.42,no,MEDIUM_RISK
55,unemployed,1658.7900188087162,0.0,107224.36,218.53,57694.46,24,2,19062.92,no,HIGH_RISK
53,regular,33292.95,12.5,14390.21,9062.58,99685.14,18,2,17823.54,yes,LOW_RISK
56,contractual,15694.31,15.9,52140.4,511.84,97293.13,24,1,14601.56,yes,LOW_RISK
44,contractual,81784.39,11.1,46042.23,33619.04,55302.45,18,2,10772.58,no,HIGH_RISK
26,regular,59231.96,1.7,111108.91,11421.67,28598.61,24,1,39537.65,yes,LOW_RISK
58,regular,37676.62,11.6,10632.27,12678.73,99291.09,24,3,14313.42,no,MEDIUM_RISK
41,regular,15256.33,8.6,66555.54,1045.09,102946.46,24,0,15736.36,no,LOW_RISK
43,contractual,35931.08,4.2,78374.73,4450.22,127091.28,24,0,6677.2,no,LOW_RISK
37,regular,17269.62,8.1,39154.61,6434.19,82140.98,24,0,25438.19,yes,LOW_RISK
29,unemployed,5782.7329909968,0.0,2143.46,1145.64,27058.8,12,1,7191.34,no,MEDIUM_RISK
62,regular,49938.54,6.2,16993.81,7395.75,109086.64,24,2,62245.46,yes,HIGH_RISK
56,unemployed,2238.0719583255595,0.0,95240.98,348.84,64932.71,6,0,89441.65,no,HIGH_RISK
49,regular,10000.0,6.4,32068.1,1481.51,45255.95,12,1,7261.08,no,LOW_RISK
39,self_employed,18631.56,2.4,42382.29,6941.52,52112.79,24,1,6300.51,yes,MEDIUM_RISK
58,regular,46712.16,5.4,14177.64,5709.64,38733.09,18,1,7734.22,no,LOW_RISK
45,regular,62353.63,7.9,65425.08,14309.44,126598.43,18,0,77266.03,no,LOW_RISK
40,self_employed,58896.36,9.5,31277.29,24049.61,22439.02,36,1,91217.78,no,MEDIUM_RISK
41,self_employed,13331.49,1.8,29170.37,4166.35,30854.2,12,0,62427.42,yes,LOW_RISK
31,self_employed,37772.82,0.7,37126.89,13541.73,50795.49,6,1,14351.05,no,MEDIUM_RISK
25,regular,55939.42,1.4,24334.98,9397.76,218044.77,12,0,64320.68,yes,LOW_RISK
45,regular,12853.95,13.2,132579.58,6979.61,143322.55,12,0,5856.86,yes,MEDIUM_RISK
60,regular,31861.18,7.6,119687.16,8208.51,18987.04,24,0,38390.31,no,LOW_RISK
23,regular,37201.51,1.6,117434.14,6987.57,179091.63,24,1,10701.68,no,LOW_RISK
59,contractual,27121.19,19.3,42762.13,14303.16,178833.0,24,2,4926.53,yes,HIGH_RISK
58,contractual,11554.18,7.3,17839.72,4510.86,26947.24,12,1,26991.22,no,MEDIUM_RISK
33,contractual,26751.8,6.0,66789.13,9835.84,9808.93,18,0,27582.44,yes,HIGH_RISK
49,self_employed,26728.17,11.4,24509.98,13837.28,61572.85,6,0,30011.19,no,MEDIUM_RISK
28,contractual,29497.22,2.4,71348.42,1834.64,150837.87,24,1,33039.25,no,MEDIUM_RISK
55,self_employed,23472.43,9.2,17014.53,11518.48,214397.92,24,2,25805.99,yes,MEDIUM_RISK
52,regular,25080.21,14.6,45328.11,10102.95,33827.25,6,0,17228.2,no,LOW_RISK
36,regular,31308.74,7.1,79136.94,7138.27,241863.04,24,0,20438.69,no,LOW_RISK
24,contractual,40816.48,1.7,25794.56,6979.34,12224.45,24,1,38840.8,no,MEDIUM_RISK
64,self_employed,27066.62,24.2,25709.21,2372.21,49320.97,12,2,24951.35,no,LOW_RISK
41,regular,25544.68,6.1,6381.32,13988.03,47535.62,24,0,12016.01,no,MEDIUM_RISK
61,regular,33667.42,18.6,17547.76,3637.82,154260.08,24,0,8802.31,no,LOW_RISK
51,contractual,11125.42,14.9,42076.33,1921.26,172106.61,12,1,20275.34,yes,MEDIUM_RISK
56,regular,41600.21,5.6,47464.05,17060.62,132960.89,12,5,56368.35,yes,MEDIUM_RISK
55,regular,31990.09,2.5,53185.57,13454.51,23605.38,24,1,33476.27,no,MEDIUM_RISK
29,self_employed,32706.29,2.3,3592.74,3873.17,124132.75,36,1,58764.69,no,LOW_RISK
37,contractual,54279.13,8.1,24618.94,25933.06,95217.98,24,1,14105.2,no,HIGH_RISK
42,regular,10931.92,4.3,7403.24,3396.09,18559.12,24,1,23304.47,yes,LOW_RISK
43,self_employed,10806.28,9.2,40342.19,5366.95,13792.53,24,1,26568.77,no,MEDIUM_RISK
22,regular,37200.72,0.1,4916.57,2901.92,141582.03,18,2,40341.94,yes,LOW_RISK
45,self_employed,31874.99,5.7,10290.6,1707.11,56787.3,6,1,14126.95,yes,LOW_RISK
27,regular,35139.76,2.5,61313.21,13365.22,24791.5,18,1,33399.97,no,MEDIUM_RISK
54,contractual,24817.92,3.9,19627.13,2792.34,55604.18,36,3,53857.43,yes,MEDIUM_RISK
51,regular,46114.64,15.4,90963.76,14697.75,85406.15,24,1,18155.34,no,MEDIUM_RISK
62,regular,53446.83,5.4,54297.96,2018.14,61083.94,36,3,7579.89,yes,LOW_RISK
54,self_employed,41759.47,17.2,25927.8,19165.97,20295.47,12,1,55314.94,no,MEDIUM_RISK
37,regular,27723.5,2.7,68949.62,14547.67,267349.01,18,1,36039.92,no,HIGH_RISK
64,regular,10039.29,24.1,27985.23,4933.16,138041.0,24,1,3533.73,yes,MEDIUM_RISK
39,regular,48853.0,6.7,58622.18,27215.72,50544.5,12,0,18570.57,no,MEDIUM_RISK
35,contractual,62657.71,1.4,16688.19,33001.98,52094.86,12,0,80866.89,no,MEDIUM_RISK
61,self_employed,45615.29,3.4,72032.28,12508.16,85114.96,24,2,31151.91,yes,MEDIUM_RISK
37,unemployed,7652.361466223817,0.0,5585.24,1906.14,27859.42,24,1,20239.92,no,MEDIUM_RISK
24,regular,46354.71,1.4,10273.1,24238.93,82797.23,24,4,6487.2,no,HIGH_RISK
42,regular,51368.61,10.0,12396.42,27729.61,23958.85,12,0,6465.1,yes,LOW_RISK
56,regular,75420.93,9.1,18524.41,42617.33,61650.82,18,2,38304.17,no,MEDIUM_RISK
29,regular,19764.26,2.5,43324.93,8944.8,27057.35,6,1,7201.81,no,MEDIUM_RISK
41,unemployed,3512.485275951088,0.0,32764.85,495.59,28101.54,12,0,26739.34,yes,MEDIUM_RISK
26,contractual,48266.39,1.9,59150.16,26533.23,223336.42,18,0,18103.37,yes,MEDIUM_RISK
51,contractual,33026.54,12.2,79966.36,18195.24,67952.35,12,3,25339.62,no,HIGH_RISK
42,regular,17308.64,6.3,4777.74,6860.66,75939.89,36,2,16643.05,no,MEDIUM_RISK
35,self_employed,40196.3,6.1,87273.44,20158.61,14380.2,18,0,29928.32,yes,MEDIUM_RISK
31,regular,43991.65,6.0,27429.3,14897.64,41539.13,12,1,44116.56,yes,LOW_RISK
46,regular,33586.21,5.9,115793.81,18447.89,91862.82,6,1,16913.8,yes,MEDIUM_RISK
51,regular,36107.75,1.7,15940.61,2948.74,75187.84,24,0,41024.19,no,LOW_RISK
63,regular,27755.88,4.9,3006.94,14021.72,12921.14,12,1,60790.41,yes,MEDIUM_RISK
40,regular,72153.03,6.5,54783.26,4367.21,75924.6,12,1,26545.18,no,HIGH_RISK
28,regular,19498.84,1.8,52113.34,4221.67,85567.57,18,0,37499.09,yes,LOW_RISK
58,regular,23166.55,19.8,10591.08,2419.26,170239.93,12,1,4945.7,no,LOW_RISK
49,contractual,32193.93,10.5,11845.07,9449.7,39764.08,24,1,17259.68,no,MEDIUM_RISK
52,regular,51891.79,9.9,62631.74,8185.17,12095.53,18,3,2967.21,no,LOW_RISK
25,regular,14043.79,2.2,45053.8,7775.2,30778.28,12,2,11736.36,yes,MEDIUM_RISK
35,self_employed,15565.75,2.7,24981.05,5255.41,28548.05,24,0,17476.71,no,MEDIUM_RISK
55,contractual,10433.12,16.1,48829.36,5464.37,112947.03,18,0,86199.6,no,MEDIUM_RISK
58,regular,32580.64,2.0,41454.94,5960.05,8472.58,24,1,8942.96,no,LOW_RISK
40,regular,17299.33,7.2,13285.11,766.15,46438.09,6,1,19373.46,yes,LOW_RISK
57,self_employed,25899.75,19.1,66290.07,11826.09,189375.89,24,2,7223.83,yes,MEDIUM_RISK
58,regular,46039.23,16.9,56712.52,19166.49,65352.56,12,0,16080.84,no,LOW_RISK
38,regular,22485.88,8.6,33418.67,7420.8,127309.98,18,4,30353.16,yes,MEDIUM_RISK
61,self_employed,36340.8,10.2,62663.52,17386.84,18973.41,12,2,34662.49,no,MEDIUM_RISK
33,regular,27142.48,6.0,126315.75,13355.36,19548.43,36,1,14051.2,yes,MEDIUM_RISK
31,contractual,46311.89,3.6,11688.32,16364.16,191008.73,12,2,10434.7,yes,MEDIUM_RISK
51,contractual,41556.6,11.1,26033.36,23324.07,70126.36,36,0,67042.98,no,MEDIUM_RISK
49,contractual,21871.24,2.3,27228.82,9313.68,70234.74,36,0,13016.47,yes,MEDIUM_RISK
27,regular,29165.24,1.1,61603.43,11732.64,28100.09,18,2,968.93,yes,MEDIUM_RISK
58,regular,56814.68,12.4,18297.52,12998.18,70103.56,12,2,54086.67,no,LOW_RISK
29,regular,39729.47,0.7,58954.82,1241.24,27520.58,18,2,1506.31,no,LOW_RISK
57,regular,14841.2,15.6,20510.53,2411.97,158307.62,36,0,54152.32,no,LOW_RISK
21,self_employed,45893.61,0.5,10217.68,20659.3,400000.0,24,1,3061.13,yes,MEDIUM_RISK
56,regular,17622.92,18.4,35151.61,7409.19,93442.2,24,1,4051.22,no,MEDIUM_RISK
56,regular,69589.81,3.6,20077.68,14757.37,40373.66,6,0,5651.05,no,LOW_RISK
56,self_employed,56204.13,18.7,38198.52,21024.31,9719.59,24,1,11961.34,yes,LOW_RISK
50,self_employed,37531.21,2.5,46166.21,5157.09,18375.88,12,2,54571.62,no,MEDIUM_RISK
42,regular,34890.48,6.3,5289.45,6105.67,208624.01,6,0,5878.11,no,LOW_RISK
52,regular,28524.64,15.0,22394.69,15719.2,30038.91,12,1,30275.97,no,MEDIUM_RISK
33,unemployed,6849.194156833469,0.0,35176.52,1761.95,49218.08,18,1,24795.82,yes,MEDIUM_RISK
56,contractual,26096.67,2.1,62870.84,4299.25,106259.24,36,0,21083.07,no,LOW_RISK
46,self_employed,36426.6,1.6,57040.59,10851.83,197572.31,24,0,46760.01,no,MEDIUM_RISK
41,self_employed,51691.83,6.4,14529.16,12553.81,55963.35,12,0,22737.2,no,LOW_RISK
43,self_employed,23493.94,10.5,28459.77,10131.55,47984.94,12,1,24360.15,no,MEDIUM_RISK
46,regular,22801.58,3.0,48130.01,12749.82,68587.0,24,1,37221.31,no,MEDIUM_RISK
22,regular,16590.58,0.2,26710.18,5897.21,40595.57,18,1,12396.11,no,MEDIUM_RISK
27,regular,17819.19,2.3,16054.68,6328.15,42267.69,12,2,19555.19,no,MEDIUM_RISK
32,contractual,11706.2,2.0,31678.17,2700.14,88526.09,18,1,26506.25,no,LOW_RISK
26,self_employed,47805.55,2.5,44528.45,16280.04,74690.72,24,1,43160.74,no,MEDIUM_RISK
40,regular,86542.78,10.5,13083.96,17795.87,321530.13,36,2,17240.19,yes,LOW_RISK
51,regular,70082.06,13.4,52377.04,2144.56,90334.9,24,0,19232.44,no,LOW_RISK
50,regular,13083.99,14.7,36966.9,6625.12,154122.3,6,2,29670.33,yes,MEDIUM_RISK
42,self_employed,47674.94,6.8,53890.92,12690.79,29105.39,24,1,17561.65,no,LOW_RISK
59,regular,69957.95,18.2,31063.13,21032.76,96375.81,12,0,9194.7,no,LOW_RISK
46,regular,24890.6,3.7,112878.64,1889.83,37794.03,36,1,37166.19,no,LOW_RISK
24,regular,33836.23,0.3,43829.11,16593.65,87442.13,18,3,22853.43,yes,MEDIUM_RISK
55,regular,10605.73,13.2,58754.8,1311.77,108937.38,12,2,13409.94,no,MEDIUM_RISK
46,regular,37056.39,2.0,52209.21,9480.57,67477.14,18,5,5637.25,yes,MEDIUM_RISK
49,regular,17828.14,14.4,28127.72,8774.05,395393.54,12,2,1566.28,no,HIGH_RISK
46,regular,35713.73,10.3,40678.37,10063.44,189686.38,12,0,31008.94,no,LOW_RISK
45,regular,13559.32,13.2,18726.04,7350.97,157168.94,24,2,8952.46,no,HIGH_RISK
25,regular,43133.84,1.0,107027.21,6259.71,115307.44,24,3,2783.02,yes,LOW_RISK
46,regular,56216.93,7.6,47837.35,23801.01,243936.48,24,1,7770.5,no,LOW_RISK
56,regular,20800.71,15.2,15093.77,11812.71,22123.94,18,0,26395.33,no,MEDIUM_RISK
34,contractual,17123.1,2.4,89828.74,5689.79,181653.24,6,0,8853.64,no,MEDIUM_RISK
48,regular,10000.0,9.0,29427.43,4107.01,30906.11,18,0,26872.59,no,LOW_RISK
22,regular,27638.46,0.8,65263.91,6806.65,42569.28,18,0,11098.34,no,LOW_RISK
36,regular,23239.64,8.6,5095.25,10300.63,99030.87,12,1,19438.24,yes,LOW_RISK
40,regular,13635.48,8.4,78029.51,7225.18,163907.52,36,0,21075.31,yes,MEDIUM_RISK
65,regular,41054.33,4.9,46271.66,17106.54,27363.36,36,3,35508.19,no,MEDIUM_RISK
30,regular,24984.41,2.9,13866.19,13610.53,44255.45,6,0,36454.92,no,MEDIUM_RISK
33,self_employed,17709.14,4.5,45623.36,6264.77,69932.91,24,3,20052.46,yes,MEDIUM_RISK
39,regular,23587.6,2.3,99343.25,8194.94,56521.03,24,1,6876.34,no,MEDIUM_RISK
65,regular,57682.47,12.0,19277.01,11394.89,123335.87,12,2,50896.52,no,LOW_RISK
59,regular,44582.94,7.5,19026.52,18737.99,400000.0,24,0,13123.94,yes,MEDIUM_RISK
22,regular,29791.45,0.2,27748.38,15344.8,89021.49,12,0,25525.37,no,MEDIUM_RISK
31,regular,44981.16,3.4,34895.68,17339.06,37449.37,6,0,26456.78,no,LOW_RISK
57,self_employed,16898.66,4.9,68554.16,2672.89,24581.79,36,2,13677.58,no,MEDIUM_RISK
23,self_employed,32574.82,1.0,48354.34,10725.59,50929.73,24,1,3088.74,yes,MEDIUM_RISK
59,regular,34700.82,5.3,27726.89,15468.43,32111.04,12,2,2181.73,no,MEDIUM_RISK
33,regular,24712.91,5.4,42128.99,13509.31,92300.51,18,4,14749.88,no,HIGH_RISK
62,regular,40659.72,6.2,111257.24,4721.72,91231.8,36,1,6076.74,no,LOW_RISK
34,regular,20832.15,7.0,55139.22,2085.79,45925.07,18,1,43040.56,no,LOW_RISK
40,contractual,42357.15,1.3,30425.94,10890.83,288041.2,36,0,14167.21,no,MEDIUM_RISK
50,regular,43347.9,9.3,27004.05,4295.18,37442.33,36,0,12449.65,yes,LOW_RISK
26,regular,10000.0,1.3,40114.34,5692.36,59430.88,12,2,79479.08,no,MEDIUM_RISK
46,self_employed,61584.12,4.2,67919.17,16219.25,104978.89,24,1,19277.42,no,MEDIUM_RISK
43,regular,10000.0,6.6,16716.25,3234.86,126903.69,24,1,1663.7,yes,MEDIUM_RISK
56,regular,22803.38,17.0,61037.51,3532.2,169451.99,24,0,55180.33,yes,LOW_RISK
65,contractual,56242.76,22.8,29894.68,15580.33,89636.23,12,2,2698.77,no,MEDIUM_RISK
50,regular,26875.85,6.0,33865.92,15361.74,142960.99,6,2,27412.3,no,MEDIUM_RISK
39,regular,14286.77,2.4,176744.27,4268.57,39470.6,12,2,24051.3,yes,LOW_RISK
39,regular,17534.68,7.8,56376.19,611.14,129405.22,24,1,1602.99,yes,LOW_RISK
39,self_employed,56290.97,6.5,20684.4,9197.39,128115.75,24,1,27594.56,no,LOW_RISK
57,regular,11121.81,5.6,46164.38,6318.86,202158.55,24,2,11047.15,yes,HIGH_RISK
35,regular,59541.94,6.5,70502.29,34176.31,18598.12,24,0,32429.79,no,HIGH_RISK
28,regular,31044.75,2.5,56855.95,4525.43,32917.35,12,1,10264.78,no,LOW_RISK
36,regular,16608.56,6.0,2250.97,6118.51,120511.24,6,2,27689.59,no,MEDIUM_RISK
22,contractual,23220.2,0.5,32680.9,1678.81,8898.33,24,1,17478.22,no,MEDIUM_RISK
25,regular,18288.32,1.3,47789.22,6356.89,94009.13,24,0,27615.15,no,MEDIUM_RISK
25,regular,51529.77,0.7,44770.22,5114.66,143917.55,24,0,31916.79,no,LOW_RISK
55,contractual,47873.93,15.0,22295.96,22992.12,42186.73,12,3,15663.01,no,HIGH_RISK
53,self_employed,12431.05,4.2,57610.57,6796.88,47075.13,18,4,13183.36,no,HIGH_RISK
52,regular,25629.92,14.1,78278.62,3207.4,29043.2,36,5,31185.63,no,MEDIUM_RISK
41,self_employed,19905.26,9.4,5519.04,5662.88,43957.66,12,3,11229.36,no,MEDIUM_RISK
53,contractual,65180.89,14.0,4853.27,5613.62,44923.49,6,0,15995.39,no,LOW_RISK
28,regular,15228.69,0.5,45838.97,3297.42,38949.13,24,1,63798.22,no,LOW_RISK
61,contractual,77328.45,7.6,61309.31,5088.5,37379.73,24,4,19472.7,yes,MEDIUM_RISK
43,self_employed,31419.35,6.5,19356.3,5514.11,53044.63,36,0,36475.18,no,LOW_RISK
63,regular,16889.16,15.0,2484.13,9704.9,52565.45,36,5,9442.17,yes,MEDIUM_RISK
27,self_employed,22048.29,3.6,33149.91,1202.33,265067.95,24,2,27338.07,no,MEDIUM_RISK
43,regular,20590.82,5.5,45310.66,10345.5,48363.65,6,0,16413.81,no,MEDIUM_RISK
52,contractual,15874.21,15.6,25787.9,1152.45,84141.5,18,0,13553.47,yes,LOW_RISK
43,unemployed,858.1810786457423,0.0,71817.59,275.43,42170.67,36,0,1381.49,no,HIGH_RISK
41,regular,16287.25,4.9,43128.39,4538.7,41770.5,18,1,6175.82,yes,LOW_RISK
28,self_employed,10000.0,0.6,17401.62,5423.55,18103.57,36,1,7400.17,no,MEDIUM_RISK
38,regular,25969.27,7.6,19211.57,3622.13,20002.61,24,2,15033.52,no,LOW_RISK
31,self_employed,11871.79,1.4,33767.08,1529.38,26288.68,12,0,15439.01,no,LOW_RISK
34,contractual,21158.62,2.5,24234.18,9347.72,74601.45,18,4,39408.96,no,MEDIUM_RISK
51,regular,19408.85,13.6,4434.65,8329.22,145695.31,24,1,15474.15,no,LOW_RISK
49,regular,19817.53,9.2,40184.14,8215.36,17020.0,6,1,29376.43,no,LOW_RISK
48,regular,96184.25,1.6,19701.26,4267.69,43059.36,12,1,16733.87,no,LOW_RISK
37,regular,33008.41,0.9,23024.36,5709.72,23317.85,24,0,41795.73,yes,LOW_RISK
64,regular,36623.49,13.4,11574.13,18016.65,53312.96,12,0,11986.04,no,MEDIUM_RISK
24,regular,12045.81,0.8,101218.96,4342.18,145651.15,12,1,5571.14,no,HIGH_RISK
36,regular,22332.79,2.2,53825.62,8066.76,46489.45,24,1,29380.2,yes,LOW_RISK
26,regular,36022.81,2.1,119451.61,6943.55,62724.34,24,1,30301.54,no,LOW_RISK
36,contractual,18214.99,2.6,25671.68,3152.93,193602.79,18,1,19828.17,no,MEDIUM_RISK
64,contractual,52729.26,15.2,56221.91,29033.0,91634.97,36,0,16833.6,no,MEDIUM_RISK
37,contractual,16514.73,4.1,40760.76,7105.72,36756.62,36,0,30542.41,yes,MEDIUM_RISK
61,regular,27336.82,5.9,18078.72,2727.57,73227.7,18,0,5402.18,no,LOW_RISK
43,self_employed,23182.73,2.7,25435.22,12651.72,34943.26,12,1,26312.71,no,MEDIUM_RISK
52,contractual,35026.76,5.4,53748.06,12270.0,89099.06,24,2,66577.91,yes,MEDIUM_RISK
41,regular,22498.9,1.4,11555.94,4800.12,95668.82,12,1,9760.38,no,LOW_RISK
32,regular,27570.45,2.4,72349.45,6849.24,23313.15,24,0,15268.64,no,LOW_RISK
55,contractual,28102.66,17.5,38057.25,12055.27,74124.74,24,0,53299.42,yes,LOW_RISK
64,regular,21366.46,20.5,65384.18,5062.78,59513.75,18,0,19859.36,no,LOW_RISK
32,regular,41785.0,2.8,45454.47,14554.12,97797.14,24,0,38922.9,yes,LOW_RISK
56,unemployed,1478.2804852883996,0.0,5577.24,622.02,121255.22,24,3,27699.55,no,HIGH_RISK
32,regular,30477.79,4.0,32702.38,4189.36,92988.37,36,1,29766.14,no,LOW_RISK
53,regular,25253.98,15.3,73520.79,13872.84,51779.39,12,0,9155.98,no,HIGH_RISK
56,unemployed,2563.782213995011,0.0,37594.0,579.15,130893.6,36,1,8831.34,no,HIGH_RISK
41,contractual,28107.24,4.2,33425.93,7326.32,33770.59,6,2,34706.99,yes,MEDIUM_RISK
54,regular,27032.84,6.8,37563.54,11196.54,24143.03,24,1,3513.23,yes,LOW_RISK
33,self_employed,33896.62,0.9,3955.86,12366.56,5917.55,36,0,15973.8,no,MEDIUM_RISK
24,self_employed,81357.95,0.8,79209.8,22134.72,61669.01,18,1,30573.14,yes,LOW_RISK
25,regular,15310.52,2.4,1549.21,5930.65,35100.92,6,0,15191.38,yes,LOW_RISK
41,contractual,48869.68,10.6,91531.93,25732.6,87593.18,24,0,16998.09,yes,MEDIUM_RISK
61,regular,11296.49,4.3,24044.31,5311.11,14819.84,24,3,40541.09,no,MEDIUM_RISK
26,regular,36061.87,1.7,48018.98,17430.23,40004.96,12,0,58511.6,no,MEDIUM_RISK
41,contractual,76098.72,5.1,3469.6,13098.46,92489.0,18,1,109444.96,yes,LOW_RISK
52,regular,41867.24,9.4,60804.42,10913.61,30024.39,24,1,54566.08,yes,LOW_RISK
30,contractual,35148.42,3.3,53129.48,11760.68,88352.09,12,3,12174.98,yes,MEDIUM_RISK
53,self_employed,23511.48,2.0,50641.46,1276.79,42803.52,24,0,7463.24,yes,LOW_RISK
34,regular,32551.12,6.6,3233.49,14758.21,63420.11,18,1,12354.53,yes,MEDIUM_RISK
57,contractual,27857.48,19.9,15749.91,5791.71,101570.77,12,0,31020.24,no,LOW_RISK
47,regular,20768.74,10.2,45646.68,3851.1,132818.7,24,3,13710.51,no,LOW_RISK
45,self_employed,27284.11,9.5,77630.26,4709.53,69669.08,12,1,9562.18,yes,LOW_RISK
28,regular,35689.11,2.5,13433.32,6633.13,35299.88,36,0,64207.43,no,MEDIUM_RISK
41,contractual,20984.13,4.6,13832.37,4530.64,46102.08,24,2,13260.39,no,MEDIUM_RISK
59,regular,20538.08,4.9,43275.54,7448.21,104805.24,18,1,28948.22,yes,MEDIUM_RISK
21,regular,15143.96,0.3,165875.13,5314.94,30218.28,18,1,28287.48,yes,HIGH_RISK
55,contractual,39671.56,2.5,18396.45,6769.61,56873.94,18,2,1450.24,no,MEDIUM_RISK
43,contractual,43192.36,10.6,23777.05,6199.54,48665.69,24,2,61173.08,yes,LOW_RISK
53,regular,36348.36,8.6,20636.88,17610.67,60151.47,24,0,4980.0,no,MEDIUM_RISK
50,contractual,54411.73,7.7,29955.8,4407.23,30490.81,24,2,3020.03,no,MEDIUM_RISK
40,unemployed,645.9938375469186,0.0,82209.77,201.58,16206.77,18,2,11741.63,no,MEDIUM_RISK
34,regular,39699.63,7.5,31368.46,12557.33,96057.24,12,0,7590.25,yes,LOW_RISK
49,regular,37820.32,4.0,177057.54,13077.33,133952.58,12,0,53706.39,yes,LOW_RISK
27,regular,30428.78,0.9,36469.48,15734.95,16949.8,24,2,24715.48,no,MEDIUM_RISK
47,self_employed,23897.74,3.6,88087.18,8917.51,85719.63,18,2,10607.06,no,MEDIUM_RISK
25,regular,108150.07,1.9,25442.08,61158.71,146463.24,18,1,2845.57,yes,MEDIUM_RISK
50,regular,24957.21,16.4,9017.99,12709.31,101628.15,18,3,27372.34,no,MEDIUM_RISK
49,regular,22186.93,4.9,31323.47,3286.04,47554.89,18,1,14542.74,yes,LOW_RISK
24,self_employed,40627.34,2.0,51239.16,6608.07,32032.95,24,1,30755.99,no,LOW_RISK
55,regular,36754.32,6.6,15894.0,8072.2,69070.02,24,2,24859.81,no,LOW_RISK
39,contractual,14777.42,7.1,78123.91,3625.39,78274.83,36,1,7889.82,no,MEDIUM_RISK
56,regular,59335.57,2.5,21607.15,19826.82,69842.51,12,2,34223.6,no,MEDIUM_RISK
22,unemployed,6337.070013191229,0.0,11579.35,1000.51,56785.8,24,1,4231.69,no,MEDIUM_RISK
29,regular,17369.64,3.4,154242.52,2645.22,28858.32,6,2,13912.76,no,MEDIUM_RISK
43,regular,61532.6,7.3,15051.81,14753.33,89246.61,24,1,15908.41,yes,LOW_RISK
29,self_employed,45144.0,1.5,21005.62,18040.12,92529.56,24,3,18131.04,no,MEDIUM_RISK
35,self_employed,15962.43,7.0,58001.1,6520.16,75565.8,18,0,3877.59,yes,LOW_RISK
50,regular,85045.5,16.1,24647.6,48209.25,70642.54,24,1,51583.47,yes,MEDIUM_RISK
27,regular,45973.93,2.0,12048.54,6497.43,229023.45,18,0,7867.31,no,LOW_RISK
51,contractual,31821.05,11.4,19066.02,7830.29,40694.92,12,0,25576.38,yes,LOW_RISK
25,self_employed,76734.87,2.2,125127.73,43015.47,169943.09,18,1,82545.1,yes,MEDIUM_RISK
28,regular,34930.13,1.4,52682.75,14304.06,37482.3,6,1,1436.59,no,MEDIUM_RISK
47,regular,31509.54,13.0,61039.92,11209.62,149321.28,36,0,40981.44,yes,LOW_RISK
56,contractual,22255.09,6.8,41569.9,7273.08,163925.64,24,2,19390.42,no,MEDIUM_RISK
28,contractual,44068.87,3.5,47501.96,3152.28,52174.76,24,1,4092.86,yes,LOW_RISK
34,self_employed,41590.32,1.5,22957.02,21683.35,225903.87,36,2,15779.19,no,HIGH_RISK
62,regular,32259.42,8.2,37400.54,12065.92,92403.44,24,1,67723.07,no,LOW_RISK
65,regular,20722.98,14.3,2807.69,7137.35,33664.13,18,0,56094.43,yes,LOW_RISK
47,self_employed,34370.45,8.4,70027.25,11229.69,49095.62,12,0,125066.79,no,LOW_RISK
41,self_employed,30794.82,10.0,22761.18,7561.75,152011.93,12,1,35575.73,yes,LOW_RISK
36,self_employed,15368.58,8.8,9968.14,2613.67,129889.72,36,1,11358.75,yes,LOW_RISK
48,regular,14242.62,2.9,39215.41,6344.05,29395.95,36,1,40370.64,yes,LOW_RISK
47,regular,43666.02,5.0,28075.15,13547.91,58553.7,24,1,8890.89,yes,LOW_RISK
34,contractual,10000.0,3.2,68158.72,486.67,75719.03,12,0,17131.97,yes,MEDIUM_RISK
22,regular,35827.35,0.6,31929.59,8938.99,44419.73,12,1,8969.07,no,LOW_RISK
27,unemployed,4472.81604414115,0.0,18662.68,2418.59,380976.26,36,1,35449.23,no,HIGH_RISK
64,regular,65711.34,21.0,32604.04,15484.35,77450.19,12,3,32814.87,no,LOW_RISK
39,contractual,24393.79,8.3,95541.65,6275.99,62055.44,24,1,9882.44,no,MEDIUM_RISK
42,self_employed,45991.3,1.3,69873.61,17162.97,158780.95,12,2,48294.91,no,MEDIUM_RISK
42,regular,25724.23,6.1,52575.27,12114.08,49426.03,12,1,61069.51,yes,MEDIUM_RISK
56,regular,34065.92,12.9,72166.54,13546.44,138373.7,24,2,11477.43,yes,LOW_RISK
23,contractual,47990.16,0.8,55790.64,23876.55,18607.93,36,3,27837.52,no,HIGH_RISK
24,contractual,24812.07,0.5,13937.2,2299.68,46253.94,24,2,64054.02,no,MEDIUM_RISK
33,regular,55359.1,3.2,61419.75,29812.31,142763.6,18,1,25696.45,yes,MEDIUM_RISK
42,contractual,18526.5,5.6,78659.05,9766.38,211037.44,18,1,13942.54,yes,HIGH_RISK
51,self_employed,37628.51,4.5,81961.69,11872.99,36394.42,36,0,17820.07,no,MEDIUM_RISK
43,regular,53153.7,9.8,10954.41,19858.66,33348.78,24,1,11326.14,no,LOW_RISK
40,regular,46005.3,4.2,21064.29,6764.95,99481.54,18,3,49516.03,no,LOW_RISK
63,regular,91815.45,14.8,18162.73,25375.14,40735.98,24,0,44691.88,no,LOW_RISK
28,regular,21027.78,2.5,25217.23,2975.15,53141.27,12,2,8639.83,no,LOW_RISK
46,regular,14987.31,12.7,48339.06,630.77,125422.88,6,1,10589.03,yes,LOW_RISK
45,regular,18520.01,2.8,38396.44,10547.08,43220.31,36,1,3092.99,no,MEDIUM_RISK
42,contractual,46015.55,2.4,38405.87,7939.09,14884.46,24,1,31219.25,no,MEDIUM_RISK
57,regular,42080.88,7.4,7889.92,14989.61,24497.57,12,0,5156.38,no,LOW_RISK
33,self_employed,33851.29,3.5,20316.93,6605.66,65487.15,12,2,91298.94,no,HIGH_RISK
63,regular,17255.13,8.6,86451.06,4034.97,16067.84,36,2,7593.6,yes,LOW_RISK
35,regular,48789.39,6.5,78407.44,12137.28,52014.21,24,0,1258.14,yes,LOW_RISK
45,contractual,16316.03,4.3,31464.08,3496.13,22881.18,24,2,4897.45,yes,MEDIUM_RISK
44,self_employed,60531.15,2.2,61548.29,23036.33,222369.75,6,2,24987.45,yes,MEDIUM_RISK
59,regular,150000.0,10.0,44923.35,70000.0,329720.13,36,1,17570.7,yes,MEDIUM_RISK
40,regular,39145.44,8.7,66781.3,10402.86,29392.5,36,3,7403.18,no,LOW_RISK
33,regular,44099.36,6.2,63622.01,24930.68,78803.41,24,1,16724.96,no,MEDIUM_RISK
21,regular,24401.95,0.4,33690.35,9694.61,31629.32,12,0,10124.18,no,LOW_RISK
37,regular,11823.85,5.6,52829.95,4302.99,51542.18,24,0,30559.46,no,LOW_RISK
58,regular,22971.18,15.7,47326.81,3684.74,251385.91,24,0,5421.75,no,LOW_RISK
21,regular,17542.8,0.4,34460.35,1133.38,45803.97,24,1,21850.85,no,LOW_RISK
61,regular,14438.29,6.9,28413.13,7198.41,52449.94,36,0,22716.59,yes,LOW_RISK
45,self_employed,82519.44,8.1,113130.63,28526.11,32056.19,24,1,18109.21,yes,LOW_RISK
27,contractual,37181.46,3.0,34496.98,9590.13,153550.47,12,0,27450.71,yes,LOW_RISK
34,regular,39431.46,2.9,58669.17,18792.33,5623.4,18,0,16541.63,no,MEDIUM_RISK
45,regular,26998.29,9.4,107008.78,5421.78,46632.11,24,0,35124.81,yes,MEDIUM_RISK
35,regular,29097.63,4.4,52761.21,13413.7,62801.11,12,3,18093.88,yes,MEDIUM_RISK
25,regular,54393.18,1.5,50926.49,11443.24,39590.11,12,2,51283.63,no,MEDIUM_RISK
50,contractual,31435.9,2.9,34667.86,16864.88,124219.03,24,1,21743.91,no,HIGH_RISK
51,self_employed,42846.23,11.9,48006.5,7600.14,160117.47,18,1,48709.41,no,LOW_RISK
26,self_employed,28729.76,2.9,26334.82,3035.44,22541.49,24,0,10344.88,no,LOW_RISK
33,unemployed,2631.0440439872923,0.0,192963.2,1089.13,312468.06,12,1,6257.21,no,HIGH_RISK
31,unemployed,4686.93547163252,0.0,8116.9,560.4,22352.61,12,2,34902.81,no,MEDIUM_RISK
50,self_employed,10783.03,2.2,30002.42,5953.85,170862.7,12,0,18415.54,yes,MEDIUM_RISK
53,regular,27712.31,2.1,53441.14,10823.19,72730.3,24,1,586.06,no,MEDIUM_RISK
53,regular,33009.95,18.0,50962.38,5181.68,44549.97,24,3,8438.73,no,LOW_RISK
63,regular,15774.02,12.8,26293.85,2284.87,47816.08,18,2,25097.32,yes,LOW_RISK
55,regular,31398.96,8.0,4925.13,16896.76,63386.61,18,0,16909.89,no,MEDIUM_RISK
35,regular,32960.17,2.8,9808.79,12008.11,75997.52,12,0,8013.51,no,LOW_RISK
25,self_employed,10000.0,2.7,40647.28,5215.55,32598.67,24,2,18267.64,no,HIGH_RISK
48,contractual,19344.68,4.9,3105.09,1753.09,54539.89,36,2,21236.51,no,MEDIUM_RISK
62,regular,40034.08,17.3,56402.04,21577.0,36466.09,24,0,1941.71,yes,LOW_RISK
64,regular,39591.65,8.4,83337.45,12512.04,26130.42,12,3,47630.48,yes,LOW_RISK
31,regular,16966.06,0.9,64288.53,6746.25,35212.58,24,3,56552.0,yes,LOW_RISK
31,regular,34913.81,4.3,74148.83,8207.59,27437.38,12,3,8386.44,no,MEDIUM_RISK
22,self_employed,56151.86,0.1,3299.93,3511.02,47430.77,6,2,80413.55,no,MEDIUM_RISK
27,contractual,49064.02,2.7,27245.74,27323.01,89904.09,12,1,17064.05,no,MEDIUM_RISK
45,contractual,30366.16,4.4,12810.67,17522.16,71159.23,12,0,9518.42,no,MEDIUM_RISK
45,regular,24738.21,10.6,6132.26,5702.18,285758.16,12,1,9199.24,no,MEDIUM_RISK
37,regular,22637.24,7.4,22350.73,12430.73,12385.76,24,0,76348.08,yes,LOW_RISK
34,regular,41389.9,5.8,105122.33,5059.89,92424.58,12,2,5564.01,yes,LOW_RISK
58,contractual,35624.84,2.4,126233.0,4099.58,65313.74,24,0,21661.44,no,LOW_RISK
41,contractual,45236.67,8.4,14663.91,3176.13,119837.9,36,2,24158.99,no,MEDIUM_RISK
57,regular,34407.22,20.2,36603.64,8436.59,111245.13,24,1,35102.92,yes,LOW_RISK
64,self_employed,50202.06,7.5,47466.64,2950.19,57434.4,18,1,20073.61,no,LOW_RISK
35,regular,33708.9,2.8,27423.87,8328.17,73985.99,24,1,72137.92,no,LOW_RISK
30,self_employed,49269.97,4.6,87758.45,5228.27,37200.99,12,0,82829.13,yes,LOW_RISK
63,regular,51660.24,5.6,22674.38,22306.39,102991.58,18,0,59758.88,no,LOW_RISK
49,regular,20557.92,11.0,19241.43,10039.45,15882.7,18,1,26365.87,no,MEDIUM_RISK
34,self_employed,11837.31,6.0,15494.2,4833.16,116397.04,24,0,41415.6,no,LOW_RISK
48,regular,74787.96,1.9,27250.2,10490.64,63880.06,24,0,13726.07,yes,LOW_RISK
44,regular,36851.57,7.8,618.83,16648.31,45109.4,24,2,49065.61,yes,MEDIUM_RISK
61,regular,12463.05,13.9,28433.86,2084.13,54597.46,24,2,10152.9,yes,LOW_RISK
32,regular,21609.55,2.4,38517.46,9675.0,57684.59,24,0,6819.53,no,LOW_RISK
65,contractual,48923.94,22.0,40568.63,16735.35,171977.75,24,2,6585.97,no,MEDIUM_RISK
63,self_employed,27437.58,5.6,11979.52,6357.06,400000.0,36,1,31236.12,no,MEDIUM_RISK
29,self_employed,24145.6,2.1,39928.93,1833.15,162274.67,18,3,65415.39,no,MEDIUM_RISK
28,regular,69146.05,3.8,39243.3,33544.84,42537.79,36,2,69525.73,yes,MEDIUM_RISK
44,regular,17988.42,3.5,39969.67,9836.23,104242.89,36,2,43538.09,no,HIGH_RISK
23,regular,20630.11,1.4,65239.22,8174.78,107703.72,18,1,6270.09,yes,HIGH_RISK
34,regular,35945.3,1.3,11431.99,20147.26,32476.5,6,0,108206.95,yes,HIGH_RISK
40,regular,39665.67,5.9,27720.35,21568.66,25249.03,12,0,3987.12,no,MEDIUM_RISK
64,self_employed,42044.33,3.9,4473.71,5761.53,61987.12,24,0,2010.91,no,LOW_RISK
65,self_employed,52821.42,17.5,60700.69,22827.66,119124.36,12,2,44272.38,no,MEDIUM_RISK
27,contractual,35692.98,3.1,13510.09,7928.04,19405.01,18,1,12875.72,no,MEDIUM_RISK
61,regular,41883.71,19.5,73000.1,12486.98,37853.14,24,1,12093.09,yes,LOW_RISK
25,regular,27748.2,2.7,74934.08,3227.98,99870.67,36,1,8234.43,yes,LOW_RISK
54,regular,33122.74,13.1,30207.86,18751.73,67066.19,24,2,9937.86,yes,MEDIUM_RISK
59,regular,33949.69,16.9,28823.96,14577.17,188028.3,24,2,45879.46,no,MEDIUM_RISK
61,regular,36018.76,12.4,7263.65,6368.1,22552.86,18,2,6559.7,no,LOW_RISK
31,regular,48941.85,5.6,35607.28,11467.54,379369.62,12,2,16422.08,yes,LOW_RISK
61,regular,43426.33,15.2,64807.68,11393.58,20509.6,24,0,5731.05,no,LOW_RISK
26,self_employed,32787.76,3.0,44155.19,14464.11,14189.67,12,1,20897.02,no,MEDIUM_RISK
44,regular,20505.98,4.0,95593.33,11055.46,62190.53,24,0,11879.37,no,MEDIUM_RISK
42,self_employed,33213.46,6.6,24870.81,6868.28,27758.53,36,1,28948.31,yes,LOW_RISK
35,regular,31510.67,6.2,24840.61,9134.16,63137.86,24,0,32373.13,yes,LOW_RISK
21,regular,35587.19,0.2,14509.22,12678.44,61503.38,24,1,66284.06,no,MEDIUM_RISK
55,regular,107697.33,5.4,143095.7,26530.07,56123.61,24,2,102957.74,no,LOW_RISK
36,regular,23990.57,8.6,7178.7,7372.3,34555.92,24,0,9250.06,yes,LOW_RISK
50,regular,40366.28,8.0,61284.38,3557.85,89916.31,18,1,35666.98,yes,LOW_RISK
39,regular,57592.37,2.7,65831.2,7038.99,51233.03,18,2,11655.91,no,HIGH_RISK
37,self_employed,33772.17,3.7,63708.84,8463.5,148730.5,12,2,31552.47,no,HIGH_RISK
60,regular,115763.66,9.9,15812.69,61727.09,56775.68,24,2,30391.51,yes,MEDIUM_RISK
25,contractual,25992.66,1.8,30192.75,5774.19,31528.81,12,0,29563.97,no,MEDIUM_RISK
54,regular,38243.93,17.4,54658.62,6401.5,18331.2,18,0,38043.75,no,LOW_RISK
54,regular,20622.71,18.5,19589.03,9044.59,57128.62,24,1,22170.57,yes,LOW_RISK
38,regular,26374.49,6.8,26552.64,14559.29,25090.36,6,2,12931.15,yes,MEDIUM_RISK
32,regular,36695.33,4.8,19924.91,10367.09,23615.8,24,1,21125.04,no,LOW_RISK
21,unemployed,7312.569921451492,0.0,37695.21,253.99,96542.2,12,2,97202.17,no,LOW_RISK
63,self_employed,38139.03,20.6,35639.36,15579.11,17135.2,12,2,10467.09,yes,MEDIUM_RISK
63,contractual,63959.44,6.8,108191.08,16519.66,187453.78,6,1,14029.2,no,MEDIUM_RISK
31,regular,30371.51,1.1,55600.68,12163.94,73271.71,12,4,8458.11,no,MEDIUM_RISK
22,regular,26656.77,1.1,9404.06,4871.37,62897.43,36,1,1413.0,no,MEDIUM_RISK
26,self_employed,141588.89,2.9,10308.66,4435.2,29913.59,36,1,17924.02,yes,MEDIUM_RISK
24,regular,39748.28,0.8,62124.66,8723.67,115314.88,24,0,33438.6,yes,LOW_RISK
58,regular,21542.36,14.7,35314.75,8996.86,64858.54,24,0,6921.89,yes,LOW_RISK
61,regular,21843.23,11.6,137127.77,5378.07,38854.15,24,0,58414.81,no,LOW_RISK
27,self_employed,19053.71,1.5,136850.46,2868.46,75509.3,36,0,28174.55,no,MEDIUM_RISK
54,contractual,53562.49,6.6,14422.02,15276.22,18399.03,18,0,46230.06,no,LOW_RISK
29,contractual,26188.71,1.1,44706.98,11622.33,19065.72,6,2,25851.32,yes,MEDIUM_RISK
37,self_employed,34321.96,5.5,10456.35,3284.21,28057.27,24,2,16343.17,no,LOW_RISK
47,regular,30901.54,7.4,61319.34,12683.96,84481.51,36,1,13248.44,no,LOW_RISK
53,self_employed,47849.31,10.1,119504.54,18998.05,64841.35,12,1,24878.02,no,MEDIUM_RISK
60,regular,20086.07,6.3,39760.37,4698.25,142753.84,18,3,26953.55,yes,LOW_RISK
23,contractual,17710.74,1.6,24070.07,9983.28,32602.69,12,2,11315.11,no,HIGH_RISK
29,regular,36201.46,3.3,48479.33,18900.34,100021.8,18,0,15937.9,yes,MEDIUM_RISK
33,unemployed,3623.517285331046,0.0,71279.36,738.79,59679.25,24,1,83294.45,yes,HIGH_RISK
34,regular,38421.94,1.5,71642.35,1809.68,32043.79,12,1,21493.57,no,LOW_RISK
65,regular,20502.29,16.3,24318.85,4091.59,86779.29,36,2,23587.32,yes,LOW_RISK
55,regular,46448.89,16.6,19115.51,6623.48,61860.29,24,1,68261.71,yes,LOW_RISK
35,regular,21255.43,3.2,42772.67,7035.3,40550.49,6,3,27271.34,no,LOW_RISK
64,regular,24020.07,6.5,25840.06,12858.17,67080.04,24,2,19023.65,yes,MEDIUM_RISK
43,contractual,19040.37,4.2,87781.99,9685.56,58982.42,24,6,45154.23,no,MEDIUM_RISK
43,regular,65455.66,4.3,25558.11,12973.71,57923.39,18,1,37112.68,no,LOW_RISK
40,self_employed,45336.74,5.5,37388.91,12047.27,47700.53,18,0,24135.93,no,MEDIUM_RISK
27,regular,44633.39,1.5,47515.15,2236.05,24426.68,24,0,26059.22,yes,LOW_RISK
63,contractual,63542.07,8.0,7509.74,20923.76,68748.94,18,1,14465.68,no,MEDIUM_RISK
21,regular,150000.0,0.4,20721.79,9727.86,35600.21,12,0,5214.82,no,LOW_RISK
28,contractual,12499.16,0.6,132855.2,6827.46,30239.25,12,0,32695.72,yes,HIGH_RISK
31,contractual,21319.64,2.4,69015.09,10805.08,54264.07,12,3,2875.1,no,HIGH_RISK
33,regular,22801.8,5.1,25245.59,3370.18,112720.03,24,0,5518.53,no,LOW_RISK
26,self_employed,20041.1,0.8,61513.75,8310.1,74708.76,12,1,15726.05,yes,MEDIUM_RISK
21,regular,17691.16,0.2,86716.77,6057.65,43642.46,24,3,14180.63,yes,MEDIUM_RISK
51,regular,27137.78,4.7,28956.36,12775.02,42346.16,18,0,35775.08,no,HIGH_RISK
64,contractual,16388.89,2.2,66533.29,4779.14,104715.51,24,1,43906.24,no,MEDIUM_RISK
26,self_employed,38475.02,1.7,59508.45,5212.39,10770.76,18,2,92416.66,no,HIGH_RISK
34,regular,32922.95,1.0,10653.17,12573.73,118203.89,36,0,2236.8,yes,LOW_RISK
43,regular,41691.68,4.3,29099.08,3091.61,15940.7,36,1,29429.64,yes,LOW_RISK
62,self_employed,42308.44,23.0,110262.9,14872.41,22484.62,12,3,28385.32,no,MEDIUM_RISK
52,contractual,44584.65,16.3,130169.83,6553.39,44198.37,24,0,25329.33,no,LOW_RISK
55,unemployed,6808.922670617166,0.0,69446.36,2769.29,330954.33,12,3,32683.13,yes,HIGH_RISK
47,regular,102756.77,5.5,20053.57,49880.58,228709.31,24,1,38780.61,no,MEDIUM_RISK
39,contractual,36403.79,5.4,1949.43,3285.03,110415.78,24,2,59878.85,yes,LOW_RISK
29,regular,11488.76,4.2,17499.85,2873.89,84927.17,12,1,26022.24,yes,LOW_RISK
59,self_employed,18438.29,17.6,9066.15,7991.83,16081.66,12,0,74597.55,no,LOW_RISK
57,regular,12285.99,4.2,116181.66,1474.77,73109.32,18,0,26193.1,yes,LOW_RISK
22,contractual,32306.55,0.2,4319.83,11035.53,43054.69,24,2,12255.62,no,MEDIUM_RISK
53,regular,29926.46,8.5,10991.48,11955.96,35229.55,24,0,24112.58,yes,LOW_RISK
24,regular,24732.09,1.9,42051.63,5568.1,73002.2,6,0,7677.88,no,LOW_RISK
54,contractual,96712.75,16.7,35102.94,47156.19,45652.34,12,0,8153.05,yes,MEDIUM_RISK
58,regular,43279.39,3.9,106352.02,13453.92,124756.26,18,1,17075.72,no,MEDIUM_RISK
26,self_employed,47707.57,2.0,56679.28,17883.05,15217.12,24,0,14770.31,no,MEDIUM_RISK
40,regular,19175.73,2.6,31017.37,2061.01,68761.63,12,0,58565.56,yes,LOW_RISK
26,contractual,18471.08,2.4,88975.35,789.42,33618.09,12,2,16866.01,no,MEDIUM_RISK
46,regular,32654.38,13.2,24586.89,1891.07,47806.44,36,2,6428.28,no,LOW_RISK
62,regular,35194.5,11.7,112665.04,18552.99,81683.91,18,2,20180.03,yes,MEDIUM_RISK
24,regular,11527.83,0.4,15187.89,5942.06,28117.9,24,2,25960.0,no,MEDIUM_RISK
38,regular,28978.87,6.1,34011.3,13741.06,73520.29,18,0,22257.47,no,MEDIUM_RISK
64,regular,32248.63,11.2,2528.73,4507.93,55430.7,18,2,6040.61,no,LOW_RISK
34,contractual,28428.83,6.4,72194.88,9068.86,39604.67,24,0,63655.06,yes,LOW_RISK
26,contractual,20457.94,1.3,40105.2,9571.54,45670.74,12,0,1846.93,yes,MEDIUM_RISK
42,contractual,23783.49,10.7,112883.01,9538.8,57885.87,12,2,21943.08,yes,MEDIUM_RISK
43,regular,29033.88,4.3,28162.83,2715.73,36543.74,36,2,5791.86,yes,LOW_RISK
50,regular,33638.66,3.9,7371.66,17577.8,65346.78,36,0,47313.73,yes,MEDIUM_RISK
35,regular,44628.44,3.0,51095.74,5282.91,52760.08,24,0,29543.52,no,HIGH_RISK
64,contractual,57986.3,3.0,21316.85,7218.58,41096.6,12,1,25958.83,yes,LOW_RISK
44,self_employed,27217.08,4.6,64520.15,14304.07,214169.75,6,0,15622.13,yes,MEDIUM_RISK
33,regular,24899.56,4.9,15524.19,7383.7,88749.45,12,2,59331.28,yes,LOW_RISK
64,contractual,40708.89,5.3,98631.81,9570.27,48781.6,36,2,15582.8,yes,MEDIUM_RISK
62,regular,44777.27,4.4,37366.46,14978.5,72514.21,24,1,79745.18,no,MEDIUM_RISK
43,regular,25202.06,2.7,31123.87,14359.34,30092.39,18,0,7880.73,yes,MEDIUM_RISK
22,regular,49424.8,0.2,93866.35,4734.74,46843.33,36,0,20310.83,no,LOW_RISK
47,regular,54844.83,13.2,73007.06,24478.45,51127.84,12,2,37898.83,no,MEDIUM_RISK
45,contractual,65115.55,13.1,17811.28,13926.86,25515.65,24,1,31346.4,yes,LOW_RISK
27,self_employed,85098.75,0.5,71417.42,8031.37,86912.58,12,0,18827.74,no,LOW_RISK
49,regular,19869.92,12.5,60604.48,5207.18,44486.14,12,0,2297.07,yes,LOW_RISK
58,regular,32245.55,15.9,32689.09,10699.53,49788.66,36,1,23348.03,no,LOW_RISK
25,contractual,32199.1,2.7,67103.9,4613.45,42429.65,36,1,13757.23,no,MEDIUM_RISK
53,self_employed,30319.63,7.4,98310.82,7667.78,400000.0,12,1,10574.69,no,MEDIUM_RISK
27,contractual,22390.6,1.3,33537.11,8499.96,39544.47,12,1,39796.93,yes,MEDIUM_RISK
54,regular,14135.32,9.4,33636.6,4905.61,13775.33,24,1,1582.72,no,LOW_RISK
39,contractual,33673.45,9.1,32062.58,14403.43,19578.62,6,0,19497.28,yes,LOW_RISK
21,regular,20970.99,0.4,17095.64,10276.26,114877.26,24,1,31556.1,no,LOW_RISK
64,unemployed,5294.416991445785,0.0,33235.26,1350.22,177102.17,24,1,40146.64,no,HIGH_RISK
28,regular,20676.79,1.4,30097.2,5430.39,38979.64,12,1,23046.25,yes,LOW_RISK
47,contractual,17477.67,11.2,28561.78,5298.89,169626.6,12,2,12442.39,no,HIGH_RISK
29,regular,36401.14,4.3,28177.82,12430.78,113361.27,12,1,58641.44,no,MEDIUM_RISK
62,regular,34769.58,10.5,10958.16,3114.57,56389.17,36,0,61805.76,yes,LOW_RISK
54,self_employed,44006.66,13.1,78604.75,8887.12,53466.35,18,1,27182.33,no,LOW_RISK
57,contractual,106480.4,9.3,20689.89,13261.12,74443.46,24,2,69225.69,no,MEDIUM_RISK
40,regular,37272.1,5.8,102370.7,9028.01,125521.76,12,0,7861.69,yes,LOW_RISK
42,self_employed,41784.73,6.9,13746.25,23622.78,87562.97,24,1,17711.76,no,MEDIUM_RISK
49,self_employed,17691.37,12.7,119622.2,6200.86,39125.76,12,1,534.67,no,MEDIUM_RISK
56,regular,15767.28,19.4,25706.36,4196.62,57038.81,6,2,5281.3,no,LOW_RISK
59,regular,76423.64,10.6,72077.09,26080.74,287244.81,24,0,4689.9,yes,LOW_RISK
21,regular,19255.99,0.2,39780.97,7663.73,78476.37,24,0,31387.66,no,LOW_RISK
50,contractual,18021.52,7.1,9312.09,4851.83,124758.68,12,1,5770.01,no,MEDIUM_RISK
25,regular,31319.21,0.6,9902.75,8651.63,97446.26,12,0,9688.96,no,LOW_RISK
33,regular,30451.34,2.6,19051.15,12660.77,79790.59,36,1,11109.84,yes,LOW_RISK
58,self_employed,19479.4,3.5,24380.45,1236.44,70521.06,12,2,4012.6,no,MEDIUM_RISK
32,self_employed,27058.48,3.2,34465.08,8849.32,127412.55,12,1,21438.79,no,MEDIUM_RISK
56,self_employed,62921.79,4.8,47142.01,20829.02,111426.92,18,2,25230.68,yes,MEDIUM_RISK
41,unemployed,2502.666357480207,0.0,30669.61,1116.72,79226.23,12,2,2745.42,no,HIGH_RISK
31,contractual,14868.07,4.9,45114.15,8481.56,38631.4,24,1,35682.99,no,HIGH_RISK
36,contractual,53740.26,2.8,51271.56,25132.45,86795.64,24,2,7227.96,no,HIGH_RISK
44,contractual,41950.87,8.5,29472.43,12882.43,61814.09,18,1,10920.17,no,MEDIUM_RISK
55,regular,22747.4,17.5,59836.84,2802.46,51583.16,24,0,29749.76,yes,LOW_RISK
48,regular,13403.88,9.3,70494.04,4738.86,400000.0,18,2,11027.22,no,HIGH_RISK
62,regular,21246.52,6.2,52323.5,10386.67,20493.32,24,1,5388.61,yes,LOW_RISK
60,contractual,31051.54,8.9,54711.31,16855.64,133389.3,6,1,20275.86,no,MEDIUM_RISK
54,regular,60755.37,11.7,41887.77,29400.78,34034.82,12,4,47768.83,yes,HIGH_RISK
48,regular,18094.64,8.5,83782.42,2423.46,71721.02,24,3,43102.58,yes,LOW_RISK
34,contractual,30546.5,1.7,35153.97,12888.08,400000.0,12,1,9919.08,no,HIGH_RISK
39,regular,46389.14,5.2,19391.45,23847.97,31582.73,6,3,6609.88,no,HIGH_RISK
26,regular,10000.0,1.9,36054.41,4045.59,37768.78,12,0,8375.08,yes,LOW_RISK
37,self_employed,56504.39,3.1,9503.22,23006.53,64151.79,24,3,43486.0,yes,MEDIUM_RISK
62,self_employed,16699.66,15.0,8211.48,5094.89,34431.59,12,2,8214.26,no,MEDIUM_RISK
40,regular,38410.6,1.7,70750.28,14608.97,126144.68,24,0,66575.85,no,LOW_RISK
26,regular,36649.93,1.3,103582.48,7033.47,43531.73,24,1,29417.62,yes,LOW_RISK
50,regular,58105.39,13.6,26448.05,4581.35,106154.39,24,2,18125.27,no,LOW_RISK
64,self_employed,43325.63,7.9,71264.43,21023.47,23986.6,12,0,9739.54,yes,MEDIUM_RISK
60,self_employed,10000.0,14.1,3601.23,5487.29,16764.5,24,4,20540.11,no,HIGH_RISK
33,regular,20782.42,3.3,52454.49,10417.24,54742.95,12,2,5344.49,yes,MEDIUM_RISK
41,contractual,34527.25,4.4,35275.92,7376.83,20045.53,36,0,2884.26,yes,LOW_RISK
44,regular,28745.95,12.2,116006.12,2341.12,202976.25,24,0,29666.48,no,LOW_RISK
32,regular,41613.38,2.7,31153.12,7660.03,20635.95,6,1,18046.93,yes,LOW_RISK
33,unemployed,1479.4085333199932,0.0,12681.78,730.18,29848.13,24,2,36799.77,no,HIGH_RISK
31,regular,44718.37,5.6,6892.39,17471.38,88641.68,18,0,24490.86,yes,LOW_RISK
65,regular,28442.51,19.0,36030.56,15975.64,41871.87,18,1,9562.34,yes,MEDIUM_RISK
54,regular,11591.25,13.3,41818.78,2532.39,20813.39,18,2,43061.93,no,LOW_RISK
58,contractual,24908.8,2.8,29501.72,8302.34,300173.42,24,1,10868.12,no,HIGH_RISK
57,self_employed,40235.05,4.3,72474.04,18690.03,30666.23,24,1,53366.13,yes,MEDIUM_RISK
64,unemployed,2732.2438643494834,0.0,95557.17,433.59,56103.26,36,2,10500.88,no,HIGH_RISK
25,regular,45283.24,0.8,26185.7,25369.91,55561.63,12,1,3647.64,yes,MEDIUM_RISK
60,regular,52738.84,6.5,4638.07,18765.47,110732.69,24,1,61233.63,no,LOW_RISK
23,self_employed,34312.6,1.3,45327.39,1178.42,91941.42,24,1,10110.83,yes,LOW_RISK
42,regular,10000.0,4.2,85030.45,438.34,34962.86,24,1,10914.34,no,MEDIUM_RISK
47,self_employed,15843.94,2.3,26292.24,8163.1,50907.84,18,1,3880.76,yes,MEDIUM_RISK
37,contractual,90300.22,1.2,54703.83,34756.99,54827.69,18,2,16631.61,no,MEDIUM_RISK
27,regular,23692.06,1.9,11695.61,10654.08,113989.56,24,1,4603.22,no,MEDIUM_RISK
29,self_employed,10745.18,3.2,44438.31,4955.77,27062.41,12,2,58419.21,no,MEDIUM_RISK
58,regular,63125.32,18.4,55494.55,16491.67,295293.62,12,1,12752.33,yes,LOW_RISK
35,regular,32235.92,1.6,45460.54,15126.26,36781.67,24,1,6766.64,yes,MEDIUM_RISK
34,regular,58759.52,2.1,138260.98,32061.71,64574.86,12,1,19587.32,yes,MEDIUM_RISK
62,regular,37265.32,13.2,102672.61,4646.77,27232.07,6,1,101185.42,no,LOW_RISK
27,contractual,41179.62,1.6,62645.99,18542.15,24551.38,6,1,20445.77,yes,MEDIUM_RISK
62,contractual,39071.41,12.2,79182.17,7786.37,33736.02,24,0,14651.68,no,LOW_RISK
62,unemployed,2632.209343259074,0.0,44186.43,544.4,31390.17,36,0,19145.57,yes,HIGH_RISK
47,unemployed,7191.967035959456,0.0,33959.38,1848.44,47641.04,18,1,38386.14,no,MEDIUM_RISK
28,regular,54586.65,2.1,23800.49,27568.75,31192.06,12,2,35494.43,no,LOW_RISK
28,regular,13417.36,4.4,11421.08,565.28,109513.91,24,0,23827.91,no,MEDIUM_RISK
33,contractual,40911.03,1.1,106138.31,10991.13,36130.93,12,0,44537.11,no,MEDIUM_RISK
46,unemployed,4628.873998032151,0.0,142101.44,1870.19,33249.03,36,0,20188.0,no,HIGH_RISK
27,regular,62005.39,2.1,36768.51,5625.66,48407.78,24,2,15914.27,no,LOW_RISK
41,regular,25307.56,6.3,37307.11,11786.73,136867.93,12,0,19771.54,no,MEDIUM_RISK
26,regular,60731.07,3.1,57317.53,33283.45,76366.52,18,1,10572.12,no,MEDIUM_RISK
45,regular,53303.09,7.6,31277.71,4265.0,60317.37,12,2,39074.98,no,MEDIUM_RISK
21,contractual,131712.37,0.3,13076.51,15031.21,22189.16,24,2,10022.57,yes,MEDIUM_RISK
52,regular,21183.76,6.0,9176.58,11984.79,27587.31,12,2,26062.09,no,MEDIUM_RISK
23,self_employed,24207.57,1.1,138569.84,3360.51,24917.74,36,2,8271.05,no,MEDIUM_RISK
29,self_employed,27041.44,3.0,5606.36,1985.3,173213.63,24,1,36208.83,yes,LOW_RISK
28,self_employed,24437.37,1.3,46869.27,13531.12,96767.35,36,1,18210.74,yes,MEDIUM_RISK
58,regular,19613.63,15.4,6611.3,10217.57,34061.64,36,0,38831.12,no,LOW_RISK
23,regular,10000.0,1.1,32641.09,3906.49,42568.24,12,1,1300.81,yes,LOW_RISK
40,contractual,25195.14,5.0,26065.2,8397.21,35002.51,18,1,9936.93,no,MEDIUM_RISK
47,self_employed,39208.08,1.4,8029.59,20998.98,33447.98,24,2,6500.41,no,HIGH_RISK
44,regular,24397.09,6.6,58885.77,9527.94,91800.07,12,0,116406.91,yes,LOW_RISK
51,self_employed,92776.7,1.6,12111.11,36379.43,52391.01,6,2,11857.28,yes,MEDIUM_RISK
57,regular,32236.28,3.2,6791.76,15925.59,309594.41,12,0,2792.18,yes,LOW_RISK
38,self_employed,65092.01,4.8,63995.45,25339.35,166028.11,12,0,25623.74,yes,LOW_RISK
58,regular,36948.21,3.5,26170.35,11343.92,173555.52,36,0,5826.12,no,LOW_RISK
35,regular,50413.55,2.8,17371.04,12318.39,107544.53,18,0,42260.34,no,LOW_RISK
65,regular,37312.14,17.0,67040.85,11444.52,47341.77,24,1,48227.68,no,LOW_RISK
43,regular,67936.09,4.7,11448.93,21560.42,101771.53,36,0,6578.98,yes,LOW_RISK
54,regular,32999.83,18.7,4817.01,7539.06,50037.0,12,2,8554.81,no,LOW_RISK
60,regular,42039.19,20.3,90931.39,11622.37,220764.01,24,2,23511.67,yes,HIGH_RISK
56,regular,39142.9,12.3,125025.26,18437.46,88022.88,6,0,43300.46,no,MEDIUM_RISK
59,contractual,27307.98,20.8,31891.7,7075.02,79135.18,12,3,26043.07,yes,MEDIUM_RISK
45,regular,39983.87,12.1,31520.59,1761.6,71499.59,12,2,11878.09,no,LOW_RISK
22,contractual,109360.34,0.4,69995.19,20303.91,239747.69,12,1,3680.21,no,MEDIUM_RISK
43,self_employed,27577.98,9.8,84292.5,4342.37,22177.42,18,0,71324.19,yes,LOW_RISK
29,regular,40303.63,1.1,12923.79,18800.44,258037.04,18,2,26610.11,no,HIGH_RISK
61,regular,63912.46,16.1,27349.09,17710.86,56530.03,12,1,83327.16,yes,LOW_RISK
31,self_employed,59911.9,3.3,43939.98,11034.02,22641.3,6,1,30093.11,yes,LOW_RISK
31,self_employed,32206.87,0.6,66943.29,15326.85,36974.55,24,1,75069.19,no,MEDIUM_RISK
32,regular,10000.0,2.2,61596.56,405.69,18845.64,6,1,7675.42,no,MEDIUM_RISK
49,self_employed,42517.78,15.3,54148.52,5350.35,106126.29,24,2,8364.7,yes,LOW_RISK
46,regular,10000.0,5.4,84130.18,4848.25,29834.56,36,0,15306.66,yes,MEDIUM_RISK
63,regular,71822.76,6.1,33915.81,23906.81,73765.27,24,1,6966.67,yes,LOW_RISK
39,contractual,35126.17,2.7,106843.64,16000.23,152177.87,24,2,2151.84,no,HIGH_RISK
33,regular,55454.15,3.8,21364.47,27227.81,39266.61,24,2,9408.11,no,MEDIUM_RISK
23,contractual,19483.63,1.4,62346.43,10678.59,53160.17,24,0,29721.09,yes,MEDIUM_RISK
21,regular,13624.32,0.4,24384.04,883.99,24455.68,36,1,4339.18,yes,LOW_RISK
37,contractual,36934.68,4.6,32302.18,17343.75,48575.51,36,0,5031.38,no,MEDIUM_RISK
62,regular,31414.01,6.5,36855.53,13188.27,400000.0,18,1,10099.2,no,MEDIUM_RISK
44,regular,24419.66,1.8,23124.57,3513.11,116493.69,24,1,6053.91,yes,LOW_RISK
61,regular,33525.27,11.5,86875.05,18185.32,53294.84,24,1,10745.65,no,MEDIUM_RISK
25,regular,146617.28,2.3,25493.09,36993.16,41084.1,6,1,16472.34,yes,MEDIUM_RISK
25,contractual,50639.15,2.1,35267.72,26240.49,62954.5,18,2,4757.01,yes,HIGH_RISK
58,regular,56994.81,9.7,56801.49,20678.43,71659.47,24,2,10360.62,no,MEDIUM_RISK
25,regular,50901.95,1.7,182048.7,16273.93,47469.39,24,1,17972.1,no,MEDIUM_RISK
23,regular,72200.0,0.8,58433.79,8500.7,96730.78,12,3,7308.37,yes,LOW_RISK
39,regular,28823.66,6.5,37960.24,15359.56,31794.76,12,1,3678.34,no,MEDIUM_RISK
62,self_employed,10335.84,13.0,3756.16,3474.54,31677.18,12,1,7968.38,no,MEDIUM_RISK
52,regular,28847.22,12.5,31556.68,962.08,85801.27,24,0,12604.0,no,LOW_RISK
25,unemployed,5535.219437130359,0.0,19435.19,221.72,27055.92,36,2,1968.1,no,HIGH_RISK
58,regular,18771.61,19.8,27023.17,8591.73,112297.34,36,3,30119.96,no,MEDIUM_RISK
58,contractual,29041.76,10.0,23916.67,3457.86,64307.54,12,0,13325.58,no,HIGH_RISK
57,regular,21873.21,2.1,56357.23,7859.18,16501.57,12,0,8020.06,yes,MEDIUM_RISK
61,regular,73101.73,6.9,30973.55,29576.6,70563.4,24,1,2532.82,no,LOW_RISK
31,self_employed,48324.43,3.3,15185.1,8874.83,18366.48,24,3,26834.81,yes,LOW_RISK
65,unemployed,2885.256562049155,0.0,72236.28,990.0,109334.15,18,2,48620.65,no,HIGH_RISK
35,self_employed,45042.96,4.9,10163.65,7303.37,53938.88,18,0,9852.08,yes,LOW_RISK
57,regular,31351.08,15.1,36508.64,17257.94,260525.42,12,0,77777.09,no,MEDIUM_RISK
47,regular,35672.92,5.1,31755.34,17946.82,145165.13,24,2,17162.15,no,MEDIUM_RISK
56,contractual,16674.56,13.8,47980.43,3141.88,29337.54,24,0,17783.59,yes,MEDIUM_RISK
49,regular,10000.0,11.7,84784.64,3208.48,14279.61,12,1,37668.93,yes,LOW_RISK
49,contractual,34753.51,7.4,201604.57,10611.92,36894.46,36,0,28096.77,yes,LOW_RISK
48,regular,38241.85,7.0,37939.27,21339.44,26009.02,24,0,4299.52,no,MEDIUM_RISK
56,regular,62229.64,5.0,19129.75,15353.04,255619.71,36,3,9445.99,yes,LOW_RISK
54,self_employed,75942.05,8.7,17383.1,25761.45,64499.1,18,0,43190.73,yes,LOW_RISK
27,contractual,75886.22,3.1,17303.3,41038.4,130902.32,18,1,28599.01,no,HIGH_RISK
58,regular,18482.47,19.2,46574.54,2209.51,52489.55,36,1,78327.86,no,LOW_RISK
45,regular,26363.75,8.7,2602.34,8772.99,56805.7,36,0,24835.98,no,LOW_RISK
35,contractual,41675.76,3.0,9477.2,3672.47,63428.74,36,0,29462.3,yes,LOW_RISK
44,regular,128802.92,9.4,46609.57,47608.7,149051.48,24,0,7937.44,no,LOW_RISK
64,regular,72225.3,18.5,74975.04,16693.13,82113.78,18,0,48012.81,no,LOW_RISK
59,regular,59228.59,8.4,75310.95,33298.3,29411.53,12,1,518.1,no,MEDIUM_RISK
58,contractual,25853.67,17.6,39457.9,6682.53,219482.58,18,2,20857.72,no,MEDIUM_RISK
41,self_employed,19687.35,1.8,67828.31,2065.27,52183.98,36,2,30238.3,yes,LOW_RISK
56,regular,49384.43,2.0,85886.62,24134.17,46189.25,12,0,23369.09,no,MEDIUM_RISK
38,regular,17468.03,2.0,25144.02,8410.45,7785.46,24,1,17301.71,no,MEDIUM_RISK
51,regular,28067.04,4.0,79488.8,11568.47,104604.54,36,1,15458.55,yes,LOW_RISK
49,regular,30042.35,14.2,6114.89,13274.11,70115.7,36,3,18004.38,yes,LOW_RISK
32,regular,76848.62,3.1,9172.14,13494.11,70058.56,36,0,5260.69,yes,LOW_RISK
32,regular,26328.51,2.2,26542.37,10087.23,48051.28,24,2,23259.68,no,MEDIUM_RISK
23,contractual,10000.0,0.8,5140.9,509.11,42223.37,18,0,8042.83,yes,LOW_RISK
27,regular,42232.09,1.7,57082.78,5840.26,49264.41,36,2,9861.4,no,LOW_RISK
40,regular,21786.14,4.0,21808.19,11824.51,91997.18,12,1,4513.8,no,MEDIUM_RISK
42,regular,32759.17,2.6,32050.97,14301.98,104975.35,12,0,135779.62,yes,MEDIUM_RISK
28,self_employed,30509.81,3.0,33095.74,4786.07,54658.98,36,2,21790.55,yes,LOW_RISK
39,contractual,27527.86,2.2,25937.93,2512.21,132434.79,24,1,3334.7,yes,LOW_RISK
48,regular,49423.36,12.3,17193.47,27277.03,61261.81,24,0,19738.46,yes,LOW_RISK
31,self_employed,13772.31,1.7,54945.94,1262.97,44532.42,12,1,47577.76,no,LOW_RISK
36,regular,24079.91,6.7,21372.3,4127.02,75429.54,18,0,23024.36,no,LOW_RISK
37,regular,46616.6,7.7,32716.21,6081.07,23449.46,36,1,16859.46,no,LOW_RISK
43,self_employed,22828.03,2.6,48369.75,778.55,77395.3,24,2,7290.85,no,MEDIUM_RISK
37,regular,13208.92,1.6,85358.98,2678.43,20445.25,18,1,23059.1,yes,MEDIUM_RISK
54,regular,46221.33,17.8,80407.6,26151.95,30071.93,24,0,34426.98,no,MEDIUM_RISK
35,contractual,59349.16,4.2,23217.35,12940.9,14301.56,36,1,34746.3,no,MEDIUM_RISK
40,regular,31217.8,7.3,16307.84,9595.34,56999.9,36,3,21112.66,no,MEDIUM_RISK
38,contractual,10883.75,1.1,98452.5,4791.73,217372.52,18,0,21051.5,yes,HIGH_RISK
29,regular,47182.32,1.7,21261.01,15716.15,59535.92,24,2,54074.48,yes,MEDIUM_RISK
51,regular,12842.98,9.4,53213.27,5637.75,105327.69,12,1,49600.14,no,LOW_RISK
31,regular,37923.67,5.4,4771.89,14938.12,379412.0,18,0,14596.02,no,MEDIUM_RISK
34,regular,19641.23,2.6,2488.11,7163.35,88008.13,12,2,73191.43,yes,LOW_RISK
56,regular,16908.63,15.8,37907.82,6548.83,36615.74,24,2,3422.86,yes,LOW_RISK
63,regular,25095.42,16.4,28958.0,11783.31,40597.68,24,0,21998.78,no,MEDIUM_RISK
51,self_employed,28931.25,3.3,64344.58,12168.64,65032.1,12,3,24080.35,no,MEDIUM_RISK
62,regular,22452.94,8.3,17396.69,10451.31,40435.83,12,3,6791.76,no,MEDIUM_RISK
59,regular,44235.28,6.6,45466.2,4869.36,42769.36,12,0,2450.2,yes,LOW_RISK
42,regular,25038.08,6.0,61717.4,10083.35,136091.53,12,1,6977.09,yes,LOW_RISK
55,regular,54863.09,12.9,18102.22,23885.31,140331.08,24,0,40436.99,no,LOW_RISK
35,regular,37351.8,4.0,26514.64,7282.91,18901.06,12,1,41428.27,no,LOW_RISK
41,contractual,21803.69,3.6,11366.42,11142.07,35189.94,12,3,32843.17,yes,HIGH_RISK
45,regular,19875.13,9.9,66134.45,3927.15,45896.28,36,3,8208.7,no,LOW_RISK
64,self_employed,12930.81,15.1,55506.06,2122.05,101870.66,12,0,41858.13,no,LOW_RISK
59,self_employed,37548.71,12.1,58806.75,19033.56,153192.29,36,1,8883.82,no,MEDIUM_RISK
43,regular,26330.1,7.5,28852.23,4367.13,400000.0,24,1,23251.04,yes,LOW_RISK
50,regular,10000.0,4.8,54760.62,2585.26,45838.86,24,0,17896.96,no,LOW_RISK
30,regular,23833.51,3.9,31179.05,5537.9,47588.48,24,2,12066.34,no,MEDIUM_RISK
57,contractual,19495.18,9.0,110857.52,10214.19,101070.15,12,3,31463.31,yes,HIGH_RISK
45,regular,76123.62,5.8,35377.15,21343.51,38967.37,24,1,37019.04,yes,LOW_RISK
44,self_employed,12543.56,3.0,76962.43,5166.31,58478.89,24,1,7648.51,yes,MEDIUM_RISK
55,contractual,14483.25,12.2,28996.54,6759.64,47613.14,12,1,18932.98,yes,MEDIUM_RISK
49,self_employed,58922.28,10.2,94346.18,22116.3,9098.84,24,2,35407.1,no,MEDIUM_RISK
24,regular,67488.39,0.9,16265.16,37053.28,71294.0,24,1,26135.94,no,MEDIUM_RISK
33,unemployed,1660.2442576119531,0.0,50211.13,782.6,56691.06,36,1,36036.09,yes,HIGH_RISK
28,regular,22603.14,3.8,19638.71,5653.35,168647.47,24,2,27194.95,no,MEDIUM_RISK
54,regular,44910.22,3.6,43881.13,24832.95,65268.21,6,0,28361.2,yes,MEDIUM_RISK
22,regular,10000.0,0.8,21359.95,3185.16,25363.89,36,2,16661.95,no,MEDIUM_RISK
30,self_employed,11496.92,2.5,35257.9,487.67,53560.57,36,0,33970.46,no,LOW_RISK
47,regular,27421.64,14.8,24389.41,4744.14,13545.78,24,3,4133.18,yes,LOW_RISK
52,self_employed,75051.59,5.2,60028.55,27915.53,26211.52,12,3,7024.47,no,MEDIUM_RISK
43,regular,25180.86,4.4,51899.52,2927.23,104691.38,24,2,27932.92,no,LOW_RISK
59,unemployed,830.3187684183533,0.0,18972.07,291.64,53994.49,24,0,34064.87,yes,HIGH_RISK
62,regular,59699.28,7.7,18447.04,13663.91,129835.52,12,1,47828.58,no,HIGH_RISK
26,regular,101954.08,2.4,14867.2,33024.15,14868.1,36,2,64945.95,yes,MEDIUM_RISK
63,unemployed,3812.268134653077,0.0,11990.39,118.3,54192.43,24,0,8340.28,yes,MEDIUM_RISK
48,regular,31705.04,4.5,63200.59,15745.73,45501.85,36,0,5137.74,no,MEDIUM_RISK
49,regular,87170.53,8.8,14010.34,19967.2,133123.03,24,2,39668.37,no,LOW_RISK
25,contractual,13853.34,2.5,46927.98,1483.51,107657.98,12,1,11514.04,yes,MEDIUM_RISK
48,regular,56311.88,12.5,22490.6,15252.28,105222.42,36,0,17327.52,yes,LOW_RISK
53,regular,18277.35,9.9,75297.18,5435.64,206529.82,24,2,36382.87,yes,MEDIUM_RISK
47,regular,33855.3,5.2,130525.89,12884.36,49319.62,18,2,21959.06,yes,LOW_RISK
24,regular,28002.55,0.6,257.4,8919.07,176920.04,18,1,33064.6,yes,MEDIUM_RISK
44,self_employed,18893.72,11.7,16057.19,1019.09,29702.54,12,1,7450.07,no,LOW_RISK
63,contractual,18634.78,17.4,22144.94,9491.29,28896.74,24,1,24349.36,no,MEDIUM_RISK
53,regular,37254.17,11.1,29747.91,10471.4,114313.79,18,1,23891.88,no,LOW_RISK
27,regular,55328.19,3.4,28147.42,4002.62,21027.51,36,1,47149.42,no,LOW_RISK
64,regular,29796.2,4.9,9019.79,13558.93,99879.2,36,2,55866.89,yes,MEDIUM_RISK
64,contractual,33258.09,17.2,132431.26,13073.25,70131.51,24,2,11243.89,no,MEDIUM_RISK
28,self_employed,43810.86,1.3,29075.39,16963.16,145223.92,12,1,5952.53,no,MEDIUM_RISK
57,self_employed,18752.85,4.1,51715.84,4965.81,62165.76,24,1,34746.95,no,MEDIUM_RISK
39,regular,48065.6,5.4,52985.06,12293.9,67790.63,6,1,2095.84,no,LOW_RISK
47,regular,50218.05,6.6,6765.81,16320.18,95233.9,24,1,36835.48,yes,LOW_RISK
41,regular,133985.34,10.9,25691.33,7747.96,39543.45,18,1,39264.67,yes,LOW_RISK
56,regular,26020.34,7.6,63197.64,5059.05,38272.54,36,0,10302.37,no,LOW_RISK
65,regular,24873.2,20.6,98805.79,14260.85,92777.98,12,0,237.23,no,MEDIUM_RISK
56,contractual,48845.74,15.3,26189.96,19255.28,63587.79,12,1,42774.65,no,MEDIUM_RISK
62,regular,50211.46,16.1,8437.64,13075.76,47889.77,36,1,58999.65,no,LOW_RISK
63,regular,23841.74,21.9,20400.44,3631.09,61087.01,24,2,55854.44,yes,LOW_RISK
25,regular,25635.97,1.3,25171.61,11276.37,214928.82,36,0,57306.13,yes,LOW_RISK
32,regular,43092.88,2.9,24305.41,7461.95,46624.37,36,0,3713.39,no,LOW_RISK
53,regular,20298.86,4.3,14884.06,2421.73,45621.2,18,0,19476.58,yes,LOW_RISK
47,regular,25532.25,5.1,7385.58,2935.78,18061.89,18,1,23753.68,no,LOW_RISK
23,contractual,33616.33,1.5,11244.68,14491.83,62967.74,24,0,20598.96,no,MEDIUM_RISK
25,regular,55340.34,1.4,20570.95,21225.55,106383.44,24,1,33358.97,yes,LOW_RISK
44,regular,22947.45,5.3,62388.49,1569.45,121697.18,36,1,5486.23,yes,LOW_RISK
48,regular,11616.48,4.4,81497.96,1083.51,70495.61,12,0,1997.94,no,MEDIUM_RISK
28,contractual,11151.87,2.3,38624.6,4222.27,133121.53,24,0,1081.49,no,MEDIUM_RISK
28,regular,16007.52,3.3,11605.27,5508.41,112483.9,12,3,43526.59,no,MEDIUM_RISK
26,self_employed,15541.19,1.2,21716.77,6329.92,149769.87,24,3,3652.18,yes,MEDIUM_RISK
46,self_employed,29391.34,11.2,2687.89,3759.78,135994.48,24,4,20472.76,yes,HIGH_RISK
21,contractual,16640.71,0.4,100195.44,7149.24,211002.7,36,1,9779.98,yes,HIGH_RISK
46,contractual,21741.45,11.5,18606.02,11845.9,57232.24,18,0,10286.49,yes,MEDIUM_RISK
42,regular,20905.01,3.9,48304.61,7537.88,24024.97,12,1,15074.73,yes,LOW_RISK
41,self_employed,25114.78,7.7,77270.52,3462.61,106930.2,12,1,10788.46,no,LOW_RISK
51,regular,66228.66,3.9,67768.33,26739.76,116722.83,12,0,2006.07,yes,LOW_RISK
44,self_employed,46053.65,5.6,24164.9,10071.7,211005.42,12,0,15086.24,no,HIGH_RISK
53,regular,32285.14,13.6,53622.98,1843.75,169924.64,36,1,7643.72,no,LOW_RISK
55,regular,24832.95,12.8,117654.99,4874.37,279636.8,18,1,7196.81,no,LOW_RISK
62,regular,25215.48,6.0,18432.35,13315.58,103469.59,12,3,72622.63,no,MEDIUM_RISK
56,contractual,38320.94,17.3,6926.32,9815.01,77168.8,24,0,2872.71,yes,LOW_RISK
44,regular,44125.1,1.8,15007.33,22308.15,23003.58,12,2,14367.95,no,MEDIUM_RISK
43,regular,19424.72,8.0,50811.28,6017.05,81896.78,12,2,22166.9,yes,LOW_RISK
31,contractual,32648.55,6.0,24745.14,10262.68,42948.84,36,1,72684.69,yes,MEDIUM_RISK
47,self_employed,10468.23,8.5,32482.7,344.08,76173.97,12,0,4758.3,no,LOW_RISK
27,regular,35951.78,3.2,57786.66,13676.32,67712.59,18,3,53551.98,yes,MEDIUM_RISK
62,regular,48662.95,14.6,14660.69,4345.49,92590.58,24,2,14974.05,yes,LOW_RISK
59,regular,27431.67,17.2,31096.24,8046.03,60424.17,12,0,15537.22,no,LOW_RISK
26,self_employed,86905.88,2.3,21357.72,15049.86,131059.63,12,1,31695.67,no,LOW_RISK
56,regular,19708.59,14.2,114265.2,4844.58,8431.89,12,1,60382.48,yes,LOW_RISK
26,self_employed,36065.19,1.0,66154.64,11735.34,74954.59,12,0,10696.6,yes,LOW_RISK
53,regular,31375.66,13.9,24903.9,1190.87,160173.02,36,2,23718.86,yes,LOW_RISK
24,regular,30282.57,0.7,23626.67,5648.33,264257.41,18,2,20831.43,no,MEDIUM_RISK
42,regular,30049.88,11.9,123712.8,17257.24,112545.58,18,1,19898.68,no,MEDIUM_RISK
50,regular,33941.68,4.9,116516.5,2089.77,229993.15,18,0,36523.44,yes,LOW_RISK
53,contractual,51014.67,5.6,50542.66,10492.0,73780.12,36,0,8292.5,no,LOW_RISK
39,regular,68271.39,9.1,33811.59,14117.28,65139.7,12,1,12366.45,no,LOW_RISK
62,regular,31960.42,7.2,9218.31,7627.75,96684.1,36,0,2102.57,no,LOW_RISK
55,unemployed,8350.631116450326,0.0,15147.18,3395.61,64844.47,12,0,29560.29,no,MEDIUM_RISK
30,unemployed,1485.707418790311,0.0,8407.52,247.01,36147.91,36,1,19033.95,no,HIGH_RISK
51,self_employed,48764.93,4.0,79604.82,13807.7,44166.08,12,1,59194.51,no,MEDIUM_RISK
53,regular,21044.53,4.3,9389.69,8095.3,28226.82,12,1,4617.29,no,MEDIUM_RISK
36,contractual,58299.81,4.7,23344.02,12084.22,96608.82,18,1,79816.36,yes,MEDIUM_RISK
54,self_employed,107941.39,5.8,6072.53,59564.75,65557.73,12,1,33999.67,yes,MEDIUM_RISK
61,regular,29921.87,6.9,59871.78,17020.16,49609.02,24,0,32744.04,yes,MEDIUM_RISK
57,regular,10000.0,2.0,44476.64,958.2,42494.49,24,0,9515.43,no,LOW_RISK
55,self_employed,23672.07,8.2,34877.36,5186.57,94933.77,24,0,13716.65,yes,LOW_RISK
49,regular,63008.35,6.1,23752.21,9097.44,116713.64,12,3,11445.17,no,LOW_RISK
33,regular,43376.95,0.9,5080.82,5757.61,27840.78,24,1,50935.05,yes,LOW_RISK
56,unemployed,5675.818733552882,0.0,20849.94,1702.97,24745.01,12,1,1585.8,no,HIGH_RISK
37,contractual,55729.16,6.2,29458.73,18953.76,132989.44,36,2,15846.98,yes,MEDIUM_RISK
44,regular,41770.29,2.0,56729.26,11031.89,23174.15,24,2,17205.77,no,MEDIUM_RISK
35,regular,62519.89,3.1,76331.52,11247.65,98003.42,24,0,11012.6,no,LOW_RISK
35,regular,53059.77,7.3,61345.0,9722.77,218561.88,36,2,6291.78,no,LOW_RISK
28,regular,73896.92,2.7,44257.64,42540.28,218943.43,24,1,16108.99,no,MEDIUM_RISK
64,self_employed,38980.98,11.3,34417.48,20972.65,113045.65,24,1,29492.28,no,MEDIUM_RISK
27,self_employed,52648.02,2.0,40721.47,3777.2,110608.22,12,0,19055.81,no,LOW_RISK
24,regular,27026.45,0.6,19521.14,10570.12,351889.73,24,0,6300.43,no,MEDIUM_RISK
63,regular,22987.08,19.6,37012.26,6465.87,11286.31,12,2,17381.08,no,LOW_RISK
45,self_employed,81814.8,12.7,29307.45,33449.8,45884.87,6,0,59761.19,no,LOW_RISK
40,regular,36040.69,10.1,160305.96,12914.4,122824.46,24,1,8723.04,no,LOW_RISK
54,regular,49820.18,5.5,41588.41,25861.1,50472.17,6,0,21780.3,no,MEDIUM_RISK
38,regular,34253.64,3.7,2333.43,2289.64,164715.71,24,1,24707.87,no,LOW_RISK
26,contractual,23176.81,0.8,22576.55,5151.71,63109.53,12,1,3214.79,no,MEDIUM_RISK
53,regular,32193.88,6.7,26483.62,18415.6,71750.52,18,2,13058.33,no,MEDIUM_RISK
28,contractual,70494.35,1.7,67875.77,9182.38,52898.83,36,3,13220.6,yes,MEDIUM_RISK
45,regular,43428.59,9.2,46066.06,4344.31,43925.9,12,2,18341.48,yes,LOW_RISK
63,contractual,12483.72,6.2,44184.68,5379.67,43122.93,24,0,49562.15,no,HIGH_RISK
63,regular,28427.34,21.9,92250.54,13008.05,79659.56,24,0,4391.73,no,LOW_RISK
37,regular,85284.91,1.7,116908.07,34092.68,36359.79,36,1,52082.94,no,MEDIUM_RISK
56,regular,28449.98,1.9,59802.88,12999.02,132859.33,12,0,31459.59,no,HIGH_RISK
48,regular,11887.32,13.4,24243.73,4892.19,106092.01,24,1,81521.57,no,LOW_RISK
42,regular,90641.56,8.8,24931.71,9487.8,148257.35,18,0,116850.22,yes,LOW_RISK
27,regular,46574.43,1.6,83643.7,16977.41,27873.99,18,1,3009.62,no,MEDIUM_RISK
37,regular,30791.2,5.9,24861.25,14080.27,18170.14,12,1,6878.72,yes,MEDIUM_RISK
50,regular,26087.5,4.9,32423.08,13201.17,64796.26,18,2,6956.46,no,HIGH_RISK
65,self_employed,58034.02,6.0,22118.03,9600.53,400000.0,18,0,30166.8,no,MEDIUM_RISK
21,regular,23751.48,0.3,11380.63,2377.21,168013.42,12,1,14252.53,yes,LOW_RISK
53,self_employed,60176.2,7.5,151542.53,27656.97,42886.3,18,0,8243.93,no,MEDIUM_RISK
59,unemployed,2461.4164461703995,0.0,32616.46,421.15,89368.78,24,3,587.25,no,HIGH_RISK
63,regular,36609.62,6.8,102075.37,1741.2,112176.94,18,0,42126.14,yes,LOW_RISK
40,contractual,34666.34,7.6,25175.78,16773.91,23291.68,12,1,16813.69,no,MEDIUM_RISK
26,self_employed,29064.09,2.6,18595.47,8960.32,181563.72,12,0,8073.16,no,MEDIUM_RISK
33,contractual,56873.98,1.7,55896.79,11923.53,57329.72,18,0,9267.94,no,MEDIUM_RISK
59,regular,19881.65,2.8,76084.81,721.43,60726.29,24,0,12807.97,yes,LOW_RISK
60,regular,13113.96,10.8,79811.36,648.22,66169.91,36,1,7070.85,yes,LOW_RISK
49,regular,44865.9,12.7,29106.46,20904.94,153360.66,24,1,36733.44,no,HIGH_RISK
26,regular,45282.33,2.3,60543.27,13554.73,36892.22,24,1,11699.22,yes,LOW_RISK
26,unemployed,8421.152754582383,0.0,20651.74,946.09,18068.31,6,3,32371.83,yes,MEDIUM_RISK
42,self_employed,40044.31,5.5,36609.48,9097.19,82814.55,36,2,9438.26,no,MEDIUM_RISK
47,regular,26827.8,4.5,26630.65,3243.96,14036.26,12,1,21426.22,no,LOW_RISK
22,contractual,49345.74,0.6,23056.6,4544.0,51860.61,12,1,21417.72,no,MEDIUM_RISK
51,regular,31208.14,4.7,37917.92,5678.92,158308.08,12,2,18165.29,no,MEDIUM_RISK
45,self_employed,24479.19,10.3,11045.67,8132.71,100354.38,12,2,53416.31,yes,MEDIUM_RISK
21,regular,26955.72,0.1,71426.67,3922.16,142046.48,24,1,57772.59,yes,LOW_RISK
25,self_employed,97230.82,1.0,23145.68,21295.41,103508.2,12,1,35105.17,no,MEDIUM_RISK
41,self_employed,12323.39,6.4,68874.28,3609.05,396286.78,12,3,45057.95,no,MEDIUM_RISK
53,regular,42124.07,9.7,13793.55,10995.07,41813.01,12,2,33486.73,yes,MEDIUM_RISK
58,regular,12707.92,13.3,23069.35,1280.26,87617.96,36,0,10813.04,no,LOW_RISK
40,self_employed,30150.68,5.4,11003.63,1549.02,46795.96,24,1,15481.9,yes,LOW_RISK
34,regular,25210.0,7.1,10541.3,1247.95,133218.18,36,2,881.88,no,LOW_RISK
64,regular,10165.2,20.7,15801.68,2262.76,62066.48,36,2,5744.88,no,MEDIUM_RISK
41,self_employed,39634.76,10.3,14022.46,16858.29,235926.64,36,3,3041.76,no,MEDIUM_RISK
35,regular,25964.1,5.5,11108.41,2653.28,43653.14,18,0,7987.59,yes,MEDIUM_RISK
40,regular,10086.24,7.4,34504.2,4668.31,186742.78,12,1,23044.26,yes,HIGH_RISK
21,regular,50779.79,0.4,55039.68,21511.38,101417.12,12,0,10381.97,no,LOW_RISK
34,regular,70456.06,3.7,57321.53,2266.5,63436.63,12,0,38242.44,no,LOW_RISK
44,unemployed,2950.578349680975,0.0,4560.08,131.92,97633.34,24,0,6039.6,no,HIGH_RISK
62,regular,38984.41,14.5,26476.23,5351.32,79070.16,6,1,31070.86,yes,LOW_RISK
54,regular,32820.98,2.1,24124.3,1997.7,84889.74,12,0,5376.41,no,LOW_RISK
56,regular,66434.87,1.9,93466.51,21407.89,55658.45,24,2,50402.33,yes,MEDIUM_RISK
45,unemployed,5588.295657375669,0.0,27415.24,289.45,38405.32,12,1,6023.29,yes,MEDIUM_RISK
25,regular,59692.04,0.4,32057.94,28142.12,50556.12,6,1,27191.92,yes,MEDIUM_RISK
38,self_employed,19065.69,5.6,7133.42,5741.23,18394.07,12,1,8261.74,yes,LOW_RISK
65,contractual,35747.33,16.1,15376.71,15384.75,122223.16,24,1,64809.48,yes,HIGH_RISK
22,self_employed,40750.57,0.3,6590.8,18047.87,25739.18,12,2,62695.84,yes,MEDIUM_RISK
60,unemployed,6170.330091941194,0.0,36431.58,1904.91,55210.44,12,2,26372.5,no,HIGH_RISK
51,self_employed,41424.99,4.5,95660.85,22325.98,105680.57,12,0,25905.11,no,MEDIUM_RISK
33,self_employed,111707.23,6.4,15932.99,64190.6,121989.48,24,1,35884.88,no,MEDIUM_RISK
56,regular,45499.48,15.5,27614.75,10354.23,17174.03,12,2,30614.4,yes,LOW_RISK
58,self_employed,71960.19,6.5,14115.47,7140.27,60673.15,6,2,40070.84,no,LOW_RISK
22,regular,35386.8,0.3,19095.29,8131.21,91761.77,36,2,5849.63,yes,LOW_RISK
25,regular,30736.96,1.0,37083.6,4697.98,67585.9,36,2,18169.95,yes,HIGH_RISK
50,self_employed,39465.83,7.5,129693.53,12710.09,178117.51,12,1,8996.67,no,MEDIUM_RISK
65,unemployed,8631.916542625813,0.0,92214.81,2055.37,35094.07,12,1,61935.5,no,HIGH_RISK
22,contractual,18833.92,1.1,112585.18,5541.83,13979.7,12,0,3839.32,no,MEDIUM_RISK
50,regular,64212.85,4.9,69343.51,28879.93,119358.53,24,1,70728.88,yes,LOW_RISK
27,regular,68069.16,3.3,27285.47,12300.88,43448.34,12,4,18489.15,yes,MEDIUM_RISK
50,regular,18552.92,3.9,24003.7,6041.04,17382.81,36,3,40591.52,yes,MEDIUM_RISK
49,regular,54496.43,15.7,16031.81,11680.69,57714.18,24,0,10281.35,no,LOW_RISK
25,regular,30505.53,0.8,26893.91,14085.27,163580.59,24,0,3386.46,yes,MEDIUM_RISK
51,regular,38576.01,8.1,96659.73,14726.2,25202.62,6,0,59999.23,yes,LOW_RISK
61,regular,41217.22,13.5,95855.59,1429.31,374796.88,36,1,28535.39,yes,LOW_RISK
59,contractual,55292.02,4.3,164685.65,21731.33,34673.51,24,2,4359.07,no,MEDIUM_RISK
22,regular,33489.47,0.9,39442.16,4138.93,69383.24,24,4,16181.68,yes,MEDIUM_RISK
32,self_employed,69499.88,2.2,9207.26,29777.96,26050.53,6,1,14975.33,yes,MEDIUM_RISK
31,contractual,37936.47,3.6,52206.41,12975.65,67060.49,24,0,27657.25,no,MEDIUM_RISK
41,regular,45106.99,6.8,130698.71,11313.53,58796.15,24,1,5815.74,no,LOW_RISK
27,regular,20235.56,2.5,106057.25,8331.72,21269.35,36,1,4222.33,no,HIGH_RISK
59,regular,104899.04,3.0,21508.25,52567.67,400000.0,24,1,20628.98,no,MEDIUM_RISK
55,unemployed,4229.688547119302,0.0,10255.39,1938.5,44830.31,18,0,6265.07,yes,HIGH_RISK
57,regular,47365.04,4.8,9929.8,15628.5,44859.72,18,1,61502.95,no,MEDIUM_RISK
29,regular,13213.43,1.8,17093.49,5648.5,134446.21,24,1,37378.53,yes,MEDIUM_RISK
21,self_employed,20353.44,0.1,19777.14,5244.12,253427.66,36,0,36449.95,no,MEDIUM_RISK
61,unemployed,8543.275326952458,0.0,25465.84,3963.78,151292.48,24,0,838.61,yes,HIGH_RISK
34,regular,37469.45,4.3,57795.29,18209.35,26403.65,12,3,10751.15,no,MEDIUM_RISK
50,regular,11169.17,10.9,24667.18,1178.48,76311.15,6,1,13328.76,no,LOW_RISK
61,regular,56644.53,9.4,35210.57,9115.08,15852.99,24,0,5064.95,yes,LOW_RISK
22,regular,23727.99,0.4,6015.0,4235.3,127825.5,36,1,30714.12,yes,LOW_RISK
21,regular,69544.04,0.3,16052.84,8438.82,19067.71,6,1,27185.23,no,LOW_RISK
21,regular,30490.84,0.2,15306.3,7497.52,35587.21,18,1,35199.18,yes,LOW_RISK
28,self_employed,35813.49,1.8,4754.69,4876.66,64844.11,36,1,44320.1,no,LOW_RISK
23,regular,61200.84,0.8,24097.39,21882.15,90753.06,18,2,42477.68,yes,MEDIUM_RISK
57,contractual,19533.18,11.2,6072.47,1677.68,53446.78,12,0,124315.87,no,LOW_RISK
48,regular,18535.17,15.2,22536.7,3307.7,203100.32,12,0,17597.02,no,LOW_RISK
65,self_employed,28721.95,7.3,37580.61,11374.94,111811.78,18,0,14742.99,no,LOW_RISK
57,contractual,50434.78,10.9,97867.41,12568.34,105417.73,12,0,30363.17,no,HIGH_RISK
64,self_employed,15390.55,5.5,14511.43,4029.32,25850.67,24,0,50984.42,no,LOW_RISK
31,self_employed,12785.57,2.5,36697.2,5994.63,232505.34,24,4,2033.17,no,HIGH_RISK
33,regular,50339.12,5.3,18303.73,28767.87,35590.84,24,4,7409.9,no,HIGH_RISK
59,regular,22967.91,5.4,5642.39,7827.17,239258.39,24,1,9624.91,no,MEDIUM_RISK
32,regular,25790.64,4.1,98700.22,1895.28,296199.6,6,0,19389.02,yes,LOW_RISK
23,regular,11524.67,0.8,39040.16,998.0,95476.45,12,1,10820.16,yes,LOW_RISK
51,self_employed,22027.62,2.3,50093.2,12394.4,140948.85,12,0,44900.66,yes,LOW_RISK
57,regular,31867.09,19.1,110631.52,12860.89,6437.87,12,0,22080.14,no,LOW_RISK
64,contractual,53380.4,11.3,22432.36,23693.32,56156.11,24,0,15991.87,no,MEDIUM_RISK
62,regular,20937.87,18.6,8662.85,8410.12,148563.35,12,2,27406.28,yes,MEDIUM_RISK
26,regular,79622.19,1.5,14293.98,10254.52,130030.62,24,1,1142.64,no,LOW_RISK
55,regular,21960.16,18.2,7738.02,6074.16,26038.98,12,2,26221.14,yes,LOW_RISK
59,contractual,21977.86,7.6,79359.39,10306.39,52148.52,12,1,6498.02,no,MEDIUM_RISK
52,contractual,74536.02,8.2,134328.83,37752.47,9699.88,12,3,38429.12,no,LOW_RISK
57,regular,35946.76,15.9,37237.01,5770.7,88600.0,18,3,1565.29,no,LOW_RISK
58,regular,23620.67,8.4,59078.54,8450.98,15829.75,24,1,29059.05,no,LOW_RISK
41,contractual,29382.89,4.9,71589.15,3420.35,151751.7,24,0,6722.86,no,MEDIUM_RISK
22,regular,67351.58,1.1,116004.68,37518.35,157816.18,12,1,51823.53,yes,MEDIUM_RISK
41,self_employed,71675.39,6.9,130362.31,12092.52,45540.96,24,0,2331.94,no,LOW_RISK
30,regular,20419.69,3.9,3315.18,8773.31,96095.67,24,4,18708.93,yes,MEDIUM_RISK
26,regular,31261.81,2.2,18823.64,4911.61,55233.15,12,1,33800.9,no,LOW_RISK
26,regular,33626.76,2.8,33723.6,12402.55,77930.59,6,0,24862.66,no,LOW_RISK
52,regular,18602.65,15.4,16615.85,7303.31,27493.31,12,1,24715.65,yes,LOW_RISK
43,regular,31034.8,7.6,26066.16,6537.03,103674.56,12,1,3794.91,yes,LOW_RISK
45,regular,32093.82,4.9,47509.61,15416.54,18982.14,36,0,3444.47,no,MEDIUM_RISK
54,unemployed,6343.861211749069,0.0,46466.91,3279.48,16476.57,12,0,23849.93,no,HIGH_RISK
45,regular,62166.71,8.9,69824.95,31101.29,59319.67,18,1,20581.43,yes,MEDIUM_RISK
49,regular,26700.19,13.4,34381.67,5658.81,55476.24,24,1,5393.38,no,LOW_RISK
24,regular,28447.54,1.1,1131.69,12499.48,79727.42,12,1,4994.75,yes,LOW_RISK
59,regular,46113.08,5.2,24097.49,15573.31,39935.14,24,1,16243.04,no,LOW_RISK
41,contractual,23193.74,4.1,43795.52,8255.71,267376.03,6,0,12079.09,no,MEDIUM_RISK
27,regular,44233.75,2.1,73659.31,12942.08,73320.56,18,1,79328.14,yes,LOW_RISK
57,contractual,30489.65,17.3,65780.61,10980.65,77404.79,12,1,54346.24,no,MEDIUM_RISK
54,regular,18775.76,4.6,30442.26,1964.13,75362.72,12,0,37245.57,yes,LOW_RISK
23,unemployed,4270.770802691018,0.0,17622.97,1088.47,137905.64,12,0,59818.19,no,HIGH_RISK
29,regular,70924.66,3.8,31715.36,9058.46,100123.09,24,2,8841.08,yes,LOW_RISK
21,self_employed,29362.08,0.5,4141.09,5404.33,90549.87,24,1,10430.98,no,HIGH_RISK
33,regular,78880.23,1.4,19384.66,7911.53,112885.65,24,3,48110.93,yes,LOW_RISK
25,regular,24124.69,2.6,84159.43,3543.26,16542.39,6,2,18654.11,no,LOW_RISK
52,self_employed,37558.46,11.2,31630.1,17279.19,17017.66,36,0,19778.5,yes,MEDIUM_RISK
44,contractual,119307.97,10.4,45342.01,39659.17,61395.91,6,3,4553.79,no,MEDIUM_RISK
65,self_employed,17888.77,3.5,7338.24,769.28,56043.71,24,2,46314.82,yes,LOW_RISK
54,regular,11267.67,10.3,73278.62,5224.69,100408.28,24,1,30305.12,yes,MEDIUM_RISK
48,contractual,64933.29,10.1,29072.86,34428.13,65983.19,24,1,13611.86,no,MEDIUM_RISK
43,self_employed,20307.51,4.7,44088.92,10442.85,100563.16,18,1,10518.07,no,HIGH_RISK
23,contractual,31637.64,0.8,52239.15,15270.2,25538.59,24,2,52560.73,no,HIGH_RISK
24,regular,23184.43,1.3,71240.19,13347.72,64478.31,24,0,8967.39,no,MEDIUM_RISK
48,contractual,37085.48,9.1,38684.11,13073.41,23774.05,12,1,2802.82,no,MEDIUM_RISK
21,contractual,18971.56,0.1,29688.46,10613.13,86880.25,24,1,54979.9,no,HIGH_RISK
22,unemployed,4829.535841765071,0.0,9511.25,2665.25,15889.74,6,1,55874.91,yes,HIGH_RISK
30,regular,40982.06,1.6,6511.85,8289.9,84404.43,18,1,8926.62,no,LOW_RISK
60,regular,18378.22,20.3,38032.12,9278.95,21598.8,24,0,91414.1,no,LOW_RISK
41,self_employed,21773.41,11.3,44325.63,10143.36,48751.77,24,1,16645.79,no,MEDIUM_RISK
52,regular,26434.64,6.4,50473.76,12072.42,127177.41,18,2,9043.08,yes,MEDIUM_RISK
39,contractual,14583.45,2.6,14607.11,7626.48,77086.04,12,0,29441.88,no,HIGH_RISK
28,regular,25363.91,1.3,19562.12,6120.43,18918.53,18,1,3657.63,no,LOW_RISK
37,regular,34160.64,4.9,37455.4,8541.19,39255.51,12,0,6211.01,yes,LOW_RISK
25,contractual,25686.97,2.4,22034.3,9813.16,21080.6,18,1,23989.58,yes,MEDIUM_RISK
55,regular,27563.13,10.5,174309.68,12011.81,18234.55,18,0,20208.89,yes,LOW_RISK
29,regular,31651.64,0.7,19155.52,16264.37,70996.79,24,1,40448.9,no,LOW_RISK
37,contractual,22310.94,1.2,46853.08,11416.84,98949.64,12,0,4483.94,no,MEDIUM_RISK
65,contractual,46797.06,7.4,64258.47,19970.03,90454.02,12,2,79756.31,yes,MEDIUM_RISK
47,self_employed,70493.74,12.7,67339.17,39215.04,102141.32,18,0,11830.28,no,MEDIUM_RISK
41,regular,24787.18,7.6,21667.54,3178.85,64421.93,6,1,19519.28,no,HIGH_RISK
45,regular,41787.4,8.3,52443.22,23095.35,52949.82,12,1,11255.15,no,MEDIUM_RISK
56,self_employed,28048.82,7.5,47369.7,1831.74,29066.47,12,2,3613.91,yes,MEDIUM_RISK
32,regular,39124.7,6.2,54257.52,13129.94,46727.25,18,0,17538.77,yes,LOW_RISK
49,regular,75710.33,6.3,37035.47,6027.17,24128.07,12,0,33406.53,yes,LOW_RISK
60,regular,42330.11,18.7,64615.52,14493.85,34484.61,24,0,15041.72,no,LOW_RISK
46,regular,12065.59,12.9,40854.08,2950.76,69483.02,36,2,7108.38,yes,LOW_RISK
41,self_employed,41076.39,6.1,8211.96,3076.01,59503.36,24,0,41584.5,yes,LOW_RISK
27,contractual,63042.62,3.5,39838.96,24363.72,400000.0,12,2,42908.65,no,HIGH_RISK
32,contractual,28328.21,2.3,43835.62,12242.29,23689.71,6,2,14254.66,no,MEDIUM_RISK
63,regular,55331.09,16.3,61157.25,6960.76,59178.79,12,1,25371.06,yes,LOW_RISK
45,regular,21893.12,2.3,38070.72,9018.66,22344.68,24,0,41329.5,yes,LOW_RISK
34,regular,14135.5,4.0,118038.01,1816.07,48596.32,24,1,33082.13,yes,LOW_RISK
39,regular,34583.58,3.0,30622.68,3650.92,50102.32,6,2,24725.69,yes,LOW_RISK
47,regular,12178.52,2.2,20609.13,1352.42,122492.19,12,1,31914.71,yes,MEDIUM_RISK
45,regular,28046.44,1.3,92419.8,10082.5,46392.48,12,0,26968.88,yes,LOW_RISK
52,regular,64942.3,6.8,29886.75,29765.33,56311.43,12,1,18533.48,yes,MEDIUM_RISK
32,regular,11193.87,4.1,35140.33,4010.67,47070.61,36,1,4359.39,no,MEDIUM_RISK
50,contractual,15831.67,8.3,43850.81,7522.31,22728.02,12,1,5893.19,no,MEDIUM_RISK
40,regular,18139.98,4.0,40880.36,6445.36,39857.5,6,1,28018.78,yes,LOW_RISK
63,regular,30904.75,23.5,53914.62,14479.7,48809.98,12,1,11132.89,no,MEDIUM_RISK
28,self_employed,26169.42,4.2,58390.32,14840.35,68700.51,12,1,27128.01,yes,MEDIUM_RISK
27,contractual,69079.7,0.8,18859.48,16926.45,98849.43,12,0,4203.17,no,LOW_RISK
41,self_employed,54088.82,5.4,10469.27,6083.27,54513.04,18,1,7925.47,no,LOW_RISK
43,regular,42019.59,8.6,11936.82,4389.71,53799.01,12,2,15041.23,no,LOW_RISK
52,self_employed,34668.54,13.3,85021.11,12432.58,17881.69,12,0,521.98,no,LOW_RISK
39,regular,39726.25,4.4,27728.98,13145.68,97435.26,24,0,6751.32,yes,LOW_RISK
62,regular,19918.43,17.8,63814.65,2615.88,38569.58,18,0,9175.32,yes,LOW_RISK
42,regular,51274.91,2.5,59633.99,26414.67,113832.69,6,1,21611.16,no,MEDIUM_RISK
26,regular,17359.01,1.3,35133.97,9655.28,174463.79,36,2,14128.93,yes,HIGH_RISK
26,regular,50662.87,2.4,14378.73,8575.63,56455.4,12,0,22696.1,no,LOW_RISK
64,regular,61443.27,16.0,60765.18,8834.66,30171.68,36,0,19173.9,no,LOW_RISK
27,contractual,35934.99,3.3,34112.7,5306.05,64191.02,36,2,13543.58,yes,MEDIUM_RISK
63,regular,29044.2,3.2,9722.33,7060.12,84429.24,18,2,9245.08,no,MEDIUM_RISK
33,regular,39881.25,1.8,22209.96,19911.71,51302.9,12,1,19795.71,no,MEDIUM_RISK
25,regular,10000.0,0.4,5843.27,3577.78,42578.88,24,1,51054.56,no,LOW_RISK
34,regular,37787.48,2.0,23216.44,2537.6,99189.92,12,0,9183.11,no,LOW_RISK
48,regular,30065.89,1.5,36708.88,8723.27,94402.82,12,0,77271.92,no,LOW_RISK
40,regular,31121.24,6.0,31052.3,2479.82,50132.53,24,2,20151.42,yes,LOW_RISK
56,regular,47196.93,11.3,27865.71,11960.54,18799.64,18,1,38757.94,no,MEDIUM_RISK
48,contractual,30710.76,10.6,36386.78,7737.15,91530.38,36,0,25628.45,yes,LOW_RISK
39,self_employed,17092.2,4.6,51374.66,6607.74,36557.7,24,1,29078.43,yes,MEDIUM_RISK
49,regular,29605.63,1.5,67772.42,9834.98,76335.88,36,2,6687.66,no,MEDIUM_RISK
64,contractual,33211.34,17.0,74836.07,16974.82,72802.86,24,4,11029.06,yes,HIGH_RISK
39,self_employed,34088.14,1.5,16815.24,1327.78,15763.18,24,0,14700.29,yes,HIGH_RISK
27,unemployed,646.5138276024778,0.0,80430.45,294.62,69075.39,18,1,31495.2,yes,HIGH_RISK
39,contractual,56678.16,1.2,34158.68,2406.67,95610.88,36,2,14809.01,no,MEDIUM_RISK
58,self_employed,17609.12,12.0,25163.55,3475.33,104820.73,36,0,40556.0,no,LOW_RISK
30,self_employed,35246.67,5.0,12341.03,18110.26,70980.95,24,2,12212.06,yes,LOW_RISK
63,self_employed,65052.67,14.5,48563.7,26653.89,14753.76,24,0,8545.58,no,LOW_RISK
47,regular,12325.86,9.6,47073.15,1535.78,169389.04,24,3,10527.02,yes,LOW_RISK
48,regular,35323.26,10.9,20334.01,10594.56,88469.18,12,3,34152.8,no,LOW_RISK
35,regular,23191.31,1.7,20915.17,9903.79,26361.32,36,1,64697.33,no,MEDIUM_RISK
62,regular,26097.65,16.3,30059.51,14237.28,36001.66,6,2,83369.75,yes,MEDIUM_RISK
22,regular,19454.76,1.0,24765.9,7370.95,77308.62,12,3,31169.69,no,MEDIUM_RISK
34,regular,29150.82,7.5,16048.91,1270.14,108226.41,18,1,39013.48,no,LOW_RISK
39,regular,88095.94,5.2,10894.88,26854.82,45078.94,24,2,2784.85,yes,LOW_RISK
42,regular,15963.41,4.9,81101.4,1821.89,120726.94,24,2,4081.78,yes,LOW_RISK
42,self_employed,16818.01,9.4,22102.9,946.5,16942.28,12,1,7043.87,no,LOW_RISK
27,regular,15637.5,2.3,46859.21,5616.69,29741.49,12,2,53549.23,yes,LOW_RISK
31,regular,82749.33,2.0,54445.31,37841.85,13819.96,12,1,52940.64,no,MEDIUM_RISK
25,self_employed,24815.02,0.7,48754.4,1236.61,33159.64,12,0,97881.8,no,LOW_RISK
46,self_employed,31551.92,3.5,56777.32,14544.62,201430.65,6,1,6852.98,yes,LOW_RISK
36,unemployed,2168.794442368056,0.0,48319.51,907.67,304216.3,24,2,16502.19,yes,HIGH_RISK
46,self_employed,19035.46,3.5,18512.13,8443.99,77504.04,12,2,1932.46,yes,MEDIUM_RISK
47,self_employed,28117.81,1.6,26064.38,4628.21,40268.33,12,2,3242.56,yes,LOW_RISK
52,regular,123688.94,2.4,79483.52,30486.54,55045.35,12,0,13488.47,no,LOW_RISK
45,regular,68811.78,12.9,21499.23,6596.5,92702.2,18,1,7224.45,no,LOW_RISK
50,regular,20017.76,2.6,34200.72,3230.67,20128.8,36,2,7328.56,yes,HIGH_RISK
47,contractual,45691.01,2.3,51553.99,8979.85,42309.55,12,2,9659.16,no,MEDIUM_RISK
50,self_employed,20254.93,8.3,101666.45,4166.24,190672.46,12,2,58470.56,yes,MEDIUM_RISK
48,regular,12046.01,4.8,74265.62,1521.07,29669.06,24,2,45299.88,yes,LOW_RISK
35,regular,56062.49,8.0,13781.37,7500.68,37062.98,6,2,5804.8,no,LOW_RISK
32,regular,60569.23,6.1,45664.44,31847.83,65646.38,24,1,44278.49,yes,MEDIUM_RISK
56,regular,56886.87,9.1,41492.79,26232.9,80378.28,36,0,7933.53,no,MEDIUM_RISK
36,regular,24712.52,4.4,26270.07,5423.48,40675.84,24,0,2727.91,yes,LOW_RISK
45,regular,29195.34,5.9,35063.01,16092.59,68862.42,36,1,9280.83,no,MEDIUM_RISK
29,self_employed,48332.63,0.6,18334.53,7801.25,102549.12,18,0,23563.96,no,LOW_RISK
40,regular,39688.39,3.9,29583.67,10070.98,283008.28,18,1,6655.49,yes,LOW_RISK
44,self_employed,25770.63,2.7,21688.5,12303.9,59127.96,12,0,30679.42,no,MEDIUM_RISK
49,contractual,13134.55,2.9,37338.44,3593.45,63017.61,6,0,10024.09,yes,LOW_RISK
44,regular,34068.3,7.9,25402.42,5418.36,204379.09,12,3,25130.35,yes,LOW_RISK
37,regular,57927.44,1.7,107310.78,13479.4,43056.49,18,2,5717.91,yes,LOW_RISK
64,self_employed,16561.2,4.5,38381.51,5057.73,24073.76,18,0,18116.8,no,MEDIUM_RISK
44,regular,45470.04,7.0,32473.76,16885.5,78419.61,12,1,6907.61,no,LOW_RISK
57,self_employed,38401.01,10.0,28209.88,9718.66,145695.46,24,0,13896.32,no,LOW_RISK
54,regular,48342.81,4.0,25464.6,12918.04,85214.59,12,2,78163.07,no,MEDIUM_RISK
46,contractual,51693.0,1.4,9725.02,9055.01,60438.45,12,0,11524.35,yes,LOW_RISK
60,self_employed,21840.81,5.9,63698.58,7086.05,21935.19,12,2,3958.56,no,MEDIUM_RISK
26,regular,13149.82,1.0,92517.46,1981.69,62215.88,24,2,19227.53,no,MEDIUM_RISK
62,regular,23862.31,18.9,21379.45,12101.52,163899.5,18,3,19539.4,no,MEDIUM_RISK
59,unemployed,3195.540637155222,0.0,79176.55,1409.4,25759.4,24,2,19420.72,no,HIGH_RISK
43,regular,23751.22,5.8,173094.8,6072.08,54099.61,6,0,29159.27,no,LOW_RISK
54,regular,21845.87,8.6,130968.09,9633.49,48607.3,18,2,10952.2,yes,LOW_RISK
44,regular,11751.64,9.7,89539.6,397.77,38517.35,36,1,31689.96,no,LOW_RISK
33,regular,83905.57,4.7,11152.88,18414.68,78282.93,6,0,17413.93,no,LOW_RISK
56,contractual,50394.32,5.1,11010.9,13715.6,90637.33,18,0,3651.65,no,LOW_RISK
32,contractual,48870.73,1.2,56563.52,14093.79,89927.83,6,0,35586.26,yes,HIGH_RISK
35,regular,54488.24,4.0,34489.57,24073.03,31242.52,12,0,20993.12,yes,LOW_RISK
44,self_employed,43944.41,8.0,2998.84,24588.83,18913.95,18,1,30277.38,no,LOW_RISK
58,regular,27976.22,4.5,23737.91,6686.27,79136.85,12,0,4279.77,no,LOW_RISK
38,regular,29243.74,3.5,54640.41,6516.38,44475.92,18,1,37375.84,no,LOW_RISK
43,regular,25294.21,4.7,29959.3,9252.2,258041.79,36,1,94220.94,no,MEDIUM_RISK
22,unemployed,8321.851976926162,0.0,34633.45,1536.96,267139.11,12,0,3853.4,no,HIGH_RISK
26,regular,43444.64,1.7,10992.85,4680.84,289282.76,12,1,41832.94,no,LOW_RISK
23,regular,24795.09,1.1,23458.5,13856.67,32114.39,24,0,21075.71,yes,MEDIUM_RISK
24,regular,41337.05,1.2,56749.13,19645.08,99625.09,18,0,17591.94,yes,MEDIUM_RISK
60,self_employed,18352.36,6.0,22415.68,10225.47,124911.02,36,1,37736.62,no,MEDIUM_RISK
58,regular,73201.4,3.9,83928.37,10966.16,114795.58,12,1,34372.87,yes,LOW_RISK
57,regular,22245.68,17.1,35302.6,885.27,49828.58,24,0,50604.1,no,LOW_RISK
23,contractual,42154.14,0.9,48419.4,11402.44,169653.98,36,1,4508.02,no,MEDIUM_RISK
24,regular,57513.72,0.3,55761.32,31257.84,65023.16,12,0,52184.18,yes,MEDIUM_RISK
33,regular,39541.81,2.3,54048.62,4194.55,71555.03,24,1,24905.73,no,LOW_RISK
46,regular,33706.62,11.8,13373.31,3183.66,20512.04,24,1,2029.89,yes,LOW_RISK
36,regular,32190.68,6.8,15932.13,2186.52,105420.91,24,2,11638.09,no,LOW_RISK
42,regular,31021.9,10.7,2912.1,13983.43,53467.74,12,0,21525.89,yes,LOW_RISK
28,self_employed,23302.29,2.8,25982.74,10771.71,92108.89,18,2,11369.72,no,HIGH_RISK
53,contractual,24991.11,8.6,14750.97,10307.75,77534.46,12,1,15551.3,no,MEDIUM_RISK
35,contractual,72205.09,3.9,21799.78,4282.52,74447.17,36,1,9729.68,yes,LOW_RISK
23,unemployed,7200.70262272375,0.0,28426.62,3080.52,62809.23,6,1,132508.97,yes,MEDIUM_RISK
54,regular,20770.8,12.8,39244.86,5748.23,117253.36,6,1,32132.6,yes,LOW_RISK
61,regular,24089.41,14.0,30351.08,2814.65,55992.51,36,4,19134.73,yes,LOW_RISK
21,self_employed,58612.02,0.1,29869.73,11272.22,21823.54,12,1,5555.27,yes,LOW_RISK
40,regular,46400.93,9.9,45422.46,14181.55,99594.2,24,2,50713.63,yes,LOW_RISK
58,contractual,43550.32,8.9,33365.41,9202.54,35432.63,12,2,28621.53,no,MEDIUM_RISK
52,contractual,27773.97,2.4,67270.09,15646.8,24075.41,24,2,6305.54,yes,HIGH_RISK
59,regular,43863.62,8.3,33455.5,12769.05,30195.86,12,3,6360.6,yes,LOW_RISK
39,regular,22460.93,9.2,102118.44,5271.19,80389.74,18,2,15929.65,yes,LOW_RISK
37,regular,27742.02,8.6,12819.77,11103.49,60460.98,24,3,19318.86,no,MEDIUM_RISK
52,regular,54550.58,9.4,25570.9,21154.7,13129.68,12,2,31482.73,no,MEDIUM_RISK
27,regular,51758.5,3.7,18658.74,1622.19,48747.08,12,1,16987.7,no,LOW_RISK
31,regular,18647.0,5.4,40498.17,6902.38,156227.1,12,0,33816.8,no,LOW_RISK
48,self_employed,19989.28,13.0,12811.04,3279.7,46335.83,24,3,11381.55,no,MEDIUM_RISK
51,self_employed,33971.51,14.9,7423.32,8030.13,57413.52,12,1,17031.92,yes,LOW_RISK
26,self_employed,82690.83,1.4,15459.54,34605.44,142114.18,12,1,52230.06,yes,MEDIUM_RISK
43,regular,11158.2,9.8,8067.78,3755.43,118037.72,12,0,35128.16,no,HIGH_RISK
37,regular,37293.5,5.8,28756.64,8680.45,139868.2,18,2,18033.88,yes,LOW_RISK
43,regular,15012.93,9.4,39152.37,1832.71,8125.21,24,1,24112.7,no,HIGH_RISK
64,regular,22575.24,6.1,6151.84,6953.52,238538.22,18,2,17106.01,no,LOW_RISK
24,self_employed,26187.97,1.7,24169.28,5385.59,104761.63,36,2,3289.62,no,MEDIUM_RISK
65,regular,25392.56,23.8,74116.7,13511.64,400000.0,24,1,66928.3,no,MEDIUM_RISK
41,regular,23858.68,4.2,90405.14,7727.6,36148.76,24,1,6826.54,no,MEDIUM_RISK
55,self_employed,32127.1,19.0,60237.6,16265.31,17318.92,24,1,12326.29,no,MEDIUM_RISK
40,regular,23839.54,4.8,1442.19,5831.14,65352.85,12,2,116000.53,no,LOW_RISK
34,regular,14316.09,2.1,36301.39,6944.6,52871.16,36,3,5282.8,no,MEDIUM_RISK
55,regular,49139.55,3.7,80593.23,3002.2,106126.87,24,0,16157.74,no,LOW_RISK
51,contractual,48415.29,13.7,22015.6,9390.89,145559.29,24,1,55006.69,no,LOW_RISK
27,self_employed,50880.6,2.3,9913.08,3714.12,60880.73,12,1,78461.36,yes,LOW_RISK
52,regular,13712.83,6.5,76189.69,650.09,54263.74,12,1,28268.72,yes,LOW_RISK
54,self_employed,37718.13,12.0,84582.35,20193.31,96199.79,24,1,51090.55,no,MEDIUM_RISK
38,self_employed,46410.43,3.9,33160.29,19690.92,53631.72,18,1,14574.17,yes,MEDIUM_RISK
62,self_employed,18148.26,11.5,10016.35,6784.01,50370.25,24,1,47470.61,yes,HIGH_RISK
49,regular,32161.86,14.0,5210.49,10384.13,141491.33,12,1,17636.64,yes,LOW_RISK
36,regular,30017.76,6.1,43864.08,10303.74,167205.01,18,2,12909.43,no,MEDIUM_RISK
21,self_employed,88139.32,0.4,18810.02,33605.73,146549.31,12,0,11745.54,no,MEDIUM_RISK
51,regular,92222.92,10.6,31422.38,44692.97,57295.09,12,0,33250.41,no,MEDIUM_RISK
30,contractual,12811.46,5.5,28622.82,4590.2,13059.89,6,2,32918.66,no,MEDIUM_RISK
55,contractual,126140.42,6.0,14646.89,55718.67,58162.03,24,3,18140.51,yes,MEDIUM_RISK
44,regular,19343.6,4.3,4846.09,3569.63,36814.89,24,3,27077.8,no,LOW_RISK
42,self_employed,54877.65,2.1,22555.13,31127.64,58973.81,36,3,5147.41,no,HIGH_RISK
28,self_employed,54571.39,2.6,37487.29,2594.51,39293.89,24,1,14794.35,no,LOW_RISK
53,contractual,18506.21,11.8,38946.0,4489.92,63996.75,24,1,5458.0,no,MEDIUM_RISK
28,regular,41973.28,3.3,17677.84,21621.58,29812.58,18,1,5223.21,no,MEDIUM_RISK
39,self_employed,30162.29,4.1,83324.79,3899.61,24874.65,24,0,24819.62,yes,LOW_RISK
58,regular,43406.86,2.1,11152.66,4676.48,162618.32,36,0,19088.84,yes,LOW_RISK
62,contractual,36328.61,15.4,69818.7,8391.43,31410.56,24,0,11406.86,no,LOW_RISK
65,self_employed,61788.83,24.7,36505.6,16405.37,65016.17,12,2,14062.54,yes,LOW_RISK
64,contractual,33354.93,8.7,22737.03,18123.96,132989.93,24,2,26730.61,no,MEDIUM_RISK
46,regular,29177.71,3.7,48511.14,14293.16,129039.09,12,1,33839.17,yes,MEDIUM_RISK
30,regular,58473.36,1.9,27155.95,16679.49,117980.98,6,0,29305.97,no,LOW_RISK
58,regular,44033.63,10.0,7309.61,24885.0,81576.17,24,2,1878.38,no,MEDIUM_RISK
57,regular,47857.76,6.5,10291.36,18341.64,111875.85,24,1,448.36,no,LOW_RISK
65,regular,22202.69,10.1,25633.64,11334.75,182035.8,12,1,7625.7,no,MEDIUM_RISK
50,contractual,18008.46,11.1,20076.75,2977.36,89403.0,6,1,60900.21,no,LOW_RISK
27,regular,23417.62,1.6,68622.46,7000.23,16386.95,36,1,13587.85,no,LOW_RISK
43,self_employed,22743.61,5.7,19220.42,1054.04,43727.94,12,0,3615.34,no,LOW_RISK
41,self_employed,49310.92,1.5,18116.32,1720.17,109581.09,6,1,13426.46,no,LOW_RISK
58,regular,54736.3,19.3,15921.22,22879.73,40612.07,24,2,1203.34,no,MEDIUM_RISK
38,contractual,29382.94,4.6,14613.68,2793.19,219086.55,24,2,3736.67,no,MEDIUM_RISK
35,contractual,70297.86,3.2,15095.54,23289.3,61991.82,18,2,12407.98,yes,HIGH_RISK
24,regular,67924.31,0.4,8656.03,28039.43,69291.61,24,0,10334.03,yes,LOW_RISK
58,regular,36583.79,13.9,37785.99,1746.11,151100.54,12,0,12300.51,no,LOW_RISK
54,self_employed,20362.51,16.4,29189.21,5636.5,56670.28,12,2,27496.9,yes,LOW_RISK
22,unemployed,3467.223548014017,0.0,28146.5,1408.68,74187.45,24,2,41204.05,no,HIGH_RISK
40,contractual,30943.91,2.5,5626.04,16070.78,127578.25,24,3,20265.31,yes,HIGH_RISK
42,self_employed,34299.36,2.7,45262.53,6673.85,21545.87,12,0,43039.62,yes,LOW_RISK
42,unemployed,4668.935248946781,0.0,48899.04,2641.77,52479.03,12,0,10595.66,no,HIGH_RISK
62,regular,19616.11,21.4,98588.08,9700.12,121055.88,12,1,47938.05,yes,MEDIUM_RISK
27,contractual,14267.5,1.9,46848.11,5533.64,68277.98,6,1,20571.1,no,MEDIUM_RISK
34,regular,45322.95,3.1,113173.28,11129.46,195368.52,12,1,38287.19,no,LOW_RISK
29,unemployed,6580.254392172537,0.0,17278.86,2771.02,19934.36,6,1,10832.97,no,HIGH_RISK
31,regular,150000.0,4.6,102444.88,70000.0,18299.72,24,3,19700.06,yes,MEDIUM_RISK
61,regular,17608.74,7.1,48049.35,3465.66,115775.41,12,4,86598.01,yes,LOW_RISK
63,self_employed,16025.41,5.6,43389.86,9231.54,124429.92,24,1,19560.18,no,MEDIUM_RISK
23,regular,42364.56,0.7,27526.97,22442.23,56229.96,24,1,40905.88,yes,MEDIUM_RISK
49,self_employed,74206.99,12.7,22654.51,22041.39,87766.78,24,1,45178.62,no,LOW_RISK
31,regular,33157.21,4.4,18569.24,14176.58,113669.2,36,2,31311.98,no,MEDIUM_RISK
29,unemployed,7703.7372015671235,0.0,104967.93,2451.37,35303.77,12,0,36234.14,yes,MEDIUM_RISK
34,self_employed,11609.05,6.5,26766.35,5206.8,38254.11,12,2,10868.37,no,MEDIUM_RISK
29,regular,22045.41,1.7,48730.33,10688.5,74939.56,24,1,7333.01,no,MEDIUM_RISK
43,contractual,17729.81,5.1,57319.37,758.35,128054.25,6,1,5559.0,no,MEDIUM_RISK
65,regular,11284.85,3.2,56696.01,829.69,27110.46,12,1,26359.82,yes,LOW_RISK
47,contractual,34126.53,13.1,37927.97,7339.15,56032.2,6,2,19027.65,no,MEDIUM_RISK
53,contractual,10000.0,11.3,101081.08,5346.87,54120.32,36,1,24749.44,yes,HIGH_RISK
43,self_employed,15464.21,4.6,45762.33,3851.37,88930.63,6,3,4425.65,no,MEDIUM_RISK
21,regular,23814.14,0.1,18122.84,12338.86,64577.33,18,3,8761.68,no,MEDIUM_RISK
24,regular,20257.57,1.6,23626.16,5760.01,43162.61,18,1,39968.48,no,LOW_RISK
33,contractual,39795.77,5.5,6039.48,7516.19,165804.87,24,2,21927.4,no,MEDIUM_RISK
31,regular,37856.59,4.2,41353.95,19888.14,43377.64,12,1,20714.08,no,MEDIUM_RISK
58,regular,52317.2,5.8,51965.44,17702.51,52212.14,36,1,14684.52,no,LOW_RISK
58,regular,48402.28,19.3,55489.2,11048.61,19702.86,24,1,7877.62,yes,LOW_RISK
59,regular,59930.34,16.6,48050.06,3261.64,38060.15,18,3,49233.86,no,LOW_RISK
49,self_employed,31966.25,11.0,27610.56,2909.35,95721.63,12,1,55965.63,yes,LOW_RISK
46,regular,37812.61,9.8,32281.5,4031.61,82668.51,24,0,19793.73,no,LOW_RISK
50,regular,42396.61,15.1,32361.38,9779.2,101903.37,24,2,16242.2,yes,HIGH_RISK
39,self_employed,34592.85,9.8,68803.67,12592.94,98260.68,18,3,59237.96,yes,MEDIUM_RISK
51,regular,25720.26,10.8,3437.8,5122.82,311118.17,12,4,9056.75,no,MEDIUM_RISK
56,contractual,26652.75,9.3,21269.23,1760.15,37095.41,6,1,11626.62,yes,LOW_RISK
55,regular,20411.1,8.1,11885.12,3585.1,19294.49,12,0,38420.12,no,HIGH_RISK
48,self_employed,40351.36,12.9,131224.81,10280.51,29561.49,6,1,11420.61,yes,LOW_RISK
23,contractual,30387.39,1.1,79143.05,17495.49,38345.93,6,4,18738.68,yes,HIGH_RISK
53,self_employed,22219.95,2.9,22105.99,5469.28,31300.75,12,1,770.87,no,MEDIUM_RISK
37,regular,22231.3,2.1,7647.46,1757.55,69730.16,36,2,57030.32,no,LOW_RISK
54,regular,16444.92,17.0,10324.26,5749.36,166314.15,24,0,35752.1,no,MEDIUM_RISK
45,contractual,54822.39,12.3,68107.54,29373.95,206258.78,24,1,46505.57,no,MEDIUM_RISK
60,regular,33414.02,21.0,5815.25,15460.09,94880.54,24,1,6564.71,yes,MEDIUM_RISK
36,regular,19909.48,4.2,32726.02,9754.05,323869.75,24,4,67000.5,yes,HIGH_RISK
62,regular,49920.77,18.6,59970.67,26983.55,49754.83,12,3,17115.57,yes,MEDIUM_RISK
59,self_employed,23511.49,18.1,9244.51,8936.69,19105.92,24,0,49818.39,no,LOW_RISK
35,contractual,14763.54,3.1,32430.05,8521.63,143204.09,12,2,25724.36,yes,HIGH_RISK
42,contractual,56115.28,2.7,22444.54,2710.64,16369.85,18,1,37156.42,no,MEDIUM_RISK
44,contractual,23815.4,13.2,19838.24,11649.58,36897.18,36,1,27517.6,no,MEDIUM_RISK
55,regular,25555.21,2.3,16798.27,12812.25,96011.83,36,1,11327.08,no,MEDIUM_RISK
52,regular,32733.04,11.2,63777.4,17485.51,60195.71,12,0,2369.2,no,MEDIUM_RISK
59,regular,59988.93,14.6,91677.24,17576.35,56326.93,24,1,52945.67,yes,LOW_RISK
37,contractual,32354.61,6.6,25732.11,14988.78,26810.53,12,1,40662.68,no,MEDIUM_RISK
43,regular,16547.28,4.1,43540.3,2271.85,64475.51,6,2,52890.95,yes,LOW_RISK
40,self_employed,43158.02,8.2,33065.34,15611.19,137983.5,6,0,3410.33,no,LOW_RISK
61,self_employed,24507.8,6.5,4125.66,5569.52,65980.76,12,6,12016.5,yes,MEDIUM_RISK
34,regular,90386.42,6.5,24837.45,32348.89,34873.17,24,3,2868.72,yes,LOW_RISK
47,regular,31980.3,4.3,3075.83,12841.95,25501.4,12,1,9579.76,yes,LOW_RISK
26,regular,10000.0,2.4,20751.97,2208.88,35416.98,6,1,45889.51,yes,LOW_RISK
59,unemployed,6294.813392900813,0.0,31675.44,937.49,87237.79,36,1,36800.74,no,MEDIUM_RISK
38,self_employed,93248.19,2.6,56360.08,19295.69,84106.93,24,1,32733.15,yes,HIGH_RISK
36,self_employed,76133.78,2.7,40455.79,30086.28,35659.19,18,1,12106.73,no,HIGH_RISK
47,regular,87598.23,11.9,65024.95,35239.09,12382.92,18,2,4163.0,no,MEDIUM_RISK
43,regular,18262.83,2.1,14232.26,7994.08,89067.71,18,1,14683.18,yes,MEDIUM_RISK
59,regular,52847.99,5.7,83398.71,5263.4,33152.12,18,1,5510.54,yes,HIGH_RISK
44,regular,21512.6,6.7,91747.67,10330.02,108982.15,24,1,41025.06,yes,MEDIUM_RISK
44,regular,36201.3,12.4,2844.68,14787.55,36866.56,36,2,68653.96,no,MEDIUM_RISK
25,regular,15888.76,1.7,5391.14,743.24,30983.72,12,1,25545.19,yes,LOW_RISK
21,unemployed,6513.105029172247,0.0,31042.41,1397.57,72912.95,18,3,3349.53,no,HIGH_RISK
38,regular,22060.75,9.7,19329.05,6324.62,380947.55,6,1,54509.18,yes,LOW_RISK
65,regular,52454.25,12.7,22264.16,11977.38,113995.59,36,3,20729.85,yes,LOW_RISK
62,self_employed,49706.29,11.2,40158.28,4701.19,71991.77,12,0,18163.7,yes,LOW_RISK
49,contractual,37262.47,7.4,66980.84,5367.3,85074.38,12,3,30407.36,no,MEDIUM_RISK
49,contractual,15225.99,6.0,13476.3,662.46,17479.88,36,0,4413.95,no,LOW_RISK
38,contractual,26959.46,3.8,75460.24,2188.9,28011.97,24,1,12322.41,no,MEDIUM_RISK
28,self_employed,21229.08,3.2,16504.18,3746.19,9886.7,12,0,16969.06,yes,LOW_RISK
21,contractual,51627.66,0.1,143844.07,24832.06,237886.27,12,0,23590.62,yes,MEDIUM_RISK
36,regular,61174.94,6.3,83839.08,19554.61,204368.92,12,0,25829.81,no,LOW_RISK
35,contractual,57211.1,2.3,18199.94,15073.63,87269.51,36,0,30360.91,no,LOW_RISK
29,regular,21123.06,2.2,7854.37,8326.49,71932.17,18,1,9874.42,no,MEDIUM_RISK
32,regular,10000.0,1.5,17797.97,3278.31,20301.5,12,1,1672.81,no,MEDIUM_RISK
22,regular,12108.49,0.7,15502.7,1239.09,55142.03,24,4,14533.24,no,MEDIUM_RISK
48,regular,69939.51,11.6,51091.56,10661.78,249306.03,18,2,16437.85,yes,LOW_RISK
62,self_employed,25662.88,9.5,2957.65,3910.7,71732.88,6,1,1541.37,no,LOW_RISK
52,regular,21175.34,4.2,5479.07,7622.57,42559.47,36,0,9280.37,yes,LOW_RISK
41,regular,78980.35,3.4,49966.03,22422.0,17388.94,6,1,21650.52,no,LOW_RISK
39,regular,64172.44,8.7,14847.95,15604.93,183023.87,36,1,10987.15,yes,HIGH_RISK
34,self_employed,32433.2,2.6,21003.33,10902.47,61671.65,24,0,20838.1,no,MEDIUM_RISK
27,regular,27231.22,3.1,59763.8,15346.53,17406.38,6,1,10470.66,no,MEDIUM_RISK
47,contractual,29757.47,5.8,69234.46,6035.01,32498.31,24,1,32342.67,no,MEDIUM_RISK
46,self_employed,36258.56,3.8,80901.83,11461.6,24934.04,24,0,6087.4,no,MEDIUM_RISK
21,regular,77150.8,0.4,55996.12,22698.04,58884.6,24,0,18386.25,no,LOW_RISK
39,contractual,40370.24,5.4,26804.33,17123.19,75936.05,24,1,19261.5,no,MEDIUM_RISK
33,regular,47705.75,0.9,24865.17,20592.65,44566.14,6,1,39710.69,no,MEDIUM_RISK
28,regular,60875.72,4.2,22332.68,26236.76,116416.26,6,2,13020.69,no,MEDIUM_RISK
52,contractual,16817.4,4.0,9284.65,2368.49,68957.4,24,1,67901.94,yes,LOW_RISK
44,self_employed,48468.3,5.4,12917.21,13425.78,144188.51,12,0,65886.96,no,LOW_RISK
49,regular,27213.77,7.0,73273.1,12957.73,49724.2,12,2,6601.74,yes,MEDIUM_RISK
53,regular,10000.0,9.7,16388.53,2398.42,400000.0,18,0,17868.7,no,MEDIUM_RISK
65,regular,10000.0,19.9,9351.97,5713.4,42564.51,12,3,3870.68,yes,MEDIUM_RISK
57,regular,18279.34,2.0,77832.49,4215.81,33012.62,24,1,28323.13,yes,LOW_RISK
48,contractual,42858.7,14.5,38182.87,13016.91,30104.11,24,1,10820.75,no,MEDIUM_RISK
61,self_employed,35844.76,10.36,60332.77,18009.39,24919.94,12,2,36424.51,no,MEDIUM_RISK
46,self_employed,73232.31,13.07,72050.32,40203.93,101109.55,19,0,12381.15,no,MEDIUM_RISK
37,regular,84515.0,2.01,115993.24,35133.06,28997.12,36,1,53114.84,no,MEDIUM_RISK
56,self_employed,40413.4,4.55,71774.3,19194.57,29473.64,24,1,53177.47,yes,MEDIUM_RISK
63,self_employed,45328.98,7.86,75002.78,20683.95,26072.15,11,0,11269.39,yes,MEDIUM_RISK
53,regular,58273.33,9.51,27284.74,20377.07,12655.04,12,2,31594.72,no,MEDIUM_RISK
57,self_employed,24880.49,19.56,72015.19,12685.81,180484.73,24,2,5253.55,yes,MEDIUM_RISK
20,self_employed,40720.82,0.02,7237.73,18096.28,36541.33,12,2,64103.63,yes,MEDIUM_RISK
33,self_employed,37116.1,0.63,2923.17,14236.34,11670.6,36,0,13169.01,no,MEDIUM_RISK
32,contractual,43622.24,3.68,10097.0,16090.45,189087.39,13,2,10920.05,yes,MEDIUM_RISK
59,contractual,27669.35,17.78,34653.82,8161.62,217792.02,17,2,20198.25,no,MEDIUM_RISK
33,regular,8200.69,1.15,17073.34,3160.76,22360.96,12,1,903.66,no,MEDIUM_RISK
62,regular,21118.93,18.57,11639.97,9411.76,142091.87,12,2,27701.47,yes,MEDIUM_RISK
23,regular,22755.73,1.26,72797.77,14619.73,66326.89,24,0,7750.0,no,MEDIUM_RISK
30,contractual,36243.71,2.65,52259.23,12208.74,59436.87,25,0,28536.38,no,MEDIUM_RISK
32,regular,9456.78,4.01,32552.48,3647.07,46666.53,37,1,4456.87,no,MEDIUM_RISK
58,regular,19260.02,19.73,27613.27,7817.3,105602.72,37,3,29060.46,no,MEDIUM_RISK
47,regular,38815.46,1.93,54843.56,8558.48,61071.76,18,5,7934.05,yes,MEDIUM_RISK
44,regular,25064.97,5.31,31079.61,9752.3,267469.95,36,1,94572.42,no,MEDIUM_RISK
29,self_employed,10869.07,2.68,44871.99,4808.36,27401.71,12,2,59501.89,no,MEDIUM_RISK
60,regular,34534.5,11.14,84802.14,18224.58,54483.05,23,1,13177.03,no,MEDIUM_RISK
47,regular,101039.97,4.38,22309.13,50297.59,217186.34,25,1,41183.82,no,MEDIUM_RISK
28,self_employed,11307.0,0.39,9255.46,4031.06,14683.41,36,1,8395.29,no,MEDIUM_RISK
21,regular,25261.88,0.0,19118.63,13303.55,67219.56,18,3,8242.21,no,MEDIUM_RISK
46,regular,16778.99,1.98,27294.6,1090.7,123604.38,12,1,29460.82,yes,MEDIUM_RISK
24,regular,26361.89,1.08,15597.82,10969.26,339549.53,23,0,6655.19,no,MEDIUM_RISK
46,regular,54035.42,13.57,72379.25,24943.8,52314.51,11,2,39777.53,no,MEDIUM_RISK
31,regular,61927.95,6.13,45643.86,32875.52,67746.36,25,1,44886.62,yes,MEDIUM_RISK
40,regular,32665.11,7.14,15104.65,9516.73,64354.43,36,3,15200.51,no,MEDIUM_RISK
42,regular,9054.53,4.64,87726.08,0.0,31209.11,24,1,12407.68,no,MEDIUM_RISK
29,self_employed,10032.81,3.19,45667.17,4998.6,14217.85,12,2,60018.0,no,MEDIUM_RISK
47,self_employed,24853.89,3.25,88483.32,9067.98,80009.24,19,2,10090.05,no,MEDIUM_RISK
32,regular,25680.18,5.26,128389.48,12579.97,13263.47,37,1,15747.59,yes,MEDIUM_RISK
62,regular,21727.55,8.11,17440.26,10561.88,44656.35,11,3,7869.58,no,MEDIUM_RISK
54,contractual,18664.52,12.12,47216.91,4219.26,48432.87,25,1,4281.42,no,MEDIUM_RISK
55,regular,77180.7,10.08,18918.07,41610.66,59082.24,19,2,40486.18,no,MEDIUM_RISK
35,regular,26673.73,8.63,13327.7,11606.9,68629.21,24,3,17143.41,no,MEDIUM_RISK
42,self_employed,22515.23,2.37,17239.53,11881.27,59169.28,11,0,30581.17,no,MEDIUM_RISK
34,regular,36044.93,2.39,57255.64,18487.67,10758.3,19,0,16272.16,no,MEDIUM_RISK
36,contractual,56074.49,4.94,26328.38,11737.42,87203.14,18,1,78399.61,yes,MEDIUM_RISK
36,regular,14288.26,5.24,0.0,7044.75,111333.62,6,2,28211.01,no,MEDIUM_RISK
49,contractual,64660.1,10.34,23461.0,34397.46,74216.99,24,1,15860.93,no,MEDIUM_RISK
30,self_employed,109606.54,6.75,16017.04,64249.9,122569.33,26,1,38026.46,no,MEDIUM_RISK
29,regular,34959.73,3.49,52044.67,18569.99,100613.45,18,0,17179.97,yes,MEDIUM_RISK
28,contractual,46898.62,1.81,59260.39,26880.24,216930.65,17,0,15192.55,yes,MEDIUM_RISK
37,contractual,26181.11,4.04,74585.97,3200.49,28589.34,23,1,10029.43,no,MEDIUM_RISK
47,self_employed,18180.74,2.37,21458.27,8648.8,44342.89,19,1,4165.97,yes,MEDIUM_RISK
63,contractual,34524.56,8.36,23913.35,18638.91,139789.38,25,2,26671.85,no,MEDIUM_RISK
44,self_employed,24507.69,11.1,12765.66,8587.2,115981.82,13,2,52561.43,yes,MEDIUM_RISK
56,self_employed,27234.21,7.35,42735.37,796.97,31838.92,12,2,6884.13,yes,MEDIUM_RISK
25,regular,22418.93,1.63,74191.14,12690.89,60840.77,25,0,9149.08,no,MEDIUM_RISK
45,self_employed,23761.84,1.66,27426.81,12498.04,20428.21,11,1,27243.69,no,MEDIUM_RISK
26,self_employed,21073.3,1.35,64458.93,7765.92,65058.65,12,1,17421.63,yes,MEDIUM_RISK
28,regular,59127.36,3.73,58835.29,32485.36,85274.15,18,1,10666.45,no,MEDIUM_RISK
37,contractual,36999.14,4.61,34002.42,15940.17,42679.38,37,0,9478.58,no,MEDIUM_RISK
45,self_employed,7216.52,9.44,41696.6,4357.45,11668.06,24,1,24954.75,no,MEDIUM_RISK
29,regular,47556.41,1.94,23519.93,15523.83,63290.21,24,2,53034.24,yes,MEDIUM_RISK
40,contractual,43703.83,1.02,25695.31,10838.78,296533.08,36,0,12548.98,no,MEDIUM_RISK
30,regular,19924.82,4.14,0.0,8178.76,94952.26,23,4,21391.02,yes,MEDIUM_RISK
56,regular,45333.78,9.35,11879.18,11054.24,39494.72,10,2,34863.4,yes,MEDIUM_RISK
48,contractual,32569.43,12.84,37590.3,7013.9,56442.51,7,2,18093.69,no,MEDIUM_RISK
44,regular,32478.03,5.39,48519.16,16234.15,15386.47,36,0,1961.75,no,MEDIUM_RISK
65,contractual,16325.59,2.62,67377.79,4657.97,101428.16,24,1,46283.21,no,MEDIUM_RISK
49,contractual,37085.25,7.1,69886.46,5889.34,87434.0,13,3,31028.15,no,MEDIUM_RISK
28,regular,36199.14,3.98,31165.08,12583.13,114422.78,13,1,61062.23,no,MEDIUM_RISK
27,self_employed,32977.01,2.72,41886.09,13412.97,26401.4,12,1,20793.78,no,MEDIUM_RISK
27,contractual,15765.8,2.22,47468.65,5465.67,70792.1,7,1,21449.08,no,MEDIUM_RISK
47,regular,105191.16,5.07,17848.34,48954.23,235304.1,24,1,39295.91,no,MEDIUM_RISK
63,regular,27751.9,5.05,2517.3,13940.66,6783.87,12,1,59719.21,yes,MEDIUM_RISK
21,contractual,133152.99,0.62,13913.5,14472.58,25197.73,24,2,9775.17,yes,MEDIUM_RISK
27,contractual,34695.0,3.26,25246.56,5592.41,60049.14,35,2,11510.89,yes,MEDIUM_RISK
34,contractual,19568.39,3.03,31943.39,2146.56,195868.3,19,1,20676.24,no,MEDIUM_RISK
34,contractual,39564.63,0.97,107611.55,11002.15,40075.35,10,0,45843.69,no,MEDIUM_RISK
55,regular,22727.85,15.11,13544.33,12241.85,22409.63,18,0,28094.8,no,MEDIUM_RISK
40,self_employed,43540.85,9.88,19035.6,17538.72,249717.94,36,3,4185.79,no,MEDIUM_RISK
28,self_employed,24221.65,1.74,45965.59,12958.22,104948.09,35,1,17990.69,yes,MEDIUM_RISK
21,regular,31713.08,0.0,14853.91,12691.75,68247.69,24,1,68947.8,no,MEDIUM_RISK
46,self_employed,22929.32,3.75,86820.18,9055.57,90098.14,19,2,12138.58,no,MEDIUM_RISK
50,self_employed,61098.94,10.17,98643.05,23276.18,19200.94,25,2,37790.35,no,MEDIUM_RISK
25,unemployed,9398.41,0.0,20378.67,0.0,9836.07,6,3,34862.76,yes,MEDIUM_RISK
45,contractual,55262.21,12.04,68496.35,28690.89,214108.98,24,1,46290.0,no,MEDIUM_RISK
64,regular,30224.77,19.6,39161.63,18078.15,36193.14,17,1,10228.08,yes,MEDIUM_RISK
43,regular,10856.0,6.69,18238.21,3030.12,123670.65,24,1,2993.13,yes,MEDIUM_RISK
54,regular,50494.47,3.57,25323.24,11500.36,88430.75,12,2,76190.73,no,MEDIUM_RISK
52,regular,22669.1,4.43,12277.84,7658.56,35291.8,11,1,2683.0,no,MEDIUM_RISK
34,self_employed,114395.99,6.34,22535.65,62114.77,115380.77,24,1,33654.79,no,MEDIUM_RISK
49,contractual,22505.21,3.79,28054.41,9494.3,67298.43,36,0,12830.93,yes,MEDIUM_RISK
27,self_employed,25745.15,2.22,40232.63,2440.25,162833.42,19,3,64843.3,no,MEDIUM_RISK
23,contractual,25144.29,2.24,22478.11,9129.68,20012.93,18,1,21525.45,yes,MEDIUM_RISK
54,regular,47280.06,4.61,28873.06,12565.14,90107.25,12,2,78419.42,no,MEDIUM_RISK
33,regular,23798.19,2.51,50895.96,11109.71,74427.0,13,2,5180.37,yes,MEDIUM_RISK
49,regular,29987.65,1.54,67048.51,8522.84,78738.12,36,2,8716.81,no,MEDIUM_RISK
23,regular,26217.27,1.96,19459.57,12865.88,27902.53,25,0,24530.71,yes,MEDIUM_RISK
38,regular,29197.51,6.05,30932.03,13570.04,66092.74,18,0,23040.9,no,MEDIUM_RISK
66,regular,21166.35,9.35,24286.83,10770.72,180172.46,12,1,6430.03,no,MEDIUM_RISK
52,regular,27731.72,1.93,53295.65,10602.88,67343.71,23,1,1696.07,no,MEDIUM_RISK
28,regular,19906.97,4.03,158843.95,1697.78,31536.86,6,2,13928.73,no,MEDIUM_RISK
52,regular,43105.15,9.86,15187.68,11155.74,44402.59,11,2,33074.59,yes,MEDIUM_RISK
37,contractual,52705.08,5.84,27086.39,18841.88,130336.0,36,2,14368.16,yes,MEDIUM_RISK
34,self_employed,17328.81,4.2,43729.86,6676.5,81304.5,25,3,19255.69,yes,MEDIUM_RISK
54,regular,51492.03,3.76,29040.36,13068.28,81001.29,12,2,77857.92,no,MEDIUM_RISK
30,self_employed,33518.85,1.06,6886.2,12521.52,5233.34,37,0,17353.92,no,MEDIUM_RISK
47,regular,26424.28,2.08,67845.64,8750.68,79997.57,37,2,7564.76,no,MEDIUM_RISK
29,contractual,32903.66,4.85,74191.96,7665.93,121820.86,12,4,9129.08,yes,MEDIUM_RISK
62,regular,30249.95,3.4,12648.31,6812.07,91748.34,19,2,10402.49,no,MEDIUM_RISK
50,contractual,15707.96,7.73,41267.14,7397.41,25182.83,12,1,6621.43,no,MEDIUM_RISK
32,contractual,27671.93,1.73,44855.3,13028.18,29710.27,6,2,13729.06,no,MEDIUM_RISK
26,self_employed,30976.55,2.83,24506.71,8420.96,177753.39,13,0,6292.5,no,MEDIUM_RISK
53,regular,20226.1,5.42,9710.72,12997.78,32846.9,13,2,25083.95,no,MEDIUM_RISK
21,contractual,20862.83,1.0,110567.8,6624.76,19162.79,12,0,2638.14,no,MEDIUM_RISK
33,regular,40389.49,3.03,59736.55,19356.69,14290.56,17,0,12146.19,no,MEDIUM_RISK
32,contractual,28760.55,1.81,42613.12,11507.12,14131.42,6,2,12523.48,no,MEDIUM_RISK
60,regular,22710.06,7.86,13770.56,8812.24,35238.68,13,3,9541.73,no,MEDIUM_RISK
47,unemployed,6882.81,0.0,35782.79,2657.25,52356.72,19,1,39018.79,no,MEDIUM_RISK
58,regular,58842.4,9.92,59709.0,20761.94,56470.09,24,2,9714.37,no,MEDIUM_RISK
28,regular,21074.12,4.26,18830.03,5094.67,171466.12,22,2,27878.89,no,MEDIUM_RISK
53,contractual,8259.56,15.16,41095.13,2801.08,178178.11,12,1,16922.59,yes,MEDIUM_RISK
32,self_employed,18794.82,4.53,43122.3,5618.86,66630.92,24,3,20536.64,yes,MEDIUM_RISK
27,self_employed,77850.23,1.88,124737.74,42697.48,167478.58,18,1,84737.74,yes,MEDIUM_RISK
46,regular,23650.14,2.54,46667.28,13143.33,62433.39,24,1,37013.43,no,MEDIUM_RISK
56,self_employed,40955.48,4.08,69844.32,17855.16,27678.34,24,1,50324.76,yes,MEDIUM_RISK
33,contractual,56307.6,1.88,60818.37,11841.45,54507.85,19,0,8557.47,no,MEDIUM_RISK
36,regular,86676.35,1.84,118121.43,34909.21,32447.87,36,1,54278.62,no,MEDIUM_RISK
51,regular,21103.26,5.1,10665.39,12143.06,23361.23,12,2,26505.99,no,MEDIUM_RISK
58,contractual,42689.62,8.56,35663.15,10137.74,33880.07,12,2,26187.2,no,MEDIUM_RISK
50,self_employed,58371.18,10.72,96351.66,22966.16,7476.97,24,2,39470.81,no,MEDIUM_RISK
48,contractual,35764.29,10.53,10770.56,9455.5,50500.78,24,1,15107.69,no,MEDIUM_RISK
42,self_employed,18707.8,10.69,45034.55,8391.5,46493.53,23,1,16228.84,no,MEDIUM_RISK
53,self_employed,75934.69,6.21,59328.8,27086.53,28183.12,12,3,5243.94,no,MEDIUM_RISK
62,regular,26954.97,6.89,61012.23,17592.43,46304.12,25,0,30965.89,yes,MEDIUM_RISK
50,self_employed,58731.04,10.37,95234.93,20954.07,5721.11,25,2,34631.05,no,MEDIUM_RISK
52,self_employed,28165.05,3.47,63349.27,11923.72,55267.95,12,3,25172.21,no,MEDIUM_RISK
59,self_employed,32656.66,10.04,59205.98,17640.6,9971.23,11,2,36877.51,no,MEDIUM_RISK
30,regular,24520.92,3.59,31559.42,6639.64,40673.72,23,2,11403.54,no,MEDIUM_RISK
26,contractual,35263.48,4.21,33581.39,4874.96,65243.4,36,2,11809.81,yes,MEDIUM_RISK
41,contractual,41527.48,8.83,9747.01,2693.71,126003.18,36,2,24980.51,no,MEDIUM_RISK
47,regular,13099.95,4.75,82818.4,1044.19,60260.01,12,0,2869.79,no,MEDIUM_RISK
28,contractual,32032.8,2.65,73859.3,2097.72,147692.27,23,1,33451.82,no,MEDIUM_RISK
29,self_employed,21686.68,1.07,143426.78,2752.82,67678.53,35,0,28647.82,no,MEDIUM_RISK
65,regular,29076.77,19.55,35013.05,16762.28,40357.86,17,1,9369.14,yes,MEDIUM_RISK
47,contractual,29838.85,5.44,67833.26,5435.89,38661.27,22,1,32511.13,no,MEDIUM_RISK
41,contractual,23330.91,4.72,10946.74,4620.72,43541.94,24,2,12948.61,no,MEDIUM_RISK
34,regular,42404.14,2.19,59211.85,19126.11,5351.18,20,0,18378.55,no,MEDIUM_RISK
27,contractual,24393.56,0.42,34063.34,8199.9,47881.31,13,1,43621.77,yes,MEDIUM_RISK
49,regular,25550.12,7.14,71162.9,13587.26,52347.46,11,2,6910.09,yes,MEDIUM_RISK
24,unemployed,7556.47,0.0,27971.62,3192.19,58454.75,6,1,132497.69,yes,MEDIUM_RISK
26,contractual,41593.08,0.84,20648.0,7570.74,13134.86,23,1,39279.95,no,MEDIUM_RISK
39,contractual,11579.92,7.33,80533.44,3770.91,73533.89,35,1,6760.59,no,MEDIUM_RISK
51,self_employed,21084.27,9.21,99661.89,4448.43,193081.36,11,2,59783.54,yes,MEDIUM_RISK
60,self_employed,49631.55,4.0,71942.14,12034.05,88067.29,24,2,31909.13,yes,MEDIUM_RISK
58,contractual,44681.05,8.79,29654.55,8729.65,27600.32,12,2,27899.85,no,MEDIUM_RISK
26,regular,56996.62,1.5,49411.77,12361.17,40593.52,12,2,52831.9,no,MEDIUM_RISK
35,self_employed,11932.25,6.88,26039.13,5683.24,37580.55,12,2,10900.96,no,MEDIUM_RISK
31,regular,34784.44,4.78,74119.46,7440.67,30557.78,12,3,6721.47,no,MEDIUM_RISK
34,regular,21456.11,3.15,53702.29,10552.83,59505.65,12,2,5947.97,yes,MEDIUM_RISK
54,self_employed,58734.68,7.51,155285.6,25877.34,45621.56,17,0,8650.69,no,MEDIUM_RISK
56,regular,8902.79,13.33,60660.6,881.49,107200.42,11,2,15058.36,no,MEDIUM_RISK
59,self_employed,39786.2,12.34,61309.36,19754.05,158539.23,35,1,10311.05,no,MEDIUM_RISK
58,regular,59419.67,9.64,60562.84,20584.61,66657.79,24,2,10173.15,no,MEDIUM_RISK
52,regular,63191.07,6.75,31368.57,29853.73,48746.3,12,1,17723.21,yes,MEDIUM_RISK
50,regular,11710.4,10.29,16293.05,137.03,381694.55,17,0,17871.69,no,MEDIUM_RISK
40,contractual,34512.69,8.12,27800.5,16479.84,22889.85,12,1,17437.26,no,MEDIUM_RISK
25,regular,37001.56,4.51,30968.74,12684.38,108654.72,11,1,59471.74,no,MEDIUM_RISK
51,self_employed,31132.81,8.14,99997.76,8016.61,402278.69,13,1,11092.02,no,MEDIUM_RISK
50,contractual,19778.48,6.93,5528.57,5573.31,113465.74,12,1,5614.23,no,MEDIUM_RISK
31,regular,82895.49,2.7,52256.65,37684.22,10112.35,12,1,54651.54,no,MEDIUM_RISK
26,contractual,38184.66,3.33,12795.19,7803.85,22099.13,19,1,11718.37,no,MEDIUM_RISK
21,contractual,23766.92,1.91,34708.71,680.12,2998.51,23,1,21733.77,no,MEDIUM_RISK
26,contractual,27095.56,1.29,30137.23,5620.86,33873.4,12,0,30873.67,no,MEDIUM_RISK
30,self_employed,36300.49,0.4,40083.91,12595.92,47604.37,6,1,12415.88,no,MEDIUM_RISK
52,self_employed,41345.45,2.68,49587.17,3771.74,18187.92,12,2,54889.54,no,MEDIUM_RISK
61,self_employed,37170.96,10.37,65782.59,16573.28,22383.0,12,2,35988.69,no,MEDIUM_RISK
65,contractual,48056.89,8.24,67394.11,21101.1,95912.49,11,2,79156.67,yes,MEDIUM_RISK
59,regular,44523.46,4.51,7232.55,15425.66,45389.6,18,1,58936.74,no,MEDIUM_RISK
22,self_employed,39296.9,0.69,7846.15,18212.71,21075.8,12,2,60912.43,yes,MEDIUM_RISK
32,contractual,43098.31,1.6,104558.11,10606.16,33506.88,12,0,45467.54,no,MEDIUM_RISK
31,contractual,38443.39,3.9,47917.15,11633.27,70709.54,25,0,24645.69,no,MEDIUM_RISK
65,contractual,52861.21,22.39,29146.96,16282.14,83785.58,12,2,211.17,no,MEDIUM_RISK
57,regular,56570.9,19.91,19366.89,21251.23,39591.95,24,2,2124.74,no,MEDIUM_RISK
61,regular,32564.43,12.03,88073.45,17769.39,51084.15,24,1,10363.68,no,MEDIUM_RISK
53,regular,18938.64,17.26,15572.63,5708.42,165722.0,24,0,34557.89,no,MEDIUM_RISK
60,regular,34545.62,5.39,28187.87,15641.23,26328.97,13,2,1332.59,no,MEDIUM_RISK
37,contractual,37296.39,4.7,38668.98,16799.11,37965.92,36,0,2506.93,no,MEDIUM_RISK
22,self_employed,42833.72,0.27,7052.54,16669.95,28722.46,12,2,63527.34,yes,MEDIUM_RISK
23,contractual,17897.81,1.68,62404.9,10078.01,58683.57,25,0,28336.77,yes,MEDIUM_RISK
37,contractual,88545.91,1.21,51376.1,34195.64,44560.52,18,2,15712.07,no,MEDIUM_RISK
37,regular,16261.36,5.63,5139.57,5538.92,122624.78,6,2,28284.8,no,MEDIUM_RISK
25,contractual,19932.65,1.95,87669.31,1516.68,39823.53,12,2,16425.54,no,MEDIUM_RISK
28,regular,15018.05,3.08,152559.53,1735.38,32272.23,6,2,12703.32,no,MEDIUM_RISK
46,regular,21790.88,10.7,9464.77,5927.83,283371.1,11,1,5784.64,no,MEDIUM_RISK
53,regular,43579.54,9.69,16806.12,11113.75,36407.82,12,2,34117.37,yes,MEDIUM_RISK
35,contractual,57234.38,4.79,26288.51,12804.28,97072.73,19,1,79951.94,yes,MEDIUM_RISK
28,regular,15314.48,3.52,10663.2,5408.6,113903.43,11,3,42638.57,no,MEDIUM_RISK
63,contractual,60261.18,7.73,7377.15,21516.87,69297.81,19,1,12685.13,no,MEDIUM_RISK
45,regular,86398.51,12.53,64869.27,35109.98,11350.95,16,2,4184.91,no,MEDIUM_RISK
38,regular,22472.51,8.48,35454.02,7746.47,121107.59,18,4,31177.82,yes,MEDIUM_RISK
32,regular,32015.44,0.91,59641.54,11037.18,75693.24,13,4,8625.9,no,MEDIUM_RISK
22,regular,15227.86,0.41,27667.74,3919.29,43293.04,18,1,15207.62,no,MEDIUM_RISK
64,self_employed,41067.53,19.81,40776.1,15862.16,18285.69,12,2,11676.74,yes,MEDIUM_RISK
42,regular,17053.26,1.76,16565.88,8317.34,89703.58,19,1,14499.04,yes,MEDIUM_RISK
21,regular,16484.17,0.62,86106.05,6414.14,53262.7,23,3,15447.78,yes,MEDIUM_RISK
31,regular,152716.43,3.85,104600.38,69606.46,14722.72,24,3,19783.58,yes,MEDIUM_RISK
22,contractual,19857.27,1.88,66783.62,11795.44,60501.37,24,0,29798.66,yes,MEDIUM_RISK
34,self_employed,110731.83,7.05,21130.59,63845.83,117784.33,25,1,38109.91,no,MEDIUM_RISK
49,unemployed,6917.85,0.0,37046.51,2163.97,53994.1,17,1,36844.75,no,MEDIUM_RISK
44,contractual,48406.36,2.53,38472.65,8384.89,21950.29,24,1,31259.26,no,MEDIUM_RISK
42,self_employed,24364.11,11.78,43762.01,11431.9,47072.91,23,1,18687.76,no,MEDIUM_RISK
38,contractual,25516.23,3.6,76958.61,1951.22,37527.44,23,1,12852.75,no,MEDIUM_RISK
51,self_employed,37553.53,4.87,86315.74,11383.29,39081.47,37,0,17186.64,no,MEDIUM_RISK
57,self_employed,28208.12,7.21,48497.94,708.58,24040.67,12,2,685.52,yes,MEDIUM_RISK
33,regular,53616.47,2.99,62602.0,30976.12,140620.1,18,1,21799.71,yes,MEDIUM_RISK
32,self_employed,69401.49,1.86,9340.95,30093.89,32540.0,6,1,18538.81,yes,MEDIUM_RISK
64,regular,30914.16,23.65,53061.77,14819.36,54098.12,12,1,11662.41,no,MEDIUM_RISK
27,regular,25706.75,2.4,11273.89,12990.68,107928.16,24,1,3600.74,no,MEDIUM_RISK
58,contractual,24111.32,7.52,79711.64,10550.08,51350.73,11,1,7097.81,no,MEDIUM_RISK
59,regular,149418.3,9.45,49392.17,69023.65,330886.09,36,1,15944.15,yes,MEDIUM_RISK
50,contractual,31815.89,10.03,11221.57,9302.83,36856.07,24,1,16691.22,no,MEDIUM_RISK
51,contractual,42730.37,11.27,26170.21,22593.27,83633.93,35,0,65427.99,no,MEDIUM_RISK
37,contractual,89266.22,1.99,52452.96,34460.21,56166.32,18,2,14205.92,no,MEDIUM_RISK
39,contractual,30423.04,4.77,16477.66,2491.37,218732.43,24,2,123.76,no,MEDIUM_RISK
55,regular,10450.4,13.03,62309.57,871.68,115759.63,12,2,10667.78,no,MEDIUM_RISK
28,contractual,39466.74,1.93,66871.35,17497.6,22459.11,6,1,22198.67,yes,MEDIUM_RISK
22,contractual,17143.24,1.0,113114.14,6735.73,19751.14,14,0,2145.47,no,MEDIUM_RISK
40,contractual,51426.56,10.44,93025.84,25956.65,78038.92,25,0,17916.16,yes,MEDIUM_RISK
58,regular,47088.65,4.39,9530.41,15459.46,42260.79,17,1,63144.9,no,MEDIUM_RISK
48,regular,23456.34,11.61,20614.82,10607.45,21892.71,17,1,26394.33,no,MEDIUM_RISK
33,regular,22283.74,0.61,21731.8,10256.95,35356.81,35,1,64184.88,no,MEDIUM_RISK
62,unemployed,4326.81,0.34,12141.94,324.99,49762.3,25,0,8568.6,yes,MEDIUM_RISK
28,regular,51410.05,1.5,21619.31,16229.7,54438.23,24,2,53359.41,yes,MEDIUM_RISK
63,regular,15020.81,14.82,3659.59,9805.31,55816.29,36,5,11508.51,yes,MEDIUM_RISK
41,regular,21954.22,7.03,36542.01,12289.2,133298.64,13,0,22992.35,no,MEDIUM_RISK
37,regular,30015.36,8.29,12189.03,11668.1,58922.33,24,3,21807.26,no,MEDIUM_RISK
41,self_employed,57435.43,9.21,35718.18,24171.6,27459.85,36,1,87524.92,no,MEDIUM_RISK
48,contractual,64896.7,10.04,36123.06,34262.9,62866.09,24,1,12861.76,no,MEDIUM_RISK
33,regular,54418.86,3.98,18231.88,28375.15,28006.9,24,2,9415.25,no,MEDIUM_RISK
59,regular,105372.87,2.81,18232.33,52209.39,392546.23,25,1,21423.75,no,MEDIUM_RISK
41,contractual,32986.79,6.92,22686.2,17067.28,23348.71,11,1,13848.99,no,MEDIUM_RISK
60,self_employed,16381.72,14.63,7942.82,5405.2,23756.24,13,2,5221.88,no,MEDIUM_RISK
65,contractual,49718.74,22.55,42898.58,16278.36,170275.35,24,2,8828.89,no,MEDIUM_RISK
49,self_employed,46983.3,4.03,81142.68,13202.07,36190.91,12,1,58234.86,no,MEDIUM_RISK
33,self_employed,16472.13,4.69,46070.82,5999.49,79327.94,23,3,17499.53,yes,MEDIUM_RISK
53,regular,17663.54,9.79,76672.95,5066.62,218933.68,23,2,34488.62,yes,MEDIUM_RISK
32,contractual,43787.25,3.32,9888.19,15271.0,184946.44,12,2,11104.9,yes,MEDIUM_RISK
54,regular,31447.24,7.42,25848.65,17927.17,73221.46,16,2,11646.54,no,MEDIUM_RISK
53,regular,21254.44,4.22,9337.42,8294.89,22724.77,12,1,5032.01,no,MEDIUM_RISK
54,contractual,9727.14,15.91,44708.77,6413.45,111174.99,18,0,84519.75,no,MEDIUM_RISK
55,regular,10788.16,10.77,70258.02,5640.32,110740.16,25,1,27311.44,yes,MEDIUM_RISK
48,self_employed,17656.2,12.39,116704.98,4251.98,36452.15,12,1,2979.42,no,MEDIUM_RISK
50,contractual,14673.01,8.04,45838.27,8003.1,21089.34,12,1,6576.63,no,MEDIUM_RISK
56,regular,33211.16,2.5,53823.74,13036.06,18205.73,24,1,32903.43,no,MEDIUM_RISK
26,self_employed,24585.59,3.6,34739.3,1542.01,271634.34,24,2,26443.22,no,MEDIUM_RISK
34,regular,54633.61,3.91,16579.48,27217.21,20571.71,25,2,11922.41,no,MEDIUM_RISK
37,contractual,19072.31,3.5,21812.89,3008.47,191066.05,17,1,20843.45,no,MEDIUM_RISK
20,regular,35163.8,0.34,16234.26,12601.79,61240.5,23,1,68252.41,no,MEDIUM_RISK
66,self_employed,58679.82,4.98,14890.64,9583.72,396212.76,17,0,29164.97,no,MEDIUM_RISK
60,regular,47349.59,7.64,22211.81,19745.89,404947.16,23,0,13210.9,yes,MEDIUM_RISK
45,self_employed,25377.96,10.32,6303.18,8117.97,107240.66,12,2,54106.63,yes,MEDIUM_RISK
55,regular,14489.39,18.42,37345.17,8223.02,85352.78,24,1,3107.1,no,MEDIUM_RISK
60,contractual,78130.64,7.71,58998.08,5793.15,49373.08,25,4,19308.73,yes,MEDIUM_RISK
62,contractual,20813.19,17.39,24873.16,9991.38,20743.05,25,1,23347.67,no,MEDIUM_RISK
43,regular,50883.36,2.48,67978.5,25075.24,121215.11,8,1,22296.09,no,MEDIUM_RISK
51,regular,27389.15,14.36,72366.03,4044.54,29901.55,36,5,28917.64,no,MEDIUM_RISK
45,contractual,29146.76,4.17,14619.36,17178.87,68273.58,12,0,10500.13,no,MEDIUM_RISK
42,self_employed,12839.34,4.19,41059.25,4387.95,86585.41,6,3,4958.95,no,MEDIUM_RISK
33,regular,47955.19,2.2,25975.21,19863.54,44374.15,6,1,39361.74,no,MEDIUM_RISK
48,regular,28601.44,4.19,62662.77,14857.28,46695.85,36,0,5909.27,no,MEDIUM_RISK
40,contractual,89876.56,1.24,55041.4,36238.69,49556.23,18,2,16005.24,no,MEDIUM_RISK
25,self_employed,143862.67,2.26,7937.34,3717.75,28573.37,35,1,16773.83,yes,MEDIUM_RISK
64,regular,21841.03,6.05,20462.56,14174.82,99054.49,12,3,73555.86,no,MEDIUM_RISK
64,regular,27535.4,4.5,5252.58,13647.71,92918.32,36,2,56874.42,yes,MEDIUM_RISK
22,self_employed,54328.31,0.0,6529.46,3196.05,42748.48,6,2,79542.89,no,MEDIUM_RISK
31,self_employed,37660.94,1.15,36062.42,13508.12,44207.41,6,1,13333.16,no,MEDIUM_RISK
59,regular,34054.62,5.5,24078.46,14493.0,29704.02,13,2,1867.68,no,MEDIUM_RISK
59,unemployed,8767.01,0.24,35823.91,927.18,89715.39,37,1,35853.3,no,MEDIUM_RISK
52,contractual,19707.8,6.34,9136.93,4040.1,125450.22,11,1,8387.67,no,MEDIUM_RISK
56,regular,40018.02,13.09,129987.07,18140.99,99333.68,7,0,43843.65,no,MEDIUM_RISK
46,regular,53560.41,7.09,34454.49,4958.7,47653.93,10,2,39100.04,no,MEDIUM_RISK
46,regular,12873.34,2.86,18533.13,1542.99,125180.99,12,1,30313.82,yes,MEDIUM_RISK
29,regular,18241.18,2.94,43103.87,7833.61,27094.13,6,1,8470.18,no,MEDIUM_RISK
34,self_employed,17080.4,2.95,25295.87,5893.77,33220.94,24,0,16426.98,no,MEDIUM_RISK
34,regular,37466.54,2.53,62639.12,18787.01,9727.95,17,0,15421.28,no,MEDIUM_RISK
32,self_employed,33682.94,0.67,68081.28,14920.37,36029.33,24,1,76395.28,no,MEDIUM_RISK
42,self_employed,42140.16,5.3,37068.02,9656.98,83803.65,37,2,10103.05,no,MEDIUM_RISK
46,regular,10372.59,5.41,83610.29,4722.89,25571.87,35,0,11009.84,yes,MEDIUM_RISK
24,regular,44971.88,0.69,26054.2,24496.01,59077.34,12,1,3376.85,yes,MEDIUM_RISK
53,self_employed,22927.28,2.02,25499.27,6854.59,20536.88,12,1,986.31,no,MEDIUM_RISK
63,contractual,51186.61,23.28,29904.32,15567.37,94086.58,13,2,2115.9,no,MEDIUM_RISK
21,regular,10534.07,0.77,20332.55,3124.15,25231.13,36,2,16937.19,no,MEDIUM_RISK
54,regular,46021.04,17.59,78939.3,25848.24,27281.61,23,0,31320.9,no,MEDIUM_RISK
24,self_employed,24118.11,0.86,137129.48,4245.13,23585.58,36,2,3412.0,no,MEDIUM_RISK
42,contractual,57926.57,1.35,30511.79,2013.17,94698.86,37,2,13134.75,no,MEDIUM_RISK
41,contractual,45883.44,2.02,36454.13,6780.81,22316.57,25,1,31703.69,no,MEDIUM_RISK
38,contractual,30339.92,5.63,29629.54,14479.97,45334.86,11,1,35127.49,no,MEDIUM_RISK
60,regular,115513.81,10.08,15275.32,62721.78,63764.19,24,2,28943.68,yes,MEDIUM_RISK
40,regular,31337.17,7.52,18140.03,10219.19,53761.21,36,3,17812.51,no,MEDIUM_RISK
56,contractual,16877.64,13.71,41533.12,2950.69,32945.49,24,0,17367.16,yes,MEDIUM_RISK
24,regular,57799.82,0.0,57239.51,32287.37,68880.59,11,0,55544.64,yes,MEDIUM_RISK
57,self_employed,42071.56,4.34,72054.36,19250.76,25366.09,24,1,52993.38,yes,MEDIUM_RISK
31,unemployed,2767.97,0.0,6864.66,360.54,15129.63,13,2,34718.3,no,MEDIUM_RISK
30,self_employed,38083.27,0.26,37597.57,13417.35,50432.96,6,1,15791.47,no,MEDIUM_RISK
24,self_employed,22320.34,0.48,60224.1,8556.99,79336.03,12,1,15762.62,yes,MEDIUM_RISK
46,regular,26130.37,6.26,29538.76,15468.92,59628.55,36,1,8911.83,no,MEDIUM_RISK
64,contractual,19634.16,10.54,7814.49,9566.12,91444.57,20,1,67379.39,yes,MEDIUM_RISK
57,regular,42999.3,9.81,7941.7,25116.29,84856.83,24,2,2688.31,no,MEDIUM_RISK
35,contractual,58694.13,5.04,22400.78,11676.18,14540.59,37,1,35241.69,no,MEDIUM_RISK
34,self_employed,16110.39,4.65,43110.29,6122.84,78046.59,24,3,19814.26,yes,MEDIUM_RISK
45,regular,24438.62,10.75,2309.12,5474.98,277672.59,12,1,8605.27,no,MEDIUM_RISK
50,self_employed,32184.65,3.14,64926.93,12939.39,78507.39,12,3,25654.55,no,MEDIUM_RISK
29,regular,66911.87,3.54,43439.9,32162.02,33726.8,35,2,68948.24,yes,MEDIUM_RISK
35,unemployed,4782.55,0.0,35704.96,1475.93,37593.22,18,1,26909.09,yes,MEDIUM_RISK
27,self_employed,26763.64,3.02,14998.87,8599.15,181226.22,13,0,6275.88,no,MEDIUM_RISK
43,self_employed,43096.57,5.69,37195.01,9816.96,76315.36,35,2,11899.15,no,MEDIUM_RISK
28,regular,17002.26,2.22,15915.93,6295.5,42045.66,12,2,20365.38,no,MEDIUM_RISK
26,regular,54347.88,1.44,53173.89,12789.78,39167.74,13,2,49621.27,no,MEDIUM_RISK
51,regular,84333.8,16.42,26225.73,48705.71,69520.97,23,1,52457.06,yes,MEDIUM_RISK
66,self_employed,56365.27,5.33,14351.83,9292.98,395173.92,19,0,29050.65,no,MEDIUM_RISK
24,regular,60785.34,0.55,25515.58,22061.82,93231.7,18,2,42535.05,yes,MEDIUM_RISK
33,regular,41813.04,3.81,55185.22,17943.9,24585.66,12,3,9915.92,no,MEDIUM_RISK
55,regular,18904.64,17.76,6626.31,6393.65,172636.92,23,0,35523.97,no,MEDIUM_RISK
24,contractual,24179.87,2.78,21544.08,8814.41,20047.27,18,1,25605.42,yes,MEDIUM_RISK
26,contractual,36837.21,2.15,14579.04,7310.51,13878.65,18,1,13765.67,no,MEDIUM_RISK
53,regular,27055.38,14.35,18127.1,16060.83,20370.2,13,1,28344.44,no,MEDIUM_RISK
45,regular,40986.35,1.74,16839.95,23227.1,22017.58,12,2,12534.71,no,MEDIUM_RISK
31,unemployed,9505.16,0.0,106953.39,800.55,28032.64,13,0,36698.89,yes,MEDIUM_RISK
32,regular,12049.82,0.93,17920.16,4308.75,12567.72,11,1,2261.84,no,MEDIUM_RISK
24,regular,109998.39,2.74,23185.37,61053.65,149484.98,18,1,1687.98,yes,MEDIUM_RISK
22,unemployed,5506.84,0.13,9031.96,0.0,46601.72,25,1,6962.96,no,MEDIUM_RISK
51,contractual,10830.74,15.1,44744.8,0.0,180196.91,11,1,21671.59,yes,MEDIUM_RISK
33,self_employed,19033.94,4.2,41692.63,5118.18,70847.91,25,3,18978.74,yes,MEDIUM_RISK
63,regular,23144.69,8.61,20165.4,10436.54,40184.66,13,3,5552.11,no,MEDIUM_RISK
29,regular,46486.78,1.54,20831.32,15666.75,53607.86,24,2,53683.47,yes,MEDIUM_RISK
47,regular,99895.96,5.38,19804.3,50355.29,233088.31,24,1,38211.03,no,MEDIUM_RISK
64,contractual,49125.15,22.26,36125.85,16323.4,171961.11,23,2,8741.99,no,MEDIUM_RISK
64,self_employed,18467.75,3.8,37999.9,4227.03,20143.19,19,0,19806.6,no,MEDIUM_RISK
28,regular,11301.28,5.09,13017.03,255.59,110658.68,24,0,23888.1,no,MEDIUM_RISK
34,regular,24319.96,1.78,17439.13,9928.99,16720.83,36,1,65860.86,no,MEDIUM_RISK
44,regular,22098.42,7.25,93044.63,10503.03,99613.54,24,1,42437.58,yes,MEDIUM_RISK
40,regular,40991.14,5.44,27951.87,20977.02,18831.61,12,0,4087.12,no,MEDIUM_RISK
41,contractual,50410.41,10.2,89857.51,26408.42,89595.58,24,0,17689.13,yes,MEDIUM_RISK
54,regular,31505.96,10.7,66000.43,17019.65,60177.04,12,0,3389.04,no,MEDIUM_RISK
61,regular,27064.79,7.01,54143.66,16368.13,55618.51,25,0,33580.95,yes,MEDIUM_RISK
48,contractual,18401.98,4.93,4006.82,1346.46,49269.37,35,2,19899.8,no,MEDIUM_RISK
22,regular,31853.61,0.5,27838.86,6454.14,267549.62,17,2,19668.24,no,MEDIUM_RISK
56,regular,20915.52,1.66,60102.56,7759.62,15849.22,12,0,7524.73,yes,MEDIUM_RISK
27,contractual,13041.16,1.35,47862.01,5012.96,62875.38,6,1,19358.21,no,MEDIUM_RISK
41,regular,22506.0,6.08,51790.59,12808.39,51633.42,12,1,58541.14,yes,MEDIUM_RISK
29,regular,63972.56,4.0,20678.94,27843.18,116038.09,6,2,14180.87,no,MEDIUM_RISK
51,regular,27179.25,10.5,2649.88,5280.02,307514.02,12,4,9651.31,no,MEDIUM_RISK
44,regular,21951.19,6.17,46725.12,11270.52,48604.26,7,0,14114.97,no,MEDIUM_RISK
50,regular,28585.77,5.96,31766.26,16138.49,142218.92,6,2,26998.8,no,MEDIUM_RISK
40,regular,22805.15,4.55,23778.27,11370.46,91116.72,14,1,4197.5,no,MEDIUM_RISK
27,regular,34708.04,2.27,66861.61,13385.19,22427.8,18,1,33712.25,no,MEDIUM_RISK
45,contractual,30076.8,4.51,12649.71,16560.63,63683.32,12,0,7661.45,no,MEDIUM_RISK
35,regular,20026.94,3.28,48957.69,10263.59,55171.27,11,2,3020.55,yes,MEDIUM_RISK
36,contractual,31614.91,3.07,71962.53,1719.44,23413.31,25,1,13214.44,no,MEDIUM_RISK
47,regular,28196.04,7.62,75292.97,12655.69,43878.85,12,2,3968.91,yes,MEDIUM_RISK
58,regular,33881.31,5.24,27571.49,14906.23,30732.1,12,2,1782.4,no,MEDIUM_RISK
64,contractual,34177.44,9.02,25017.69,17908.72,137195.09,23,2,26170.94,no,MEDIUM_RISK
62,self_employed,34554.65,9.88,61275.52,17785.86,20036.77,12,2,34450.89,no,MEDIUM_RISK
41,contractual,25852.12,4.03,45955.99,8166.13,264333.17,7,0,12512.84,no,MEDIUM_RISK
60,self_employed,17184.29,5.63,22003.94,8827.74,121637.84,36,1,40480.34,no,MEDIUM_RISK
29,regular,42858.67,3.83,15772.58,21062.21,33455.08,19,1,2477.9,no,MEDIUM_RISK
41,unemployed,2529.52,0.13,81166.76,0.0,2476.13,19,2,13246.16,no,MEDIUM_RISK
46,regular,29857.58,3.86,45397.57,14476.13,133607.11,12,1,29527.4,yes,MEDIUM_RISK
47,regular,22968.5,3.58,53304.38,13127.16,57850.97,25,1,39613.42,no,MEDIUM_RISK
47,regular,35692.01,5.6,31504.65,18139.15,137056.41,24,2,13655.85,no,MEDIUM_RISK
20,contractual,131612.64,0.63,14752.91,14440.89,19242.99,24,2,14204.3,yes,MEDIUM_RISK
41,regular,38646.67,5.29,26323.94,21753.73,37681.43,12,0,3318.14,no,MEDIUM_RISK
31,self_employed,36978.61,0.4,34390.8,13189.28,60405.24,6,1,16565.81,no,MEDIUM_RISK
65,contractual,49411.42,6.97,63650.14,19116.7,94501.41,10,2,81617.11,yes,MEDIUM_RISK
40,regular,26182.71,7.11,29416.87,15115.52,27132.95,6,2,12181.98,yes,MEDIUM_RISK
50,self_employed,58787.74,7.57,150188.09,28270.25,32217.52,17,0,7626.47,no,MEDIUM_RISK
28,regular,35488.87,3.7,25913.54,13142.17,114259.32,13,1,57204.57,no,MEDIUM_RISK
21,contractual,34250.85,0.12,4724.2,10579.45,39908.26,25,2,13607.03,no,MEDIUM_RISK
55,contractual,127334.18,5.36,15944.86,56602.84,53483.42,25,3,17413.69,yes,MEDIUM_RISK
31,contractual,47301.96,3.58,15961.41,15994.12,191895.58,12,2,9029.03,yes,MEDIUM_RISK
57,contractual,21522.83,6.89,80279.5,10796.32,49449.58,11,1,7420.18,no,MEDIUM_RISK
44,regular,63179.81,9.13,71499.99,30718.26,64299.79,18,1,19041.55,yes,MEDIUM_RISK
25,contractual,17333.94,2.56,90846.2,621.5,22527.22,13,2,16301.36,no,MEDIUM_RISK
54,self_employed,37169.79,5.32,78962.67,10057.83,36824.15,36,0,18003.9,no,MEDIUM_RISK
61,self_employed,24341.65,21.37,56010.48,12023.84,9512.94,22,2,7648.44,yes,MEDIUM_RISK
53,self_employed,23764.75,2.72,19286.75,5537.57,28953.99,13,1,0.0,no,MEDIUM_RISK
44,contractual,22080.42,13.55,16373.3,11342.16,38642.35,37,1,30152.19,no,MEDIUM_RISK
28,self_employed,43632.33,0.9,23074.63,19356.74,86128.63,25,3,17780.5,no,MEDIUM_RISK
53,self_employed,23664.5,8.79,17768.96,10646.98,215338.79,25,2,25188.74,yes,MEDIUM_RISK
50,regular,16133.97,14.84,37173.67,6202.6,152905.84,7,2,29369.75,yes,MEDIUM_RISK
40,unemployed,127.78,0.0,26021.13,0.0,24317.11,12,0,27519.35,yes,MEDIUM_RISK
64,self_employed,17053.0,4.48,43727.86,4635.06,21377.9,17,0,16342.32,no,MEDIUM_RISK
62,contractual,30923.53,8.26,20411.01,18897.21,132104.52,24,2,27463.87,no,MEDIUM_RISK
39,contractual,41236.32,1.34,35762.76,11998.91,283642.35,36,0,14606.29,no,MEDIUM_RISK
45,regular,61522.78,8.44,66055.44,30575.9,59360.31,18,1,17511.45,yes,MEDIUM_RISK
27,self_employed,21305.27,3.78,31036.83,660.29,263474.31,24,2,30417.66,no,MEDIUM_RISK
64,contractual,15445.7,2.21,60803.62,3911.64,101213.54,23,1,46413.52,no,MEDIUM_RISK
55,contractual,48858.47,15.9,27131.86,20234.61,72695.82,11,1,41400.59,no,MEDIUM_RISK
60,regular,103953.27,3.0,18643.85,53408.09,402378.86,25,1,18702.49,no,MEDIUM_RISK
53,self_employed,35134.04,11.67,81791.45,20113.86,94007.27,25,1,51481.97,no,MEDIUM_RISK
28,regular,36517.75,2.39,57743.27,12318.56,25627.12,18,1,30952.67,no,MEDIUM_RISK
52,contractual,36357.05,4.82,55769.98,11290.39,83216.52,24,2,68919.51,yes,MEDIUM_RISK
34,regular,30587.47,4.57,54611.74,13541.62,60298.89,11,3,17289.84,yes,MEDIUM_RISK
63,self_employed,24715.18,5.85,16692.66,6768.9,398166.31,36,1,34019.73,no,MEDIUM_RISK
65,regular,10528.17,20.96,7568.43,4164.41,35421.76,13,3,2455.71,yes,MEDIUM_RISK
57,self_employed,29243.24,7.23,47938.85,1590.85,31285.58,11,2,3421.33,yes,MEDIUM_RISK
27,contractual,33870.9,2.98,10156.5,9141.28,16508.41,18,1,15050.71,no,MEDIUM_RISK
23,contractual,51643.87,0.0,142972.63,24668.99,235849.84,12,0,23035.82,yes,MEDIUM_RISK
63,regular,31208.57,6.59,35506.0,14305.06,396741.87,18,1,10566.21,no,MEDIUM_RISK
61,regular,36780.25,11.66,88083.1,18671.91,70247.14,25,1,12621.05,no,MEDIUM_RISK
65,self_employed,46726.11,7.88,73909.73,20210.58,20190.55,13,0,8785.16,yes,MEDIUM_RISK
61,regular,41642.11,7.97,21604.31,18518.57,388148.78,24,0,10958.34,yes,MEDIUM_RISK
53,regular,30126.9,10.53,1245.62,5026.34,301952.34,12,4,6553.08,no,MEDIUM_RISK
57,regular,36059.46,12.02,13229.31,11964.63,103641.05,24,3,15314.8,no,MEDIUM_RISK
40,self_employed,21638.06,9.63,5404.37,4935.77,51614.05,12,3,11896.64,no,MEDIUM_RISK
27,regular,109864.89,1.89,24597.8,62288.34,142557.3,18,1,4667.77,yes,MEDIUM_RISK
34,regular,27338.3,4.26,50918.35,12680.97,70128.07,12,3,17623.52,yes,MEDIUM_RISK
33,contractual,17994.68,3.44,88372.33,6498.3,185901.73,6,0,6397.98,no,MEDIUM_RISK
38,self_employed,18441.55,2.05,46914.09,6614.29,51027.28,23,1,2262.34,yes,MEDIUM_RISK
45,self_employed,25458.66,10.43,11845.25,8113.49,98862.31,12,2,58338.77,yes,MEDIUM_RISK
38,contractual,27367.05,3.48,75914.41,2610.12,29048.16,24,1,13226.8,no,MEDIUM_RISK
25,self_employed,49919.42,3.27,43846.34,15831.3,79717.57,23,1,43395.52,no,MEDIUM_RISK
26,contractual,49197.25,3.08,33607.79,27748.77,92180.15,12,1,17542.3,no,MEDIUM_RISK
24,regular,50605.33,1.41,185443.06,14739.72,43592.03,24,1,15515.41,no,MEDIUM_RISK
20,regular,25750.83,0.32,16247.34,12668.51,63579.32,19,3,7397.39,no,MEDIUM_RISK
27,regular,60717.57,0.51,31346.26,26291.46,61906.56,6,1,30184.1,yes,MEDIUM_RISK
52,regular,27727.72,6.18,49916.5,11902.35,128616.59,18,2,10173.04,yes,MEDIUM_RISK
49,regular,30530.75,4.83,63580.01,16386.16,50482.12,37,0,3827.13,no,MEDIUM_RISK
49,contractual,16174.6,7.27,7488.18,5318.37,127851.62,12,1,3664.35,no,MEDIUM_RISK
33,self_employed,32893.48,0.99,5097.23,11393.14,7483.59,36,0,15088.68,no,MEDIUM_RISK
25,self_employed,81593.87,1.38,19236.46,33728.54,142736.9,12,1,51688.67,yes,MEDIUM_RISK
36,self_employed,18481.37,4.79,47957.88,6091.44,41698.75,25,1,32595.5,yes,MEDIUM_RISK
44,regular,14578.46,13.3,129645.24,7119.22,147439.57,13,0,5533.73,yes,MEDIUM_RISK
30,self_employed,69225.77,2.23,7950.55,28254.61,27562.35,7,1,12933.63,yes,MEDIUM_RISK
53,contractual,12961.48,15.82,47693.24,5454.46,108972.54,18,0,86099.02,no,MEDIUM_RISK
40,contractual,31800.9,5.63,76787.21,3653.83,153960.52,23,0,7176.56,no,MEDIUM_RISK
46,regular,29625.41,5.45,37668.48,15880.4,68478.54,37,1,7082.95,no,MEDIUM_RISK
56,regular,19348.47,15.38,17549.98,12206.54,20357.98,19,0,27085.59,no,MEDIUM_RISK
65,self_employed,46109.24,7.76,70576.81,21191.2,39333.01,12,0,11814.48,yes,MEDIUM_RISK
50,regular,12976.18,15.46,36222.19,6219.04,145305.24,7,2,29908.34,yes,MEDIUM_RISK
25,regular,67711.32,0.51,12489.24,35601.71,76785.21,24,1,24767.89,no,MEDIUM_RISK
20,regular,23214.08,0.0,20156.17,12438.88,59635.18,19,3,7853.95,no,MEDIUM_RISK
26,regular,12471.58,1.78,46331.05,7060.68,31529.88,13,2,8889.2,yes,MEDIUM_RISK
63,regular,42182.26,4.54,40711.37,14544.91,87229.37,23,1,79515.47,no,MEDIUM_RISK
28,regular,22241.3,1.61,7306.0,8685.69,66418.86,18,1,10407.83,no,MEDIUM_RISK
46,regular,23353.98,10.39,5763.49,6764.76,281611.17,13,1,7660.29,no,MEDIUM_RISK
35,contractual,22529.13,1.47,90271.03,5661.26,181552.91,8,0,12182.87,no,MEDIUM_RISK
31,regular,8080.97,2.3,63916.41,821.07,13992.03,6,1,9035.26,no,MEDIUM_RISK
38,regular,26601.93,6.28,34136.17,14276.63,36859.42,13,1,601.29,no,MEDIUM_RISK
39,contractual,35567.73,6.96,27090.28,16957.98,20229.42,12,1,13771.85,no,MEDIUM_RISK
29,self_employed,26847.82,2.57,39875.62,1788.24,166021.42,17,3,63726.45,no,MEDIUM_RISK
61,self_employed,24621.93,5.94,1372.12,6491.08,58365.98,12,6,14716.65,yes,MEDIUM_RISK
55,contractual,17685.68,14.14,42558.32,2736.7,18986.4,24,0,19312.73,yes,MEDIUM_RISK
50,self_employed,7525.58,1.9,29647.45,5772.69,169550.87,11,0,21202.42,yes,MEDIUM_RISK
48,regular,86401.1,12.59,68790.49,36032.89,3397.11,18,2,4180.52,no,MEDIUM_RISK
44,self_employed,13567.19,4.92,50118.23,3782.37,97628.63,7,3,4066.09,no,MEDIUM_RISK
64,regular,28065.56,6.07,37779.87,12356.97,391235.92,18,1,7958.02,no,MEDIUM_RISK
46,regular,13060.65,12.81,137682.81,8892.58,137377.76,12,0,6457.04,yes,MEDIUM_RISK
64,regular,20910.24,20.86,98694.1,13452.23,95147.56,12,0,0.0,no,MEDIUM_RISK
64,regular,20116.69,8.19,19876.26,10402.8,37076.62,12,3,6388.98,no,MEDIUM_RISK
56,self_employed,15949.47,4.83,67380.5,2932.8,15883.11,36,2,16454.74,no,MEDIUM_RISK
62,regular,28453.03,7.45,58533.3,17220.79,61295.75,25,0,32527.19,yes,MEDIUM_RISK
43,regular,25994.64,4.38,28197.08,9109.95,252303.54,36,1,96505.38,no,MEDIUM_RISK
50,self_employed,38071.15,2.54,40806.72,5018.57,17251.54,11,2,51845.91,no,MEDIUM_RISK
27,regular,14792.73,2.21,20441.25,5472.37,133247.77,24,1,41992.3,yes,MEDIUM_RISK
33,self_employed,19038.56,4.85,43954.46,5428.15,74002.19,24,3,19411.79,yes,MEDIUM_RISK
39,contractual,25209.5,4.03,41710.96,9867.74,270024.8,7,0,13292.87,no,MEDIUM_RISK
59,self_employed,19476.01,3.38,21311.31,1071.51,65784.41,13,2,5499.44,no,MEDIUM_RISK
32,contractual,30094.95,3.65,74811.44,7744.15,114843.75,13,4,5142.09,yes,MEDIUM_RISK
43,regular,37105.12,11.95,7431.57,14536.66,35566.55,36,2,70059.71,no,MEDIUM_RISK
36,regular,16858.86,6.14,7696.94,5852.54,124801.95,7,2,29184.55,no,MEDIUM_RISK
56,self_employed,18051.03,4.04,47395.88,4624.36,55472.57,23,1,33522.94,no,MEDIUM_RISK
42,regular,20003.41,5.53,44388.73,9183.58,59925.18,6,0,15210.13,no,MEDIUM_RISK
40,self_employed,33148.27,10.25,66113.28,12472.52,93911.4,17,3,59315.72,yes,MEDIUM_RISK
59,contractual,22722.83,7.09,81930.08,10001.26,52098.4,12,1,6299.79,no,MEDIUM_RISK
51,regular,29439.51,1.4,68517.86,10713.28,69690.43,38,2,9078.77,no,MEDIUM_RISK
62,self_employed,15527.87,15.08,6555.75,4197.72,26994.58,12,2,9420.29,no,MEDIUM_RISK
46,regular,52132.94,7.3,31466.47,3832.31,55307.87,11,2,38954.11,no,MEDIUM_RISK
61,regular,27783.16,7.52,58630.0,16346.6,44049.0,24,0,33784.29,yes,MEDIUM_RISK
53,regular,66671.86,7.19,34085.44,30846.8,53938.2,12,1,15020.68,yes,MEDIUM_RISK
23,contractual,42293.05,1.02,49842.06,10750.64,164045.6,35,1,3451.92,no,MEDIUM_RISK
39,self_employed,17107.04,3.17,44124.52,7363.08,56097.53,25,1,6794.51,yes,MEDIUM_RISK
40,contractual,36095.0,6.95,18239.06,17501.24,18806.05,13,1,18728.06,no,MEDIUM_RISK
32,unemployed,5858.91,0.0,35002.8,1652.4,44097.51,18,1,25138.7,yes,MEDIUM_RISK
54,regular,25227.1,2.26,58859.62,9790.99,70479.02,24,1,3088.92,no,MEDIUM_RISK
45,self_employed,27575.08,2.31,25137.79,11281.19,64815.82,12,0,32169.12,no,MEDIUM_RISK
35,contractual,9050.98,3.33,63354.39,1131.24,76950.03,13,0,16293.82,yes,MEDIUM_RISK
65,regular,28321.7,2.72,8907.1,6115.05,83858.13,18,2,9004.74,no,MEDIUM_RISK
35,contractual,40983.79,1.4,103013.13,11285.03,27921.17,10,0,45238.11,no,MEDIUM_RISK
39,contractual,16796.31,7.56,82574.53,3711.12,71728.38,38,1,7119.8,no,MEDIUM_RISK
25,contractual,26028.06,1.92,30828.12,6056.93,24204.94,12,0,32192.22,no,MEDIUM_RISK
37,regular,15349.25,1.2,23146.96,8764.0,15272.27,24,1,15398.74,no,MEDIUM_RISK
41,self_employed,22734.41,10.88,44414.48,9443.38,51791.31,25,1,17188.34,no,MEDIUM_RISK
27,contractual,10294.92,2.54,31842.78,3490.91,128185.4,24,0,2343.78,no,MEDIUM_RISK
41,self_employed,37928.71,9.81,65981.66,13128.92,95027.46,19,3,58699.97,yes,MEDIUM_RISK
65,regular,25390.58,22.64,74211.49,13039.82,395272.0,24,1,66003.53,no,MEDIUM_RISK
52,self_employed,33609.27,11.74,33829.72,15217.4,11942.66,35,0,19647.92,yes,MEDIUM_RISK
49,regular,12247.93,4.46,76448.55,1569.88,73132.62,12,0,3391.62,no,MEDIUM_RISK
53,regular,34834.96,7.65,3933.74,16119.87,61739.35,19,0,16051.97,no,MEDIUM_RISK
55,contractual,109264.97,9.73,23316.11,13611.33,86366.24,24,2,67391.04,no,MEDIUM_RISK
28,regular,21054.39,2.01,12279.41,7372.35,49430.86,11,2,21530.01,no,MEDIUM_RISK
54,contractual,94910.89,16.4,35699.05,47168.76,53154.21,13,0,8838.39,yes,MEDIUM_RISK
21,regular,25425.87,0.25,18294.44,13085.39,68423.46,18,3,10491.53,no,MEDIUM_RISK
43,contractual,40675.14,9.27,33931.58,12997.73,59392.72,18,1,12223.46,no,MEDIUM_RISK
43,self_employed,23890.25,11.2,27861.18,11321.65,51409.62,12,1,28101.63,no,MEDIUM_RISK
30,contractual,68245.11,1.85,67429.43,8386.12,50900.41,36,3,15134.29,yes,MEDIUM_RISK
44,regular,17124.11,2.3,16456.03,7987.92,98407.38,17,1,13440.4,yes,MEDIUM_RISK
65,regular,24197.67,24.14,70666.83,14016.31,402316.07,24,1,67735.45,no,MEDIUM_RISK
33,regular,45687.06,5.66,63047.49,24787.93,80306.44,24,1,15768.11,no,MEDIUM_RISK
34,regular,60174.35,2.38,137075.63,32925.53,65302.85,12,1,18807.88,yes,MEDIUM_RISK
30,regular,26817.64,1.88,26181.06,9763.33,58021.07,25,2,20835.32,no,MEDIUM_RISK
28,regular,32544.01,1.54,54889.48,15855.47,29268.5,7,1,945.52,no,MEDIUM_RISK
46,contractual,15765.38,4.2,32905.47,5087.15,33412.53,25,2,5832.93,yes,MEDIUM_RISK
20,unemployed,5018.72,0.22,9632.01,1211.98,55719.35,25,1,4118.37,no,MEDIUM_RISK
52,regular,11536.67,9.75,16744.09,2812.71,391944.33,18,0,15981.79,no,MEDIUM_RISK
44,regular,34175.61,3.58,51386.29,16309.94,14672.81,36,0,830.42,no,MEDIUM_RISK
42,regular,27160.79,4.78,27796.9,8362.15,248584.5,36,1,97845.63,no,MEDIUM_RISK
46,self_employed,17701.03,3.78,18889.71,7460.38,81248.77,12,2,2490.55,yes,MEDIUM_RISK
57,unemployed,1454.2,0.19,31173.02,1879.43,81289.52,37,1,35386.34,no,MEDIUM_RISK
51,self_employed,34409.08,2.46,46002.33,5362.5,19342.16,12,2,55364.21,no,MEDIUM_RISK
22,self_employed,90651.26,1.11,14568.64,33435.92,153047.11,12,0,15502.97,no,MEDIUM_RISK
41,unemployed,2803.49,0.13,36434.28,503.93,24251.63,13,0,27804.28,yes,MEDIUM_RISK
25,self_employed,23110.88,1.49,44855.16,11742.3,95231.41,37,1,13427.12,yes,MEDIUM_RISK
27,self_employed,46713.35,1.75,31744.23,16820.29,137757.08,13,1,10504.82,no,MEDIUM_RISK
44,contractual,21275.84,4.36,86165.77,9121.0,56757.56,24,6,41980.25,no,MEDIUM_RISK
19,regular,29834.65,0.0,26121.43,16033.08,103767.79,11,0,25171.78,no,MEDIUM_RISK
37,contractual,15996.3,3.05,43916.12,7851.7,41213.31,35,0,28597.08,yes,MEDIUM_RISK
55,regular,56653.45,8.89,44077.91,26665.24,78861.67,36,0,6663.42,no,MEDIUM_RISK
66,self_employed,53222.8,17.83,61243.44,23124.14,115620.07,12,2,44760.53,no,MEDIUM_RISK
62,self_employed,30264.78,5.45,13959.29,5234.49,399755.76,36,1,27681.5,no,MEDIUM_RISK
47,contractual,34873.01,13.44,37177.44,7781.96,56777.25,6,2,18872.76,no,MEDIUM_RISK
60,regular,45865.8,7.56,19004.76,19209.85,397599.2,24,0,15093.19,yes,MEDIUM_RISK
31,unemployed,9769.78,0.55,103247.03,3384.89,38340.42,12,0,34786.83,yes,MEDIUM_RISK
43,contractual,15663.05,4.97,59670.87,2346.38,122592.05,6,1,3172.77,no,MEDIUM_RISK
65,regular,26207.0,20.8,97002.2,12991.93,87287.48,12,0,0.0,no,MEDIUM_RISK
34,regular,16088.07,6.22,6113.9,5827.27,122632.05,6,2,27108.87,no,MEDIUM_RISK
27,regular,5554.19,1.95,39292.85,5135.88,52735.86,11,2,78457.45,no,MEDIUM_RISK
30,unemployed,926.57,0.0,8170.24,689.73,26529.07,12,2,32863.18,no,MEDIUM_RISK
25,regular,100155.12,2.2,16840.67,33034.2,14786.29,36,2,65837.06,yes,MEDIUM_RISK
40,contractual,43295.79,1.67,30488.01,10715.34,277569.31,35,0,15188.9,no,MEDIUM_RISK
25,contractual,41380.7,2.27,61871.12,19312.55,25178.69,6,1,18616.74,yes,MEDIUM_RISK
46,regular,23127.35,3.1,48051.92,11924.09,58932.98,24,1,35629.81,no,MEDIUM_RISK
38,regular,16656.13,1.47,87683.82,1897.9,24417.44,17,1,23293.37,yes,MEDIUM_RISK
40,self_employed,56653.95,9.83,29553.2,23281.75,21014.16,35,1,89561.54,no,MEDIUM_RISK
48,regular,18504.45,4.27,23675.35,5770.9,27987.47,35,3,40898.17,yes,MEDIUM_RISK
39,regular,49390.92,6.55,58648.94,26294.64,56681.93,12,0,21090.27,no,MEDIUM_RISK
44,self_employed,21881.77,2.84,27684.03,12615.31,28866.67,11,1,26210.03,no,MEDIUM_RISK
59,contractual,77378.5,8.11,61049.61,4964.43,25803.13,24,4,17389.7,yes,MEDIUM_RISK
63,self_employed,13734.17,5.31,43084.94,4468.08,19747.87,19,0,18789.79,no,MEDIUM_RISK
65,regular,12530.52,24.42,27578.07,5588.23,131044.54,23,1,3228.81,yes,MEDIUM_RISK
37,self_employed,55300.01,3.12,8885.0,22961.92,74611.24,24,3,43228.28,yes,MEDIUM_RISK
64,contractual,36847.47,17.18,131986.4,13869.92,70072.42,26,2,12059.72,no,MEDIUM_RISK
59,regular,31293.7,15.34,33084.02,17111.71,265872.87,12,0,78963.16,no,MEDIUM_RISK
41,self_employed,14139.91,6.35,66177.73,3590.91,394653.87,12,3,45118.88,no,MEDIUM_RISK
40,self_employed,16998.02,4.68,49994.38,6185.82,35528.4,24,1,28974.28,yes,MEDIUM_RISK
47,self_employed,27162.76,4.14,67474.47,14298.79,213982.83,6,0,19163.91,yes,MEDIUM_RISK
44,self_employed,24738.68,3.26,21602.34,12837.86,65467.2,13,0,32740.0,no,MEDIUM_RISK
64,self_employed,53031.91,17.01,59440.12,22519.28,120909.62,12,2,45703.05,no,MEDIUM_RISK
47,contractual,30319.36,5.61,72424.71,6423.66,26440.96,23,1,32567.87,no,MEDIUM_RISK
58,regular,55609.07,9.74,60836.14,20069.11,80954.67,23,2,8634.4,no,MEDIUM_RISK
61,regular,20716.92,19.46,11928.13,8979.18,146885.84,12,2,29341.28,yes,MEDIUM_RISK
53,self_employed,36640.12,11.82,82363.44,19758.55,93590.17,23,1,51338.21,no,MEDIUM_RISK
44,regular,55338.3,2.21,58345.84,27053.18,97622.77,6,1,20620.53,no,MEDIUM_RISK
53,contractual,24832.56,8.36,19468.54,10353.46,81168.87,11,1,15133.98,no,MEDIUM_RISK
41,regular,35489.51,3.31,32678.18,15442.24,105554.04,13,0,134121.3,yes,MEDIUM_RISK
44,self_employed,10460.63,7.99,39646.09,4501.74,14364.99,24,1,28383.53,no,MEDIUM_RISK
33,regular,55912.3,3.37,23232.91,26121.12,36958.87,24,2,10580.45,no,MEDIUM_RISK
43,regular,18256.04,6.68,47930.67,9883.52,45068.29,6,0,16725.56,no,MEDIUM_RISK
54,contractual,17716.26,12.05,37459.65,3451.87,61879.46,24,1,5384.56,no,MEDIUM_RISK
21,unemployed,6709.07,0.0,12150.12,0.0,59439.2,23,1,3063.42,no,MEDIUM_RISK
47,self_employed,26700.13,3.58,90497.19,9383.49,89381.07,18,2,6951.09,no,MEDIUM_RISK
58,contractual,22647.32,6.83,38551.96,7269.95,162602.09,26,2,16965.33,no,MEDIUM_RISK
64,self_employed,41425.94,11.66,34449.59,20613.03,118482.01,25,1,28217.63,no,MEDIUM_RISK
54,regular,46042.35,4.39,40982.58,24542.84,64815.78,6,0,26828.55,yes,MEDIUM_RISK
43,contractual,26690.93,13.37,17279.92,11201.83,34008.52,38,1,28014.25,no,MEDIUM_RISK
49,self_employed,17587.05,12.47,118157.56,7438.15,40262.46,11,1,1927.49,no,MEDIUM_RISK
25,regular,58616.58,1.84,52167.49,10891.83,31802.33,13,2,51063.18,no,MEDIUM_RISK
51,regular,45256.97,15.1,90126.17,13706.54,86739.37,23,1,20573.55,no,MEDIUM_RISK
31,contractual,28204.44,3.96,73656.43,7893.43,107875.39,12,4,4651.99,yes,MEDIUM_RISK
20,contractual,30168.45,0.0,4453.92,10873.78,37166.96,23,2,12022.99,no,MEDIUM_RISK
44,self_employed,19583.01,3.93,42779.05,5379.84,77365.77,6,3,4338.14,no,MEDIUM_RISK
59,regular,60676.51,8.01,76426.28,32903.8,28408.3,12,1,2392.69,no,MEDIUM_RISK
46,regular,28587.34,3.19,51453.9,14927.4,138260.5,12,1,34020.91,yes,MEDIUM_RISK
20,self_employed,48100.57,0.63,10011.67,21470.63,399329.28,25,1,3290.38,yes,MEDIUM_RISK
32,contractual,47527.01,3.08,11161.22,15973.31,194695.76,12,2,7594.39,yes,MEDIUM_RISK
61,self_employed,25314.85,4.55,64669.91,6529.08,35411.34,12,2,2413.99,no,MEDIUM_RISK
53,regular,25789.7,14.55,17118.59,16275.0,32353.7,13,1,32157.02,no,MEDIUM_RISK
52,self_employed,41290.59,17.0,27324.08,19596.97,15911.65,11,1,51752.9,no,MEDIUM_RISK
26,contractual,31381.85,2.44,75171.98,3555.91,38834.38,35,1,16062.29,no,MEDIUM_RISK
43,self_employed,11976.82,5.25,45443.25,3005.38,88934.4,6,3,5283.25,no,MEDIUM_RISK
33,regular,27837.64,5.24,10798.56,751.71,40027.36,18,0,6704.57,yes,MEDIUM_RISK
27,regular,28687.46,1.48,63537.57,12179.0,24902.87,19,2,0.0,yes,MEDIUM_RISK
26,regular,14456.71,0.99,96797.01,1785.4,67860.29,24,2,22481.67,no,MEDIUM_RISK
25,regular,45506.64,1.18,59285.05,19523.52,105503.83,18,0,20014.42,yes,MEDIUM_RISK
56,regular,46572.77,10.94,22258.92,10692.46,9364.77,17,1,38552.94,no,MEDIUM_RISK
38,contractual,28638.78,4.57,16079.09,1969.94,214399.35,24,2,3967.68,no,MEDIUM_RISK
31,regular,17579.31,3.07,160932.17,2286.89,26200.09,6,2,12803.68,no,MEDIUM_RISK
35,self_employed,34177.61,2.67,22622.31,10398.43,65103.76,24,0,21069.44,no,MEDIUM_RISK
24,contractual,34691.63,3.0,10506.94,8016.38,25953.56,18,1,11719.06,no,MEDIUM_RISK
56,regular,46082.05,10.89,28598.76,12397.97,34278.92,18,1,38623.13,no,MEDIUM_RISK
63,unemployed,5680.27,0.43,8659.29,1819.84,51524.64,24,0,11447.46,yes,MEDIUM_RISK
30,contractual,28997.25,2.48,47042.17,12227.28,21308.05,6,2,14090.55,no,MEDIUM_RISK
51,self_employed,45152.0,3.81,77118.55,14643.92,47537.93,12,1,57395.73,no,MEDIUM_RISK
65,self_employed,36815.78,11.36,34610.59,20350.42,109137.31,22,1,27147.09,no,MEDIUM_RISK
30,contractual,35301.15,5.96,22514.03,9006.97,42141.29,36,1,72902.87,yes,MEDIUM_RISK
56,self_employed,28759.01,7.13,45948.38,1567.62,26688.76,11,2,2307.94,yes,MEDIUM_RISK
40,contractual,28036.13,4.93,75454.66,2222.53,136732.53,25,0,7146.12,no,MEDIUM_RISK
39,regular,13334.38,8.13,78298.6,7236.18,164613.51,36,0,18295.66,yes,MEDIUM_RISK
47,regular,29218.73,5.49,33608.51,15507.48,67817.69,36,1,10465.55,no,MEDIUM_RISK
41,regular,34059.17,1.9,29072.2,12836.86,112258.09,12,0,133959.99,yes,MEDIUM_RISK
54,regular,30722.76,12.95,25339.52,20053.23,67097.64,24,2,10017.32,yes,MEDIUM_RISK
55,regular,20387.3,2.34,53102.62,7456.17,9313.26,12,0,7439.41,yes,MEDIUM_RISK
46,regular,36683.6,12.1,3135.89,13559.82,35387.94,36,2,71603.34,no,MEDIUM_RISK
38,regular,27565.62,9.69,15369.38,11776.85,48481.4,24,3,19613.2,no,MEDIUM_RISK
60,self_employed,22851.26,6.28,62241.09,6539.81,14997.98,12,2,7297.69,no,MEDIUM_RISK
34,contractual,38738.56,1.66,110223.33,11808.43,39771.67,11,0,45499.55,no,MEDIUM_RISK
51,regular,65573.33,7.14,28020.51,29215.5,54894.44,11,1,20979.99,yes,MEDIUM_RISK
25,regular,13456.6,1.2,14568.82,5536.55,33402.85,24,2,25601.63,no,MEDIUM_RISK
41,self_employed,40494.94,9.96,11214.45,17116.81,224658.53,36,3,3634.77,no,MEDIUM_RISK
28,regular,74142.72,1.6,46834.64,42985.02,217554.4,23,1,18200.62,no,MEDIUM_RISK
55,contractual,22085.67,6.61,47025.58,7849.21,161201.48,25,2,20943.66,no,MEDIUM_RISK
41,contractual,44540.41,2.64,33823.34,7871.81,20360.41,25,1,32130.63,no,MEDIUM_RISK
38,unemployed,7525.14,0.07,4684.86,2302.45,31713.6,25,1,19677.07,no,MEDIUM_RISK
33,self_employed,19934.97,4.62,48913.08,6823.77,73612.3,24,3,19779.94,yes,MEDIUM_RISK
65,self_employed,43115.31,8.47,67500.89,21173.84,32817.17,12,0,11692.18,yes,MEDIUM_RISK
40,contractual,23622.9,5.16,27539.16,8290.26,32893.78,20,1,12247.0,no,MEDIUM_RISK
37,regular,15738.79,6.34,5428.05,5034.97,128159.77,6,2,26672.02,no,MEDIUM_RISK
50,contractual,18376.41,6.7,9515.57,5301.03,118776.54,11,1,4493.45,no,MEDIUM_RISK
50,regular,10956.5,3.93,82929.21,1115.13,64303.38,11,0,446.12,no,MEDIUM_RISK
37,contractual,15634.93,7.8,82704.06,3315.3,82587.23,37,1,9313.89,no,MEDIUM_RISK
64,self_employed,39062.87,20.64,40707.27,16537.06,8514.71,13,2,8871.78,yes,MEDIUM_RISK
65,contractual,17959.68,1.93,66372.11,3708.69,107996.82,23,1,45309.54,no,MEDIUM_RISK
57,regular,59510.16,9.43,55416.76,21910.97,72239.88,23,2,11297.22,no,MEDIUM_RISK
66,contractual,18148.52,1.92,64140.4,4762.44,110856.04,24,1,42970.67,no,MEDIUM_RISK
60,contractual,20327.11,7.29,81900.5,10544.43,51807.97,13,1,9182.17,no,MEDIUM_RISK
27,self_employed,31191.26,2.45,40587.17,14167.94,14510.77,11,1,18387.26,no,MEDIUM_RISK
64,self_employed,43191.75,7.25,70607.48,19773.66,26904.12,11,0,12587.9,yes,MEDIUM_RISK
26,self_employed,46910.37,1.92,56946.38,17778.38,11420.87,26,0,15317.63,no,MEDIUM_RISK
28,self_employed,7988.64,0.34,16093.3,5674.51,14057.79,36,1,3841.35,no,MEDIUM_RISK
64,regular,9384.75,21.18,16529.5,2769.73,64784.43,36,2,8477.12,no,MEDIUM_RISK
57,regular,58497.13,2.63,28277.51,19678.35,69674.72,12,2,35892.27,no,MEDIUM_RISK
27,contractual,47876.9,2.81,26929.46,25679.26,87570.63,12,1,16329.08,no,MEDIUM_RISK
41,regular,50716.93,2.18,58501.49,25258.88,113358.43,6,1,19955.35,no,MEDIUM_RISK
45,contractual,25897.66,13.15,22479.14,13187.98,46032.24,35,1,24824.51,no,MEDIUM_RISK
43,self_employed,40396.35,5.66,37232.64,8278.11,80276.55,36,2,13584.04,no,MEDIUM_RISK
30,unemployed,12071.29,0.31,108711.68,3521.23,32599.62,10,0,34649.28,yes,MEDIUM_RISK
24,unemployed,7501.98,0.0,28854.98,2380.23,53027.47,6,1,130340.2,yes,MEDIUM_RISK
56,regular,38630.37,12.76,124379.11,18300.67,87780.24,6,0,43760.31,no,MEDIUM_RISK
36,contractual,22318.24,1.2,42213.57,11885.56,102712.85,12,0,1672.72,no,MEDIUM_RISK
43,regular,20959.19,4.34,91380.36,10440.56,66981.02,24,0,10194.68,no,MEDIUM_RISK
26,regular,14186.43,4.19,6646.38,1758.97,110133.88,23,0,25535.64,no,MEDIUM_RISK
42,regular,36428.61,1.82,33037.64,14358.75,110451.22,11,0,136576.37,yes,MEDIUM_RISK
47,regular,86104.59,12.02,61481.71,35584.59,16572.06,18,2,3499.85,no,MEDIUM_RISK
23,contractual,43672.03,1.21,51685.19,11201.81,176029.95,36,1,4539.44,no,MEDIUM_RISK
29,regular,10367.08,2.45,61675.23,899.53,24484.6,6,1,6915.98,no,MEDIUM_RISK
27,contractual,67718.3,1.88,67240.63,10366.01,61893.06,36,3,13114.19,yes,MEDIUM_RISK
42,contractual,50231.46,10.45,89337.04,25634.17,86621.03,24,0,15690.55,yes,MEDIUM_RISK
48,regular,31845.45,1.15,69390.93,11131.75,68733.31,36,2,5691.76,no,MEDIUM_RISK
51,self_employed,27416.66,3.54,62252.06,11710.12,68834.47,10,3,23032.21,no,MEDIUM_RISK
31,regular,26312.72,2.38,23979.38,10660.07,52522.98,24,2,22013.84,no,MEDIUM_RISK
53,regular,23386.03,6.16,53564.69,12439.11,136171.74,17,2,10834.81,yes,MEDIUM_RISK
54,self_employed,105717.15,6.28,6994.91,58763.63,72898.1,12,1,35321.47,yes,MEDIUM_RISK
35,self_employed,42048.11,5.72,86662.38,20318.9,25525.6,17,0,28328.05,yes,MEDIUM_RISK
55,regular,26888.18,1.85,55109.52,10828.71,76281.38,24,1,0.0,no,MEDIUM_RISK
65,regular,14929.96,15.7,2507.36,9065.26,53876.28,37,5,9172.23,yes,MEDIUM_RISK
62,regular,21343.31,18.97,9659.08,8678.52,140628.93,12,2,31105.53,yes,MEDIUM_RISK
40,regular,24621.6,5.95,4256.68,14097.7,49300.67,25,0,10252.1,no,MEDIUM_RISK
41,contractual,48037.76,10.72,96917.09,25678.18,84427.95,24,0,16721.37,yes,MEDIUM_RISK
66,regular,26179.55,20.67,97298.18,14209.44,93989.7,12,0,389.51,no,MEDIUM_RISK
25,regular,57639.32,0.0,36105.18,28074.64,50868.42,6,1,27005.45,yes,MEDIUM_RISK
25,regular,145017.55,1.91,25001.84,36717.49,43786.61,6,1,15685.89,yes,MEDIUM_RISK
50,self_employed,20261.53,12.98,14910.32,3384.53,45778.23,24,3,13364.08,no,MEDIUM_RISK
29,regular,23758.31,1.55,50640.06,10205.76,80296.19,25,1,8113.03,no,MEDIUM_RISK
36,contractual,19310.86,2.51,92811.73,7681.61,166052.59,6,0,10305.35,no,MEDIUM_RISK
52,regular,31557.91,11.69,61590.92,16428.93,61284.16,12,0,3380.79,no,MEDIUM_RISK
46,regular,45781.4,1.66,17805.08,21869.77,29892.51,12,2,15902.29,no,MEDIUM_RISK
37,contractual,54343.62,5.74,34261.37,18574.6,143702.74,37,2,18566.39,yes,MEDIUM_RISK
52,contractual,44783.42,11.24,25360.49,24853.83,74319.69,36,0,69327.53,no,MEDIUM_RISK
23,regular,28279.26,0.56,23716.94,4658.62,273909.92,19,2,24821.63,no,MEDIUM_RISK
20,self_employed,22700.79,0.03,18415.64,5563.44,254395.48,35,0,38539.35,no,MEDIUM_RISK
48,regular,30545.06,4.37,62299.5,15931.95,45518.25,35,0,3988.73,no,MEDIUM_RISK
56,contractual,13990.42,17.07,53280.81,5714.47,115979.99,16,0,87653.89,no,MEDIUM_RISK
48,regular,39286.68,6.04,35327.23,22266.33,25990.72,25,0,5518.88,no,MEDIUM_RISK
50,regular,23925.01,10.63,987.33,6034.33,306636.13,12,4,12352.67,no,MEDIUM_RISK
28,regular,12290.66,1.8,21283.48,5310.42,131494.46,25,1,35718.54,yes,MEDIUM_RISK
64,regular,42434.64,4.56,47896.13,17252.0,20991.96,36,3,36465.84,no,MEDIUM_RISK
45,regular,89458.2,12.29,70540.09,33841.57,15409.93,18,2,2994.04,no,MEDIUM_RISK
59,unemployed,6169.86,0.35,30503.84,1011.78,87303.05,36,1,37680.45,no,MEDIUM_RISK
26,regular,18367.23,1.28,48117.68,5761.63,91945.09,25,0,27246.57,no,MEDIUM_RISK
56,regular,48536.9,11.18,26147.27,11820.81,15553.17,19,1,39580.88,no,MEDIUM_RISK
51,self_employed,30552.51,7.35,98683.55,6404.25,402893.41,13,1,8154.04,no,MEDIUM_RISK
28,self_employed,41525.31,1.25,24460.92,17266.69,149695.02,12,1,7313.99,no,MEDIUM_RISK
47,self_employed,14407.46,2.27,28073.82,6891.18,44431.25,19,1,4234.43,yes,MEDIUM_RISK
49,regular,12593.96,2.12,21450.49,1463.59,115115.19,12,1,32175.93,yes,MEDIUM_RISK
63,regular,12147.69,20.01,9202.27,4793.89,48032.79,12,3,7217.98,yes,MEDIUM_RISK
27,contractual,38790.35,3.62,33097.35,4669.07,56313.03,36,2,12887.1,yes,MEDIUM_RISK
33,regular,39233.98,3.67,39026.67,20753.85,46514.13,11,1,21301.53,no,MEDIUM_RISK
42,contractual,56622.91,2.25,24337.34,3151.4,25632.94,18,1,37328.52,no,MEDIUM_RISK
62,self_employed,37663.91,9.45,59617.49,18248.4,28249.83,11,2,35002.4,no,MEDIUM_RISK
39,contractual,23215.68,8.67,96873.1,7445.32,66282.63,25,1,13695.86,no,MEDIUM_RISK
57,regular,47094.29,4.91,15325.5,15049.1,48920.41,18,1,61612.47,no,MEDIUM_RISK
65,regular,28340.0,5.12,12883.67,14682.71,112780.13,37,2,54893.23,yes,MEDIUM_RISK
50,regular,43908.18,14.78,87048.89,13599.06,72032.65,23,1,21366.49,no,MEDIUM_RISK
52,contractual,42145.96,11.87,24637.29,23883.42,67466.23,37,0,66514.87,no,MEDIUM_RISK
55,contractual,17002.35,13.54,49076.63,2772.02,34198.46,23,0,15028.52,yes,MEDIUM_RISK
44,regular,45340.15,1.87,14824.52,21610.7,21071.3,11,2,13096.39,no,MEDIUM_RISK
22,contractual,24185.15,0.87,29041.01,2139.48,16000.88,24,1,15338.63,no,MEDIUM_RISK
51,regular,26058.66,13.68,79280.84,3915.83,28817.74,37,5,28096.24,no,MEDIUM_RISK
46,regular,38039.9,1.76,52183.16,10166.75,68231.89,18,5,5014.19,yes,MEDIUM_RISK
48,self_employed,58846.86,10.28,99325.39,22277.38,7525.26,24,2,35286.58,no,MEDIUM_RISK
24,regular,17117.42,1.63,88529.4,7924.42,17374.56,23,1,27606.56,yes,MEDIUM_RISK
22,regular,8716.94,0.93,24397.96,3580.15,22229.56,35,2,17742.23,no,MEDIUM_RISK
27,self_employed,25090.62,1.99,43573.54,13758.85,98320.83,37,1,19212.81,yes,MEDIUM_RISK
26,regular,61912.13,3.62,54643.65,33689.31,71929.12,19,1,9039.05,no,MEDIUM_RISK
24,self_employed,96047.53,1.16,25022.74,21448.35,108969.01,13,1,36624.04,no,MEDIUM_RISK
49,regular,38333.43,6.57,40758.08,21971.28,29751.28,24,0,6687.38,no,MEDIUM_RISK
33,regular,36367.58,4.76,55305.09,16989.43,32702.09,10,3,11428.38,no,MEDIUM_RISK
40,self_employed,20843.1,10.65,44388.26,10044.94,42284.29,23,1,17370.98,no,MEDIUM_RISK
28,regular,20057.72,2.39,45136.81,9651.03,65203.45,24,1,5162.34,no,MEDIUM_RISK
34,regular,42117.81,1.89,21738.6,20119.15,51278.92,12,1,21605.5,no,MEDIUM_RISK
47,regular,37555.93,3.96,33932.2,19177.78,161772.04,24,2,20218.7,no,MEDIUM_RISK
46,regular,10949.62,5.25,82998.84,4492.83,37088.53,35,0,15860.96,yes,MEDIUM_RISK
57,regular,62820.34,2.78,20959.4,19922.22,66666.15,13,2,33203.47,no,MEDIUM_RISK
54,contractual,48511.35,15.2,23251.33,19822.42,66019.77,12,1,42496.61,no,MEDIUM_RISK
30,regular,30341.37,3.21,12179.79,12060.35,48423.72,6,0,35733.33,no,MEDIUM_RISK
33,regular,37454.56,3.83,45926.84,19496.71,35538.29,12,1,20095.42,no,MEDIUM_RISK
60,self_employed,18803.27,5.44,22605.36,10498.75,132757.46,36,1,38848.79,no,MEDIUM_RISK
27,regular,17116.34,2.27,13447.65,4156.26,41308.54,11,2,20034.85,no,MEDIUM_RISK
33,regular,11851.75,4.11,34321.6,3278.35,46551.11,36,1,6082.51,no,MEDIUM_RISK
23,regular,18067.07,0.05,22555.23,6722.53,40731.83,16,1,13032.71,no,MEDIUM_RISK
55,regular,47163.76,5.33,7291.95,16380.45,51416.66,17,1,60019.86,no,MEDIUM_RISK
36,regular,25625.25,8.23,36956.95,7701.43,122983.62,18,4,29493.79,yes,MEDIUM_RISK
31,self_employed,32629.43,0.73,66572.69,15988.24,27195.51,26,1,74103.15,no,MEDIUM_RISK
36,regular,31269.13,5.93,29779.09,14241.53,20020.32,11,1,6558.67,yes,MEDIUM_RISK
24,regular,59594.69,0.13,23849.39,22298.53,79045.17,17,2,45558.06,yes,MEDIUM_RISK
58,self_employed,20218.87,2.93,24286.87,999.79,68796.07,12,2,7367.91,no,MEDIUM_RISK
41,contractual,17492.99,5.11,58986.35,845.18,134853.72,7,1,6994.91,no,MEDIUM_RISK
46,self_employed,69419.01,13.55,60387.7,38740.95,105458.89,18,0,12034.12,no,MEDIUM_RISK
27,contractual,33776.43,3.55,53662.53,12707.92,94323.63,12,3,9837.89,yes,MEDIUM_RISK
42,self_employed,44765.18,4.76,36482.06,10237.91,86368.47,36,2,9815.87,no,MEDIUM_RISK
23,regular,60735.29,0.0,27962.61,22916.67,104561.6,18,2,41121.74,yes,MEDIUM_RISK
25,contractual,23418.24,2.12,32701.9,5468.23,28158.85,12,0,32362.53,no,MEDIUM_RISK
60,contractual,20744.14,7.56,76410.63,9591.34,54429.37,12,1,3741.36,no,MEDIUM_RISK
66,regular,22111.57,10.59,28864.47,12292.1,179525.86,13,1,8285.61,no,MEDIUM_RISK
46,self_employed,20001.39,3.12,17829.84,8851.76,82985.45,11,2,431.95,yes,MEDIUM_RISK
46,contractual,38065.78,9.25,36331.6,13319.75,23421.29,13,1,2786.49,no,MEDIUM_RISK
62,regular,31117.41,7.26,60384.45,16545.12,59456.09,24,0,33887.25,yes,MEDIUM_RISK
45,self_employed,59391.72,2.01,61020.88,23355.45,219328.76,6,2,26741.52,yes,MEDIUM_RISK
27,contractual,36536.53,3.12,38114.29,4492.41,72252.29,35,2,13439.41,yes,MEDIUM_RISK
27,self_employed,18493.15,0.81,62399.72,8785.46,78106.79,11,1,17032.57,yes,MEDIUM_RISK
31,regular,25233.63,2.43,27077.29,11120.99,47865.31,25,2,22122.64,no,MEDIUM_RISK
30,regular,67524.51,3.79,41585.91,34767.64,45645.38,36,2,69947.16,yes,MEDIUM_RISK
28,self_employed,22045.78,2.52,42771.52,2364.33,163771.42,18,3,67135.54,no,MEDIUM_RISK
47,self_employed,63464.52,4.0,69957.35,15183.14,107018.12,23,1,19847.42,no,MEDIUM_RISK
41,regular,19479.57,1.53,17924.32,8142.02,87882.57,18,1,13774.63,yes,MEDIUM_RISK
56,self_employed,18624.38,5.75,70137.36,4277.02,20562.47,35,2,13198.64,no,MEDIUM_RISK
59,self_employed,25969.21,18.84,66726.14,11174.89,187456.3,24,2,8967.06,yes,MEDIUM_RISK
53,self_employed,23592.53,2.66,25329.11,5424.91,21658.2,12,1,0.0,no,MEDIUM_RISK
63,regular,19340.83,8.27,17160.27,11511.03,45259.26,12,3,5170.97,no,MEDIUM_RISK
65,regular,29967.54,19.03,36117.04,16438.31,34795.75,17,1,10594.88,yes,MEDIUM_RISK
59,contractual,22290.82,7.43,83837.25,12165.77,50901.64,12,1,5744.29,no,MEDIUM_RISK
63,regular,36302.57,11.69,116883.7,18003.56,85396.49,18,2,17686.06,yes,MEDIUM_RISK
46,regular,37727.87,1.98,52187.94,8738.55,72285.95,18,5,7955.74,yes,MEDIUM_RISK
21,regular,59456.77,0.88,22917.69,22799.88,80586.27,18,2,40590.37,yes,MEDIUM_RISK
60,contractual,74681.49,6.58,65115.06,4191.95,36853.54,25,4,19130.41,yes,MEDIUM_RISK
52,self_employed,27673.09,4.11,66426.49,12021.12,67665.93,11,3,23017.03,no,MEDIUM_RISK
44,contractual,24813.58,13.14,20659.07,11600.36,37195.17,37,1,27006.67,no,MEDIUM_RISK
51,self_employed,23439.31,3.15,21268.79,6245.96,39000.81,11,1,0.0,no,MEDIUM_RISK
62,contractual,61124.99,7.41,8372.49,21384.28,64040.9,18,1,15691.64,no,MEDIUM_RISK
31,contractual,26594.66,2.1,43779.16,12584.95,11950.98,6,2,14444.87,no,MEDIUM_RISK
62,regular,23937.56,5.71,16704.39,13013.88,108111.86,12,3,74310.93,no,MEDIUM_RISK
50,self_employed,92145.36,2.23,12446.75,37290.32,49314.1,6,2,10811.73,yes,MEDIUM_RISK
32,self_employed,15302.47,4.25,46313.73,9282.94,59858.42,23,3,23713.5,yes,MEDIUM_RISK
57,regular,40766.7,4.23,105375.61,13972.18,123848.16,18,1,13806.65,no,MEDIUM_RISK
29,contractual,69042.21,1.42,70226.64,9257.1,59948.56,36,3,10499.94,yes,MEDIUM_RISK
40,contractual,40522.65,5.21,30156.61,16150.18,68699.01,23,1,22270.43,no,MEDIUM_RISK
59,self_employed,20542.01,20.89,61038.86,11772.27,27931.85,24,2,9564.71,yes,MEDIUM_RISK
31,contractual,37731.85,4.15,51487.88,12815.43,62260.36,23,0,28243.19,no,MEDIUM_RISK
60,self_employed,20222.77,5.19,24381.59,9824.68,125409.5,36,1,38476.84,no,MEDIUM_RISK
54,regular,23255.03,1.73,17001.05,12800.2,89027.55,35,1,12307.48,no,MEDIUM_RISK
55,self_employed,62557.01,3.96,43927.8,22162.0,111665.3,18,2,25745.19,yes,MEDIUM_RISK
26,regular,19629.88,1.83,17804.47,7263.15,41501.46,12,2,17897.35,no,MEDIUM_RISK
43,self_employed,59792.09,1.85,61928.38,22917.25,213836.6,6,2,26391.76,yes,MEDIUM_RISK
23,regular,56500.08,0.0,62507.2,30351.99,81212.01,12,0,53318.14,yes,MEDIUM_RISK
36,regular,32073.6,5.78,47654.48,11306.37,164367.28,17,2,15361.13,no,MEDIUM_RISK
38,contractual,55188.12,5.33,31308.45,18916.98,130156.72,35,2,18875.06,yes,MEDIUM_RISK
48,regular,15035.57,14.26,37615.0,5330.76,159673.8,7,2,30237.55,yes,MEDIUM_RISK
26,self_employed,48563.51,3.02,44954.3,16814.15,85084.39,24,1,41053.82,no,MEDIUM_RISK
40,contractual,24589.35,5.17,23454.58,9166.17,41455.74,16,1,12979.22,no,MEDIUM_RISK
63,contractual,19482.37,17.48,17621.79,7672.58,22015.31,24,1,22601.85,no,MEDIUM_RISK
55,self_employed,24038.65,8.77,14744.98,10900.31,215623.38,25,2,26386.06,yes,MEDIUM_RISK
39,self_employed,41438.61,9.64,13898.35,16775.48,225148.46,35,3,2601.11,no,MEDIUM_RISK
34,contractual,58380.26,3.71,17740.79,13491.56,19467.33,37,1,34007.19,no,MEDIUM_RISK
54,unemployed,117.67,0.0,12537.5,0.0,134767.94,23,2,125842.24,no,MEDIUM_RISK
52,contractual,41447.91,11.47,25389.31,22700.21,65524.91,36,0,67462.56,no,MEDIUM_RISK
32,regular,60003.71,2.49,137700.65,32606.87,64556.52,13,1,20468.23,yes,MEDIUM_RISK
57,regular,45553.6,5.07,8208.64,15277.4,47409.11,18,1,60102.94,no,MEDIUM_RISK
57,regular,58683.81,8.78,40604.5,26639.28,78883.41,35,0,7634.75,no,MEDIUM_RISK
62,self_employed,17523.64,15.01,12695.37,4261.58,43134.25,11,2,6893.46,no,MEDIUM_RISK
23,self_employed,53824.92,0.0,5022.19,2497.17,51574.13,7,2,80071.87,no,MEDIUM_RISK
48,contractual,39397.41,7.31,65523.48,5933.53,88767.94,11,3,30203.52,no,MEDIUM_RISK
47,unemployed,11139.49,0.88,33781.61,2037.75,40597.94,19,1,41551.63,no,MEDIUM_RISK
26,regular,70916.24,3.04,39169.66,34236.41,52273.28,36,2,69080.53,yes,MEDIUM_RISK
40,regular,12521.41,4.1,83032.98,39.05,30362.19,24,1,7266.05,no,MEDIUM_RISK
55,unemployed,195.71,0.52,11952.76,0.0,154089.94,23,2,126924.9,no,MEDIUM_RISK
44,regular,21802.42,9.97,8760.66,6722.31,297343.09,12,1,9970.33,no,MEDIUM_RISK
57,regular,28092.62,14.82,35416.77,16116.17,263462.37,11,0,77552.23,no,MEDIUM_RISK
33,self_employed,12059.77,6.27,23919.02,6145.02,44166.4,12,2,10117.95,no,MEDIUM_RISK
58,contractual,20931.86,7.5,79247.18,11296.38,34486.81,12,1,4872.75,no,MEDIUM_RISK
47,regular,10562.51,1.51,20916.08,1997.23,121375.04,12,1,35241.1,yes,MEDIUM_RISK
39,regular,31106.93,7.56,11176.79,9079.69,63314.09,36,3,21201.64,no,MEDIUM_RISK
46,self_employed,37514.31,1.89,56934.61,10239.68,202868.73,23,0,43777.4,no,MEDIUM_RISK
42,contractual,21216.54,10.92,115140.65,9381.32,50898.21,12,2,22505.6,yes,MEDIUM_RISK
65,regular,9206.86,19.53,10525.63,4742.51,40881.81,11,3,5940.91,yes,MEDIUM_RISK
43,self_employed,13474.14,9.24,46141.94,4645.97,1000.0,25,1,26837.27,no,MEDIUM_RISK
38,regular,28117.78,5.71,47118.25,10787.1,169571.0,18,2,11361.97,no,MEDIUM_RISK
63,regular,11702.02,20.56,19570.39,2749.58,51277.1,36,2,4043.84,no,MEDIUM_RISK
31,unemployed,3830.44,0.93,15399.99,0.0,28828.99,12,2,33328.36,no,MEDIUM_RISK
57,self_employed,29013.21,7.54,49341.68,2338.63,35842.17,12,2,6225.62,yes,MEDIUM_RISK
27,regular,15088.74,0.49,92941.61,2322.28,59498.28,23,2,19104.53,no,MEDIUM_RISK
42,self_employed,12116.09,9.28,42874.91,6498.92,16778.86,23,1,23687.47,no,MEDIUM_RISK
50,self_employed,39137.65,1.92,44711.62,5583.77,17132.15,13,2,55230.93,no,MEDIUM_RISK
27,self_employed,27029.28,2.08,18875.56,9753.94,182949.59,12,0,8315.23,no,MEDIUM_RISK
49,contractual,44826.48,14.05,36498.11,13374.58,23531.59,23,1,10050.28,no,MEDIUM_RISK
45,regular,11347.29,13.01,133614.75,7714.27,146888.74,12,0,4105.47,yes,MEDIUM_RISK
26,self_employed,29522.69,3.0,16899.84,7995.36,172161.55,12,0,6247.13,no,MEDIUM_RISK
65,regular,41510.64,5.15,44484.94,17015.27,16879.89,35,3,37373.25,no,MEDIUM_RISK
53,regular,33051.07,6.93,27559.07,18386.37,71052.01,17,2,13483.15,no,MEDIUM_RISK
42,regular,30645.26,11.43,123354.61,17074.5,111335.39,19,1,20720.21,no,MEDIUM_RISK
61,self_employed,34849.83,9.97,57649.99,17719.62,20533.4,11,2,35082.58,no,MEDIUM_RISK
41,self_employed,9938.25,6.52,65088.34,4084.65,392565.82,11,3,45620.38,no,MEDIUM_RISK
57,regular,45575.02,9.73,4325.54,25179.08,92379.09,24,2,1074.45,no,MEDIUM_RISK
27,self_employed,83019.19,1.28,13162.91,34472.78,143034.27,13,1,51876.78,yes,MEDIUM_RISK
52,self_employed,28759.06,11.59,25587.91,13285.7,62907.0,6,0,32010.6,no,MEDIUM_RISK
23,self_employed,76655.83,2.05,125697.2,43838.03,171073.02,17,1,84973.05,yes,MEDIUM_RISK
29,self_employed,42661.15,1.6,23776.44,18302.32,98275.12,25,3,16033.49,no,MEDIUM_RISK
34,regular,33943.02,2.29,47418.6,14362.6,40081.61,23,1,6409.19,yes,MEDIUM_RISK
40,regular,22933.17,2.23,102131.3,8049.73,59053.3,24,1,8316.86,no,MEDIUM_RISK
23,unemployed,7805.0,0.51,30009.07,1773.56,67025.6,6,1,135739.3,yes,MEDIUM_RISK
46,regular,40643.37,8.54,52988.6,23121.87,42496.8,11,1,14313.64,no,MEDIUM_RISK
36,regular,26096.7,1.07,23774.61,9755.06,16124.67,36,1,63331.52,no,MEDIUM_RISK
41,contractual,26558.4,3.73,35817.35,6895.64,33334.86,6,2,36895.43,yes,MEDIUM_RISK
59,regular,37080.4,11.24,11610.5,13866.71,98158.64,24,3,14414.06,no,MEDIUM_RISK
61,self_employed,16215.27,5.23,46695.95,8364.77,127751.59,23,1,21352.78,no,MEDIUM_RISK
57,regular,29469.13,7.96,0.0,17426.34,63501.28,18,0,18262.86,no,MEDIUM_RISK
27,regular,47158.44,1.86,82888.2,18616.79,31207.43,18,1,840.2,no,MEDIUM_RISK
64,self_employed,18873.57,6.14,42594.49,10039.17,117294.04,25,1,20504.13,no,MEDIUM_RISK
40,regular,24678.06,6.23,9379.48,13964.39,47474.07,24,0,13742.15,no,MEDIUM_RISK
58,self_employed,23326.26,20.81,62603.37,11399.98,6866.42,25,2,8716.49,yes,MEDIUM_RISK
59,self_employed,17769.95,20.1,54744.18,11229.05,16765.46,24,2,8328.31,yes,MEDIUM_RISK
26,regular,9931.21,1.33,43784.82,5383.82,48670.39,12,2,76781.54,no,MEDIUM_RISK
54,self_employed,41206.34,17.21,22880.84,18650.92,22290.9,13,1,56488.27,no,MEDIUM_RISK
51,self_employed,18808.69,8.38,98698.12,3626.79,182256.72,13,2,58828.85,yes,MEDIUM_RISK
26,contractual,13062.74,3.21,38015.22,3977.63,130924.34,24,0,0.0,no,MEDIUM_RISK
35,self_employed,31856.74,3.13,20175.67,10825.82,66798.59,22,0,20278.84,no,MEDIUM_RISK
56,regular,46883.34,11.64,23812.23,12324.3,20102.27,17,1,39023.12,no,MEDIUM_RISK
44,regular,20846.12,6.29,93438.02,9402.04,99554.34,25,1,40066.24,yes,MEDIUM_RISK
27,regular,13982.73,3.18,156009.66,2133.74,25006.25,6,2,13917.35,no,MEDIUM_RISK
54,regular,25712.15,2.06,56182.73,10703.48,64129.07,25,1,0.0,no,MEDIUM_RISK
21,regular,59211.92,0.0,54633.89,31111.28,55314.08,12,0,54500.28,yes,MEDIUM_RISK
26,self_employed,73006.7,2.42,125024.77,44392.24,170617.17,17,1,82572.41,yes,MEDIUM_RISK
33,contractual,61303.67,1.55,16609.05,33176.1,55304.75,11,0,78980.0,no,MEDIUM_RISK
26,unemployed,7714.87,0.0,25042.26,0.0,20592.49,6,3,28150.08,yes,MEDIUM_RISK
56,regular,50277.82,11.82,20493.77,12274.05,22252.02,19,1,40524.31,no,MEDIUM_RISK
50,contractual,38620.55,7.44,64491.8,5776.39,85006.14,11,3,31365.25,no,MEDIUM_RISK
21,regular,22829.65,0.0,18137.25,12245.05,63011.11,17,3,9123.29,no,MEDIUM_RISK
25,self_employed,50110.56,2.48,41704.86,15370.35,68543.22,23,1,44643.07,no,MEDIUM_RISK
64,contractual,45488.61,7.52,63586.57,21288.05,87932.85,13,2,81233.92,yes,MEDIUM_RISK
61,self_employed,20135.39,6.42,22087.75,9423.37,117341.16,36,1,38070.35,no,MEDIUM_RISK
52,self_employed,39023.93,4.35,93950.19,22821.36,100838.71,12,0,25468.79,no,MEDIUM_RISK
50,self_employed,22151.32,8.66,101834.14,4316.22,191181.91,13,2,57754.59,yes,MEDIUM_RISK
62,regular,23144.69,18.98,23013.28,12551.95,163224.6,18,3,20261.89,no,MEDIUM_RISK
35,contractual,88482.91,0.63,54089.3,36036.63,72385.18,17,2,19029.42,no,MEDIUM_RISK
56,regular,41216.53,4.99,46285.28,17481.68,125250.98,11,5,56191.73,yes,MEDIUM_RISK
25,contractual,41669.67,2.08,62214.83,18123.32,23834.7,7,1,22979.94,yes,MEDIUM_RISK
42,contractual,47995.49,11.11,91512.59,26561.77,79436.78,24,0,17638.55,yes,MEDIUM_RISK
43,self_employed,24472.75,10.64,23933.16,9658.41,45763.36,11,1,25013.55,no,MEDIUM_RISK
26,regular,32806.11,0.94,45029.62,16716.27,85453.67,17,3,26981.47,yes,MEDIUM_RISK
21,self_employed,41846.74,0.75,5417.73,17078.44,30579.4,11,2,65532.43,yes,MEDIUM_RISK
58,regular,57776.19,9.99,60082.77,19903.78,69083.38,23,2,13241.72,no,MEDIUM_RISK
39,regular,13101.27,1.21,86896.32,2716.95,19349.2,17,1,21690.11,yes,MEDIUM_RISK
46,regular,31313.92,5.65,50552.98,15692.5,16516.9,35,0,7207.05,no,MEDIUM_RISK
28,regular,47450.08,1.93,18631.36,14439.86,51509.45,23,2,53933.37,yes,MEDIUM_RISK
36,contractual,59272.08,4.53,22378.03,12457.04,92873.0,18,1,79425.9,yes,MEDIUM_RISK
57,self_employed,29542.84,18.81,63058.4,11211.76,187187.82,25,2,3517.78,yes,MEDIUM_RISK
53,contractual,26651.02,8.71,12916.75,11267.14,77957.4,12,1,16111.33,no,MEDIUM_RISK
26,regular,25416.58,1.18,14952.37,10390.21,117191.71,24,1,2743.79,no,MEDIUM_RISK
26,regular,15457.24,1.6,43983.34,4849.98,58086.9,12,2,80179.79,no,MEDIUM_RISK
20,regular,20366.43,0.59,21779.58,7427.78,75863.93,12,3,29176.02,no,MEDIUM_RISK
62,regular,21794.21,18.76,7470.86,7723.22,138705.0,12,2,30491.78,yes,MEDIUM_RISK
64,regular,11283.25,23.88,27787.04,5884.49,141133.08,24,1,4480.43,yes,MEDIUM_RISK
37,contractual,14731.94,3.99,42283.93,7106.12,32769.9,36,0,34455.49,yes,MEDIUM_RISK
27,unemployed,4998.38,0.0,0.0,1031.93,31338.99,14,1,5435.46,no,MEDIUM_RISK
45,self_employed,59636.78,2.13,57378.85,23480.0,229911.49,7,2,27646.4,yes,MEDIUM_RISK
27,regular,30309.54,1.91,62876.96,10979.23,27023.55,17,2,0.0,yes,MEDIUM_RISK
24,regular,30197.77,1.4,21824.41,13118.79,157718.15,24,0,3743.59,yes,MEDIUM_RISK
48,regular,38486.08,7.15,36777.14,21645.58,25913.36,23,0,3215.43,no,MEDIUM_RISK
32,self_employed,34354.68,2.59,21424.93,10078.04,63669.33,24,0,20069.24,no,MEDIUM_RISK
40,contractual,24718.88,4.46,44876.68,7431.03,265568.45,6,0,11192.6,no,MEDIUM_RISK
45,contractual,21455.7,11.99,18237.41,12473.22,54000.93,17,0,8716.51,yes,MEDIUM_RISK
40,regular,27639.81,6.14,37008.9,15753.2,35023.17,12,1,1516.26,no,MEDIUM_RISK
38,regular,50858.97,6.67,60818.93,26275.72,53395.07,13,0,17811.21,no,MEDIUM_RISK
43,regular,18676.06,5.52,5519.57,6396.49,73956.03,36,2,16842.2,no,MEDIUM_RISK
30,contractual,29810.38,6.48,23062.23,9585.15,33472.88,37,1,74682.01,yes,MEDIUM_RISK
59,self_employed,22074.73,21.89,58614.25,13581.9,17163.73,24,2,9258.01,yes,MEDIUM_RISK
55,regular,32282.55,2.53,54182.2,14133.75,19209.45,24,1,35478.47,no,MEDIUM_RISK
54,regular,37724.51,7.68,25106.06,17295.16,61379.41,24,0,2442.91,no,MEDIUM_RISK
29,contractual,14419.56,5.76,30668.07,5022.17,13925.85,7,2,32175.53,no,MEDIUM_RISK
45,unemployed,7693.61,0.0,37118.47,831.7,36819.47,19,1,39606.48,no,MEDIUM_RISK
24,regular,31539.63,0.51,25305.71,13580.99,164045.1,24,0,3975.5,yes,MEDIUM_RISK
56,contractual,106593.73,9.57,19326.48,13339.74,77391.16,24,2,67747.6,no,MEDIUM_RISK
40,self_employed,18714.6,9.51,4906.81,6001.92,47607.84,13,3,12832.56,no,MEDIUM_RISK
47,regular,102295.13,5.29,19680.13,49807.51,229381.69,24,1,37868.75,no,MEDIUM_RISK
33,regular,27176.04,5.72,123693.85,13541.3,8221.35,36,1,12716.96,yes,MEDIUM_RISK
39,contractual,22249.66,1.25,50145.8,11475.57,106265.9,12,0,5319.72,no,MEDIUM_RISK
26,self_employed,6668.29,0.42,19699.24,5300.92,20458.27,36,1,7410.76,no,MEDIUM_RISK
58,regular,42577.06,3.42,105556.94,13231.9,117862.58,17,1,16178.21,no,MEDIUM_RISK
33,self_employed,32532.51,2.46,22672.44,10582.9,57158.64,24,0,19882.31,no,MEDIUM_RISK
63,contractual,32760.92,17.35,133011.03,13247.13,71456.17,24,2,9407.73,no,MEDIUM_RISK
47,unemployed,6755.84,0.0,35831.67,2156.43,51535.45,19,1,37706.89,no,MEDIUM_RISK
33,contractual,60211.42,3.59,19720.77,13089.61,11506.07,37,1,36634.31,no,MEDIUM_RISK
52,regular,63035.84,7.23,29507.88,28881.73,61040.77,12,1,18953.22,yes,MEDIUM_RISK
44,self_employed,43114.64,0.12,69722.65,16414.07,148510.39,13,2,49940.2,no,MEDIUM_RISK
37,contractual,55113.96,6.01,31080.84,19252.8,127017.31,36,2,16732.74,yes,MEDIUM_RISK
34,regular,15666.24,1.83,34666.81,8047.92,41044.65,37,3,4231.96,no,MEDIUM_RISK
23,regular,12981.82,0.86,14857.57,3299.43,20222.75,36,2,13831.43,no,MEDIUM_RISK
37,contractual,91682.2,1.44,51890.3,34448.36,63467.3,18,2,15040.79,no,MEDIUM_RISK
58,regular,41988.6,7.99,18867.73,18906.18,411788.92,24,0,11971.86,yes,MEDIUM_RISK
54,contractual,21844.51,6.49,41736.06,6420.8,165269.58,24,2,18105.58,no,MEDIUM_RISK
43,contractual,56568.74,2.95,26824.01,3691.96,12712.36,17,1,38840.2,no,MEDIUM_RISK
54,regular,46535.12,17.88,81923.34,26291.84,28802.18,24,0,36092.86,no,MEDIUM_RISK
44,regular,25691.13,9.86,6344.32,5200.29,288469.87,12,1,12995.62,no,MEDIUM_RISK
50,contractual,16401.14,7.92,9227.84,4726.78,115804.53,13,1,4459.19,no,MEDIUM_RISK
62,unemployed,3927.02,0.0,14862.4,0.0,50912.65,24,0,11082.08,yes,MEDIUM_RISK
42,self_employed,23570.72,2.78,46834.86,1761.91,85615.64,24,2,10022.04,no,MEDIUM_RISK
34,self_employed,113166.15,6.57,15568.11,64038.98,115998.72,25,1,35486.23,no,MEDIUM_RISK
41,regular,24300.57,6.22,49742.08,12230.56,45134.95,11,1,61882.3,yes,MEDIUM_RISK
54,regular,31584.01,6.49,30174.23,18845.72,71826.11,19,2,15187.88,no,MEDIUM_RISK
41,regular,5222.5,4.56,86051.35,0.0,36584.95,25,1,10813.2,no,MEDIUM_RISK
44,contractual,53724.3,11.63,66267.25,29519.17,202678.2,25,1,46271.47,no,MEDIUM_RISK
48,self_employed,60657.51,4.17,67621.47,16425.0,105419.81,24,1,18200.68,no,MEDIUM_RISK
58,self_employed,15097.11,4.66,69879.77,1507.79,28064.61,36,2,9626.9,no,MEDIUM_RISK
33,contractual,41203.66,0.81,105486.18,11180.58,47367.87,12,0,44658.06,no,MEDIUM_RISK
38,regular,28724.81,6.68,36570.07,15325.25,31071.52,12,1,2459.95,no,MEDIUM_RISK
55,regular,62442.96,2.36,91764.73,21505.33,55421.86,24,2,48556.64,yes,MEDIUM_RISK
25,contractual,32579.89,2.55,67985.55,4640.16,51180.26,37,1,14481.86,no,MEDIUM_RISK
31,regular,31516.91,4.74,17637.93,14370.88,110523.09,36,2,28821.0,no,MEDIUM_RISK
23,self_employed,25065.76,1.12,137389.6,4363.12,17330.67,35,2,9654.57,no,MEDIUM_RISK
46,regular,34791.43,1.62,48734.08,8596.29,68910.79,19,5,6467.28,yes,MEDIUM_RISK
27,regular,17872.21,2.19,16256.63,6071.64,48432.98,12,2,18868.31,no,MEDIUM_RISK
28,regular,20622.73,2.07,7383.0,8826.26,74000.57,17,1,9765.76,no,MEDIUM_RISK
39,regular,14171.05,8.1,77192.89,7585.73,163351.73,35,0,19032.46,yes,MEDIUM_RISK
45,contractual,24035.73,13.38,20355.25,11994.0,28599.49,37,1,28805.45,no,MEDIUM_RISK
44,regular,26547.43,9.5,108954.35,7486.14,46297.72,25,0,35446.39,yes,MEDIUM_RISK
31,contractual,43597.38,2.92,13513.11,16824.58,198073.34,13,2,10884.13,yes,MEDIUM_RISK
48,regular,17947.77,10.29,20679.09,10887.32,8812.58,19,1,27227.3,no,MEDIUM_RISK
44,regular,43093.4,1.98,14381.34,22077.94,21601.45,13,2,13265.33,no,MEDIUM_RISK
60,contractual,31036.91,8.55,53236.53,16111.25,131169.44,6,1,17668.61,no,MEDIUM_RISK
34,regular,10119.13,4.23,32425.08,3775.03,43073.54,36,1,6002.49,no,MEDIUM_RISK
47,contractual,22846.17,11.84,17063.21,12379.66,58652.56,18,0,11468.58,yes,MEDIUM_RISK
42,regular,24708.69,2.15,31174.98,14664.34,32632.04,19,0,6961.86,yes,MEDIUM_RISK
62,regular,28216.74,6.29,57826.63,17322.48,52088.64,23,0,33446.22,yes,MEDIUM_RISK
20,contractual,51136.28,0.82,144093.92,24671.37,232290.23,13,0,25749.76,yes,MEDIUM_RISK
56,contractual,106879.48,9.45,18178.71,12980.88,65013.8,25,2,71180.11,no,MEDIUM_RISK
40,contractual,42931.2,1.12,26105.66,10755.99,289544.39,36,0,13198.22,no,MEDIUM_RISK
26,contractual,25709.6,0.9,35668.41,9043.1,36646.12,12,1,37241.68,yes,MEDIUM_RISK
44,regular,24112.28,4.48,28725.34,9882.5,268573.28,36,1,91960.12,no,MEDIUM_RISK
54,contractual,39541.73,1.99,16219.3,6015.23,67670.09,18,2,915.21,no,MEDIUM_RISK
43,contractual,24568.34,13.58,16993.12,12221.11,48301.62,35,1,30027.46,no,MEDIUM_RISK
62,contractual,18593.39,17.07,23245.27,9003.44,23510.95,25,1,23099.08,no,MEDIUM_RISK
22,contractual,32731.76,1.97,14820.85,14843.38,66229.59,24,0,19575.45,no,MEDIUM_RISK
41,regular,36928.21,5.73,26671.94,21424.74,30238.62,12,0,2928.28,no,MEDIUM_RISK
30,regular,21142.79,1.25,48169.64,11862.38,79284.09,24,1,6420.37,no,MEDIUM_RISK
43,regular,23647.5,5.92,9168.66,13674.6,45505.31,25,0,11996.74,no,MEDIUM_RISK
47,contractual,27315.34,3.27,8101.66,17656.07,78487.42,13,0,7321.39,no,MEDIUM_RISK
49,contractual,16615.6,7.05,14427.96,5306.59,124761.4,12,1,7631.16,no,MEDIUM_RISK
40,contractual,23344.98,4.93,32422.37,7742.0,35736.42,17,1,9688.36,no,MEDIUM_RISK
22,self_employed,25239.09,1.46,131530.59,3305.89,16107.66,36,2,12526.14,no,MEDIUM_RISK
56,self_employed,17960.76,4.09,68300.55,2473.03,28275.58,36,2,11663.31,no,MEDIUM_RISK
26,regular,28831.67,1.4,34599.48,15349.74,15457.93,24,2,27444.26,no,MEDIUM_RISK
50,contractual,41096.79,11.45,25344.68,22994.41,72789.03,36,0,69431.03,no,MEDIUM_RISK
21,regular,6716.58,1.34,20271.72,4018.84,26710.83,36,2,15955.35,no,MEDIUM_RISK
53,self_employed,46975.84,10.08,121615.95,18549.31,65877.92,13,1,24199.95,no,MEDIUM_RISK
48,self_employed,59627.26,10.64,94053.38,22540.94,8836.95,24,2,33825.82,no,MEDIUM_RISK
65,regular,31253.82,4.27,6650.5,13794.78,104385.54,36,2,54305.31,yes,MEDIUM_RISK
49,self_employed,38205.91,7.81,129245.67,11662.77,176978.08,11,1,8995.63,no,MEDIUM_RISK
32,regular,49040.89,1.37,22599.98,16105.37,51199.25,26,2,54110.0,yes,MEDIUM_RISK
26,contractual,20498.66,0.09,19497.66,4092.0,66369.01,12,1,464.57,no,MEDIUM_RISK
24,regular,25798.06,0.12,0.0,9389.95,172285.34,18,1,37001.08,yes,MEDIUM_RISK
27,contractual,71748.29,1.7,73058.94,8802.14,45312.28,36,3,12775.18,yes,MEDIUM_RISK
33,contractual,35601.33,5.65,23074.17,10268.95,37092.52,36,1,72797.3,yes,MEDIUM_RISK
41,regular,40537.54,6.06,27363.09,20598.33,26872.21,12,0,2912.27,no,MEDIUM_RISK
28,regular,34858.85,0.62,51648.07,14395.81,36929.35,6,1,978.31,no,MEDIUM_RISK
49,contractual,11952.9,7.38,45276.4,8217.25,10510.11,11,1,5278.94,no,MEDIUM_RISK
31,regular,26797.95,1.69,60211.75,11558.96,71073.79,12,4,8453.08,no,MEDIUM_RISK
30,regular,38152.33,5.79,6280.31,14482.93,386110.4,17,0,14570.98,no,MEDIUM_RISK
54,contractual,34394.08,4.95,49798.75,12610.83,86513.64,25,2,67959.35,yes,MEDIUM_RISK
63,self_employed,14745.71,15.0,4611.34,5454.46,33483.59,13,2,8604.25,no,MEDIUM_RISK
38,regular,17583.82,2.44,24106.3,6585.54,13760.64,24,1,18510.51,no,MEDIUM_RISK
48,self_employed,48968.36,4.18,78907.14,15318.66,48723.35,11,1,59177.67,no,MEDIUM_RISK
57,contractual,27522.4,17.66,34979.06,7078.79,225336.08,17,2,21254.63,no,MEDIUM_RISK
64,contractual,63783.44,8.47,9640.87,21446.24,52865.29,19,1,14051.51,no,MEDIUM_RISK
44,regular,20433.34,1.79,11406.71,7886.47,98998.87,21,1,16404.88,yes,MEDIUM_RISK
59,regular,18785.74,19.81,30907.28,7200.77,115943.21,37,3,30673.7,no,MEDIUM_RISK
33,regular,22987.52,1.69,25650.68,10409.63,40462.85,37,1,64426.02,no,MEDIUM_RISK
59,contractual,23858.44,7.48,78713.68,9882.67,47666.66,12,1,6175.5,no,MEDIUM_RISK
31,regular,22104.66,3.73,32320.83,5945.69,37485.87,23,2,11878.85,no,MEDIUM_RISK
53,contractual,131113.4,6.03,11442.56,55554.63,58203.38,25,3,18192.76,yes,MEDIUM_RISK
46,regular,37719.45,2.01,53831.41,9659.03,65899.56,17,5,5540.51,yes,MEDIUM_RISK
43,contractual,18402.72,4.65,56023.56,177.33,131799.02,6,1,4599.83,no,MEDIUM_RISK
24,regular,58441.54,0.65,52933.39,31905.87,71181.31,11,0,53497.03,yes,MEDIUM_RISK
23,regular,149934.08,1.88,24740.52,36102.23,40584.0,7,1,17893.62,yes,MEDIUM_RISK
64,contractual,54780.72,11.21,21220.94,25376.83,54777.12,24,0,19053.61,no,MEDIUM_RISK
56,contractual,13838.51,13.67,47134.68,4819.68,32332.14,24,0,16747.54,yes,MEDIUM_RISK
45,contractual,18795.89,4.45,33934.22,4720.17,21412.7,24,2,6041.3,yes,MEDIUM_RISK
32,regular,39278.9,0.89,20167.36,20867.94,49355.18,11,1,16518.94,no,MEDIUM_RISK
25,self_employed,76924.21,2.58,129640.57,42952.08,175884.72,18,1,83968.04,yes,MEDIUM_RISK
28,regular,66885.68,3.51,35796.79,34419.4,49754.92,36,2,67025.71,yes,MEDIUM_RISK
47,regular,36602.69,5.63,35957.11,17874.72,151375.05,23,2,15472.68,no,MEDIUM_RISK
62,regular,22711.37,18.69,18735.48,10936.84,162935.73,18,3,20109.62,no,MEDIUM_RISK
24,regular,11704.82,0.38,15185.25,7069.01,15859.28,23,2,24893.28,no,MEDIUM_RISK
33,regular,54952.16,4.62,20089.46,28074.09,38417.55,24,2,8106.5,no,MEDIUM_RISK
53,regular,35391.49,2.38,52291.52,13431.01,19263.0,24,1,32644.15,no,MEDIUM_RISK
46,regular,26304.13,3.53,50214.36,11831.3,67843.82,23,1,38473.61,no,MEDIUM_RISK
39,regular,48935.19,6.72,62523.27,26776.24,46699.89,12,0,16969.39,no,MEDIUM_RISK
35,self_employed,40309.35,6.28,90370.02,18793.29,14261.38,19,0,29835.37,yes,MEDIUM_RISK
42,regular,23198.83,4.23,89352.1,8436.13,30194.86,23,1,6176.63,no,MEDIUM_RISK
21,regular,26749.34,1.47,23937.75,12654.66,24777.3,24,0,22482.94,yes,MEDIUM_RISK
30,regular,59988.05,5.8,43630.24,32062.87,72651.04,24,1,45733.83,yes,MEDIUM_RISK
39,regular,48108.52,6.28,56043.13,26583.2,44989.44,13,0,15420.56,no,MEDIUM_RISK
49,contractual,33923.05,10.23,8863.51,8380.1,39765.98,24,1,19053.47,no,MEDIUM_RISK
35,regular,28146.48,4.44,51623.07,13592.4,68269.42,12,3,17045.6,yes,MEDIUM_RISK
49,self_employed,58855.57,10.1,94995.41,21866.05,14336.79,24,2,35812.66,no,MEDIUM_RISK
26,contractual,23198.57,2.11,25220.07,6402.58,36082.41,12,0,27952.46,no,MEDIUM_RISK
32,self_employed,33451.14,1.16,66822.72,14376.52,38709.64,24,1,75706.19,no,MEDIUM_RISK
42,self_employed,23334.67,8.98,9462.26,5095.12,48105.4,11,3,15608.4,no,MEDIUM_RISK
59,regular,24242.28,5.08,8560.51,6037.15,247124.66,25,1,9843.17,no,MEDIUM_RISK
27,self_employed,26728.52,1.48,38406.85,195.54,164709.58,19,3,64626.13,no,MEDIUM_RISK
42,unemployed,2017.47,0.87,29131.55,1843.7,17576.41,11,0,26340.87,yes,MEDIUM_RISK
31,regular,20837.26,4.03,4511.21,10335.39,93067.76,24,4,16187.54,yes,MEDIUM_RISK
39,contractual,27716.43,4.81,8585.99,2862.71,223075.98,24,2,6223.61,no,MEDIUM_RISK
57,regular,37274.17,11.02,13519.81,12061.1,95698.53,23,3,14850.44,no,MEDIUM_RISK
66,regular,29806.97,19.0,35475.01,15751.89,51153.28,17,1,7762.05,yes,MEDIUM_RISK
46,regular,29375.25,6.12,39826.27,16747.51,68500.47,36,1,7536.46,no,MEDIUM_RISK
29,regular,65573.1,3.19,22793.59,11915.24,43936.72,12,4,18515.38,yes,MEDIUM_RISK
57,contractual,41226.73,9.36,35753.53,9380.69,41876.17,11,2,30221.17,no,MEDIUM_RISK
49,self_employed,15250.93,13.7,119360.77,6191.3,38078.23,12,1,0.0,no,MEDIUM_RISK
23,contractual,33174.92,0.0,3458.76,10609.09,44064.56,25,2,14166.63,no,MEDIUM_RISK
50,regular,22199.71,3.46,20440.7,5646.55,22533.79,37,3,40434.24,yes,MEDIUM_RISK
39,contractual,44764.54,0.92,31975.49,11110.73,279606.72,36,0,12570.58,no,MEDIUM_RISK
29,regular,14019.53,4.09,156001.17,1912.84,27223.88,6,2,13110.03,no,MEDIUM_RISK
24,contractual,36127.3,1.95,15887.84,14830.49,67717.87,25,0,23600.11,no,MEDIUM_RISK
33,contractual,58528.55,1.64,58518.75,11569.99,57705.54,18,0,6885.26,no,MEDIUM_RISK
27,regular,15088.73,2.32,14509.94,6423.64,50673.88,12,2,18299.0,no,MEDIUM_RISK
39,regular,28287.92,6.15,35349.17,16397.12,22766.47,13,1,5313.32,no,MEDIUM_RISK
23,regular,19626.89,0.58,83157.29,5931.56,33960.63,23,3,14552.15,yes,MEDIUM_RISK
60,regular,34497.86,11.34,90706.94,18874.9,57704.29,22,1,9387.59,no,MEDIUM_RISK
58,unemployed,3981.71,0.0,29651.39,0.0,92197.9,35,1,38456.67,no,MEDIUM_RISK
63,regular,28835.03,5.16,6857.05,13669.09,11814.03,12,1,62527.88,yes,MEDIUM_RISK
54,regular,6223.15,9.62,17754.26,2419.18,402293.82,18,0,18437.49,no,MEDIUM_RISK
25,regular,23298.34,1.8,12553.7,12096.01,118258.77,23,1,3552.13,no,MEDIUM_RISK
64,contractual,48807.77,7.4,63460.3,18500.65,85791.49,11,2,78969.69,yes,MEDIUM_RISK
42,contractual,41983.37,8.84,31190.86,12810.3,57764.63,18,1,11408.78,no,MEDIUM_RISK
63,self_employed,26555.98,6.31,11939.28,7449.14,401086.92,35,1,28984.38,no,MEDIUM_RISK
36,contractual,23882.37,1.45,45892.75,10828.31,104129.07,12,0,6762.9,no,MEDIUM_RISK
41,self_employed,41357.1,10.65,15832.79,16698.72,229247.0,36,3,5959.93,no,MEDIUM_RISK
60,regular,46897.71,7.41,18652.04,18986.7,398865.98,24,0,12718.96,yes,MEDIUM_RISK
21,contractual,20378.84,0.8,110508.69,5680.16,12580.5,11,0,4450.52,no,MEDIUM_RISK
52,self_employed,39469.19,11.48,33190.26,18453.05,19412.1,36,0,21813.76,yes,MEDIUM_RISK
26,contractual,21752.95,1.37,39938.77,9907.76,45620.91,12,0,5203.38,yes,MEDIUM_RISK
44,self_employed,15933.39,3.99,47034.0,4846.81,85803.32,6,3,7097.99,no,MEDIUM_RISK
28,regular,74055.08,2.56,43077.14,42270.38,226096.33,24,1,13130.18,no,MEDIUM_RISK
24,contractual,25573.43,1.76,27047.8,5219.02,28439.46,12,0,29022.37,no,MEDIUM_RISK
64,contractual,17174.54,10.48,9928.67,9393.51,93901.12,17,1,66648.29,yes,MEDIUM_RISK
52,regular,29520.15,5.34,41940.69,4809.94,149190.57,11,2,17317.03,no,MEDIUM_RISK
30,contractual,34650.12,3.51,55428.23,12123.17,84263.81,12,3,15234.85,yes,MEDIUM_RISK
53,regular,11694.3,10.89,72269.91,4935.4,103364.82,25,1,33101.72,yes,MEDIUM_RISK
60,regular,61774.43,8.51,74529.82,32794.66,31248.22,11,1,0.0,no,MEDIUM_RISK
25,regular,60657.22,3.14,60913.0,33657.3,79801.09,18,1,10293.38,no,MEDIUM_RISK
51,regular,28648.94,5.6,32945.6,14504.29,146117.51,6,2,26125.79,no,MEDIUM_RISK
60,contractual,57199.11,4.31,163040.36,22308.98,46633.79,24,2,4024.16,no,MEDIUM_RISK
36,regular,16199.61,6.01,7120.7,5759.9,116226.84,7,2,27302.67,no,MEDIUM_RISK
50,contractual,19072.31,6.51,9188.08,5720.81,115481.18,12,1,7407.86,no,MEDIUM_RISK
26,regular,12719.52,0.77,97117.18,1687.25,56197.38,24,2,17702.6,no,MEDIUM_RISK
30,regular,24381.55,1.56,45093.08,11162.24,70908.42,25,1,2841.72,no,MEDIUM_RISK
33,regular,48829.25,1.08,26212.98,20727.27,38984.33,7,1,36956.71,no,MEDIUM_RISK
59,unemployed,4191.29,0.2,37062.38,1495.2,87774.36,37,1,35035.8,no,MEDIUM_RISK
63,regular,22738.35,8.05,17474.07,10533.74,47612.15,12,3,5666.36,no,MEDIUM_RISK
32,self_employed,36808.75,1.1,3269.18,11119.51,14738.09,36,0,16295.06,no,MEDIUM_RISK
61,regular,23542.08,18.82,18342.1,12857.82,166788.63,18,3,17686.08,no,MEDIUM_RISK
55,regular,47988.02,10.06,30680.91,11894.8,31066.75,18,1,36679.25,no,MEDIUM_RISK
27,regular,61840.26,3.99,20329.56,26828.66,114374.64,6,2,11425.42,no,MEDIUM_RISK
51,regular,30362.22,7.16,26237.02,18933.08,62398.0,19,2,11143.46,no,MEDIUM_RISK
40,regular,24489.99,1.58,96132.28,7615.2,62554.57,24,1,5924.63,no,MEDIUM_RISK
27,regular,144154.45,2.35,29542.61,36307.34,30551.0,6,1,15447.18,yes,MEDIUM_RISK
28,regular,22586.62,2.58,14699.5,11145.4,109664.23,23,1,5785.89,no,MEDIUM_RISK
21,regular,26695.84,0.77,23376.35,13629.32,35094.06,24,0,19377.32,yes,MEDIUM_RISK
51,regular,34269.03,3.9,4369.69,18279.84,64760.25,35,0,46699.97,yes,MEDIUM_RISK
45,regular,19967.98,3.44,99588.26,10921.86,61096.58,24,0,10943.91,no,MEDIUM_RISK
25,regular,14832.66,2.9,44102.0,8542.45,24013.66,12,2,13124.7,yes,MEDIUM_RISK
26,regular,13043.64,0.96,89642.79,2299.04,62153.99,24,2,18962.73,no,MEDIUM_RISK
42,contractual,119330.2,10.42,40758.7,39875.07,67145.78,7,3,6357.17,no,MEDIUM_RISK
55,regular,33150.65,3.08,51505.4,13174.11,23719.77,24,1,31498.39,no,MEDIUM_RISK
63,self_employed,42040.41,8.18,67480.88,21197.72,19230.33,13,0,9654.81,yes,MEDIUM_RISK
51,self_employed,92847.97,1.22,10491.14,37273.72,45244.0,6,2,10868.84,yes,MEDIUM_RISK
19,contractual,131160.61,0.02,15012.74,14990.56,17551.08,25,2,7918.23,yes,MEDIUM_RISK
30,regular,19243.73,1.91,47753.9,11086.72,77187.2,25,1,7217.14,no,MEDIUM_RISK
24,self_employed,30948.42,0.73,49279.51,10760.35,52898.19,23,1,6063.07,yes,MEDIUM_RISK
43,regular,39622.51,6.89,0.0,16741.73,40523.38,23,2,47601.71,yes,MEDIUM_RISK
42,regular,21270.61,5.48,45480.17,11637.55,35698.45,6,0,16195.05,no,MEDIUM_RISK
48,regular,82706.79,15.46,29643.91,49110.19,73048.75,24,1,49331.21,yes,MEDIUM_RISK
31,regular,147278.27,5.3,101538.46,70059.53,13156.85,24,3,17195.5,yes,MEDIUM_RISK
44,contractual,54624.2,12.38,69107.45,29534.73,210206.34,24,1,45154.36,no,MEDIUM_RISK
25,regular,37898.29,2.11,57241.24,12839.03,20459.83,18,1,32627.64,no,MEDIUM_RISK
54,self_employed,107611.4,5.5,10026.36,59435.07,59898.16,13,1,33303.54,yes,MEDIUM_RISK
39,contractual,17086.82,6.29,76882.68,3857.35,79152.33,35,1,7501.88,no,MEDIUM_RISK
36,contractual,17136.57,3.63,43493.22,7743.43,50263.62,36,0,27713.28,yes,MEDIUM_RISK
47,contractual,20177.35,5.34,2784.7,2314.78,58831.0,36,2,20162.16,no,MEDIUM_RISK
44,self_employed,20822.58,3.66,27025.95,11820.11,35723.65,11,1,27173.91,no,MEDIUM_RISK
33,regular,11656.55,2.51,63341.88,1138.14,20901.46,6,1,5344.18,no,MEDIUM_RISK
53,regular,9408.19,9.66,15211.72,2331.87,389968.05,18,0,17259.14,no,MEDIUM_RISK
25,regular,29527.59,0.41,3097.48,8179.12,170490.28,18,1,33567.23,yes,MEDIUM_RISK
28,regular,11774.83,1.39,15119.35,6650.39,120061.38,24,1,36035.88,yes,MEDIUM_RISK
33,regular,55766.99,4.69,23387.9,28324.83,49176.87,24,2,9994.29,no,MEDIUM_RISK
58,regular,38298.59,11.52,9617.34,12876.46,108041.32,23,3,11702.62,no,MEDIUM_RISK
55,contractual,10160.95,17.01,49738.57,5995.75,115197.44,20,0,87724.5,no,MEDIUM_RISK
45,contractual,17030.84,4.9,30262.42,4071.49,23655.24,24,2,5525.3,yes,MEDIUM_RISK
49,regular,84574.79,15.35,24777.59,49255.66,61753.65,24,1,51679.01,yes,MEDIUM_RISK
44,regular,24147.36,4.41,27164.0,9798.04,256785.44,36,1,96151.53,no,MEDIUM_RISK
25,regular,44173.85,0.91,57393.03,18649.71,109893.51,18,0,17026.66,yes,MEDIUM_RISK
20,unemployed,9054.15,0.0,28541.55,4587.28,63562.1,7,1,131448.51,yes,MEDIUM_RISK
38,contractual,54384.75,6.17,28053.78,19752.69,129754.64,35,2,18202.76,yes,MEDIUM_RISK
59,regular,23457.35,9.59,17253.56,10069.32,30364.04,12,3,9951.18,no,MEDIUM_RISK
25,contractual,21864.54,0.34,22925.1,4379.8,71017.15,11,1,2024.6,no,MEDIUM_RISK
54,self_employed,28226.35,7.5,96707.66,8046.24,399598.5,12,1,10379.47,no,MEDIUM_RISK
26,unemployed,10247.84,0.27,20316.84,737.48,8004.18,6,3,34165.5,yes,MEDIUM_RISK
40,regular,48263.86,2.5,57018.52,26662.07,108537.67,6,1,21477.03,no,MEDIUM_RISK
47,contractual,38723.19,9.15,44785.42,13630.74,16455.18,12,1,3823.35,no,MEDIUM_RISK
63,regular,24768.93,5.55,21187.14,12890.92,102714.85,10,3,73962.08,no,MEDIUM_RISK
33,contractual,62283.92,1.45,17398.51,32165.23,53282.68,12,0,79901.77,no,MEDIUM_RISK
22,self_employed,21077.45,0.32,22825.83,5533.37,250544.78,36,0,37169.58,no,MEDIUM_RISK
64,contractual,17415.84,2.34,61385.21,4379.26,109167.12,23,1,43895.61,no,MEDIUM_RISK
29,regular,18959.59,4.15,0.0,8882.84,96547.12,25,4,16620.34,yes,MEDIUM_RISK
36,regular,14477.1,2.21,84320.41,1671.33,26531.12,18,1,21360.5,yes,MEDIUM_RISK
20,self_employed,88339.64,0.8,15224.34,33416.67,144502.98,12,0,10625.76,no,MEDIUM_RISK
64,self_employed,35919.65,20.63,35023.94,16115.11,34581.53,12,2,12060.77,yes,MEDIUM_RISK
32,regular,37556.43,3.7,41888.87,20342.41,40143.75,12,1,22364.12,no,MEDIUM_RISK
22,regular,43777.7,0.94,59143.15,19054.05,94450.01,19,0,18879.06,yes,MEDIUM_RISK
21,regular,38549.64,0.11,11548.57,11802.59,55623.82,26,1,67039.45,no,MEDIUM_RISK
58,contractual,28575.5,20.91,32931.15,7086.84,77926.72,13,3,26751.63,yes,MEDIUM_RISK
33,regular,24225.24,1.99,26579.8,10507.84,38200.25,25,2,23736.07,no,MEDIUM_RISK
24,contractual,26553.85,2.0,22938.18,10116.92,22768.12,19,1,24689.16,yes,MEDIUM_RISK
37,regular,27467.53,4.99,9756.47,2269.31,32737.86,18,0,8803.48,yes,MEDIUM_RISK
53,contractual,26273.4,7.89,18348.54,10531.03,78460.65,13,1,13140.8,no,MEDIUM_RISK
61,self_employed,43695.41,22.9,109993.67,15998.73,14743.45,13,3,27028.97,no,MEDIUM_RISK
57,regular,57636.68,9.07,61416.18,20832.23,69475.08,24,2,8594.62,no,MEDIUM_RISK
61,self_employed,16571.71,14.57,6155.66,3870.51,37894.94,12,2,10114.52,no,MEDIUM_RISK
62,self_employed,14950.46,5.43,45321.97,9383.88,137629.5,23,1,22399.21,no,MEDIUM_RISK
49,regular,17204.37,10.42,19086.23,11571.81,9706.95,18,1,22643.0,no,MEDIUM_RISK
23,regular,28602.68,0.76,0.0,7953.91,176058.89,17,1,35750.39,yes,MEDIUM_RISK
24,self_employed,48134.3,2.82,46173.12,16302.32,70544.39,23,1,43309.59,no,MEDIUM_RISK
24,regular,58498.93,0.06,54983.16,31088.16,60039.77,12,0,53922.37,yes,MEDIUM_RISK
22,regular,9164.46,0.21,8264.05,6013.94,24021.9,23,2,26829.28,no,MEDIUM_RISK
62,contractual,65099.15,7.03,100224.48,16665.29,192174.77,6,1,16501.44,no,MEDIUM_RISK
24,contractual,17483.61,2.19,50237.58,2338.15,104861.96,12,1,11874.03,yes,MEDIUM_RISK
61,regular,31552.63,6.16,40055.46,13251.83,412886.06,18,1,7759.02,no,MEDIUM_RISK
25,contractual,42045.18,1.42,53328.42,12360.01,172037.08,35,1,4326.64,no,MEDIUM_RISK
32,regular,26874.5,2.58,26496.78,9999.02,42265.04,25,2,24144.73,no,MEDIUM_RISK
57,regular,34942.11,15.36,33146.47,16995.44,258424.61,12,0,77406.42,no,MEDIUM_RISK
48,self_employed,35722.48,2.9,45074.86,4655.4,13782.19,12,2,55700.53,no,MEDIUM_RISK
30,self_employed,38131.88,0.0,37156.61,12179.45,55379.0,6,1,14238.29,no,MEDIUM_RISK
62,regular,43364.32,4.98,34747.13,15185.25,63125.82,24,1,78723.07,no,MEDIUM_RISK
47,contractual,41892.17,14.67,42470.85,14556.8,22421.95,25,1,8956.82,no,MEDIUM_RISK
35,self_employed,11521.43,6.94,32591.35,5550.34,34865.21,13,2,10195.87,no,MEDIUM_RISK
52,regular,23425.18,4.47,10633.71,8610.16,32139.35,11,1,4968.41,no,MEDIUM_RISK
36,contractual,61482.07,4.72,23315.76,11774.57,103672.89,18,1,76453.34,yes,MEDIUM_RISK
49,regular,34430.5,3.78,4003.42,17394.62,73255.75,35,0,45974.84,yes,MEDIUM_RISK
63,regular,16223.74,15.16,6506.44,10443.09,55600.62,36,5,6015.13,yes,MEDIUM_RISK
24,regular,20792.4,0.27,89386.53,9331.41,19893.1,23,1,24521.23,yes,MEDIUM_RISK
63,self_employed,37383.56,20.97,34887.24,16694.63,21687.52,12,2,12522.11,yes,MEDIUM_RISK
40,regular,38656.5,5.22,28971.9,22172.35,18692.31,12,0,1951.32,no,MEDIUM_RISK
63,contractual,49593.03,14.97,54698.46,29059.35,81067.13,35,0,18040.48,no,MEDIUM_RISK
25,contractual,27278.89,1.38,14319.23,2456.91,48755.39,24,2,68943.63,no,MEDIUM_RISK
45,regular,14564.79,12.93,128827.69,6414.7,137561.13,12,0,8351.66,yes,MEDIUM_RISK
28,regular,20279.65,3.2,14432.81,4422.71,112109.76,13,3,43755.75,no,MEDIUM_RISK
21,regular,21358.93,0.0,17851.26,11494.1,65262.66,18,3,10235.06,no,MEDIUM_RISK
57,regular,69011.38,2.04,96480.58,21445.23,57079.9,24,2,48051.46,yes,MEDIUM_RISK
27,regular,23815.99,1.58,11172.45,10435.17,119362.06,23,1,1902.67,no,MEDIUM_RISK
58,self_employed,20903.74,3.42,24026.19,134.8,75287.93,11,2,4061.86,no,MEDIUM_RISK
44,regular,33940.03,8.17,0.0,16620.33,46226.53,24,2,49749.77,yes,MEDIUM_RISK
41,regular,26181.62,2.0,101319.4,7956.21,53988.77,24,1,8754.73,no,MEDIUM_RISK
64,regular,26262.93,20.94,96527.71,13381.56,93395.34,12,0,0.0,no,MEDIUM_RISK
25,regular,67419.64,1.25,14999.96,36775.76,67878.38,25,1,26467.88,no,MEDIUM_RISK
28,contractual,30698.62,4.85,75345.7,7056.01,115585.06,13,4,6268.82,yes,MEDIUM_RISK
49,self_employed,16338.78,12.76,119937.51,5738.57,54124.99,11,1,309.15,no,MEDIUM_RISK
47,regular,25974.45,10.8,102571.18,6116.51,47675.85,24,0,35000.42,yes,MEDIUM_RISK
26,regular,17469.44,1.75,47188.89,4930.28,96588.53,24,0,26148.17,no,MEDIUM_RISK
50,self_employed,36192.16,7.64,131761.94,11221.33,174075.89,12,1,9476.75,no,MEDIUM_RISK
57,contractual,27376.35,17.22,38473.83,6684.99,225326.47,18,2,21192.5,no,MEDIUM_RISK
61,regular,32027.35,6.86,59287.25,17092.23,53964.54,23,0,31988.82,yes,MEDIUM_RISK
22,regular,32250.23,1.51,39864.58,4441.97,73779.32,25,4,17324.39,yes,MEDIUM_RISK
26,regular,27846.48,3.84,59436.17,14942.46,18637.47,6,1,12234.79,no,MEDIUM_RISK
39,self_employed,16623.0,5.24,48694.26,5919.57,42482.46,23,1,30241.05,yes,MEDIUM_RISK
24,regular,30862.61,1.04,23532.13,5642.85,271542.75,18,2,19042.22,no,MEDIUM_RISK
35,regular,28908.86,5.56,46449.69,9972.69,168826.85,17,2,13080.46,no,MEDIUM_RISK
39,contractual,23634.17,5.21,23331.07,9560.05,34345.91,18,1,8372.58,no,MEDIUM_RISK
45,self_employed,38117.52,3.27,79927.79,11218.53,30058.94,24,0,6253.12,no,MEDIUM_RISK
24,regular,23071.57,0.66,67646.53,13307.85,59298.68,23,0,7409.73,no,MEDIUM_RISK
54,regular,35766.84,6.8,28932.18,20271.43,67637.4,19,2,15250.4,no,MEDIUM_RISK
62,regular,19697.94,21.63,98347.85,9554.11,120750.53,13,1,49282.53,yes,MEDIUM_RISK
58,regular,20236.88,2.49,54145.84,8276.13,6525.53,12,0,9999.01,yes,MEDIUM_RISK
59,regular,107066.98,3.21,21748.24,53052.21,404741.2,24,1,22434.12,no,MEDIUM_RISK
31,unemployed,5801.53,0.23,4986.31,1108.73,16836.18,12,2,34438.36,no,MEDIUM_RISK
44,regular,22796.95,6.28,89059.52,10547.05,106281.03,24,1,40294.56,yes,MEDIUM_RISK
42,regular,32153.61,11.85,119914.96,17402.56,111323.72,17,1,22888.11,no,MEDIUM_RISK
46,regular,11025.06,1.55,17834.41,1427.64,122717.26,12,1,31631.31,yes,MEDIUM_RISK
30,regular,13192.51,3.54,14951.55,133.46,107545.16,24,0,21502.96,no,MEDIUM_RISK
65,regular,25089.62,24.12,72209.84,13755.68,399614.04,24,1,68657.48,no,MEDIUM_RISK
45,regular,31305.53,5.58,117006.47,19968.77,91521.22,6,1,17160.57,yes,MEDIUM_RISK
43,self_employed,23028.19,10.88,26284.53,11039.2,45423.95,12,1,26944.89,no,MEDIUM_RISK
25,regular,53263.26,2.18,184024.27,16501.78,43039.84,23,1,18389.12,no,MEDIUM_RISK
58,regular,23387.27,5.13,2973.53,8468.79,245454.04,24,1,9590.58,no,MEDIUM_RISK
36,regular,20812.89,1.95,21017.2,9252.17,14305.41,36,1,67316.7,no,MEDIUM_RISK
25,regular,42534.15,0.52,26323.17,25174.6,54383.11,14,1,1007.08,yes,MEDIUM_RISK
52,regular,35135.45,5.91,32538.3,19126.21,69064.25,18,2,12053.64,no,MEDIUM_RISK
52,self_employed,28771.66,3.35,65984.33,13283.57,67431.31,12,3,22557.31,no,MEDIUM_RISK
44,regular,17118.89,1.9,12690.1,7416.16,80736.23,20,1,10915.63,yes,MEDIUM_RISK
36,regular,84800.78,1.51,118689.9,33730.13,33496.57,36,1,53581.63,no,MEDIUM_RISK
52,contractual,15411.2,7.95,14873.53,6487.21,124172.27,12,1,4813.28,no,MEDIUM_RISK
39,contractual,29473.99,3.14,71221.52,2261.07,34142.3,23,1,13876.35,no,MEDIUM_RISK
52,regular,27830.14,15.16,20203.37,17086.18,31941.96,13,1,30943.78,no,MEDIUM_RISK
48,self_employed,38674.69,3.37,80285.65,11616.68,18153.97,23,0,7129.48,no,MEDIUM_RISK
40,contractual,42448.42,1.69,29341.08,11075.39,285248.5,36,0,13385.58,no,MEDIUM_RISK
53,regular,30238.22,2.23,52575.63,10594.16,77806.39,24,1,0.0,no,MEDIUM_RISK
49,self_employed,20708.5,8.46,98274.11,4872.88,183793.35,12,2,58624.62,yes,MEDIUM_RISK
65,contractual,54888.02,10.89,26084.08,24711.25,55705.57,23,0,17569.49,no,MEDIUM_RISK
38,contractual,28230.06,3.47,71760.0,1412.96,27959.72,25,1,12235.94,no,MEDIUM_RISK
41,contractual,24295.06,4.5,43274.76,7991.48,265165.92,6,0,10874.31,no,MEDIUM_RISK
36,contractual,56343.94,6.96,32178.96,19639.8,148433.11,35,2,13789.03,yes,MEDIUM_RISK
26,self_employed,141177.46,3.11,10230.15,4338.08,27549.1,37,1,18274.44,yes,MEDIUM_RISK
59,self_employed,26012.53,20.61,55968.7,11880.3,17125.85,24,2,7800.1,yes,MEDIUM_RISK
49,regular,11481.48,14.85,33458.96,7381.98,149732.25,6,2,29547.2,yes,MEDIUM_RISK
25,contractual,49071.63,3.75,26647.51,28150.27,92927.5,13,1,16654.22,no,MEDIUM_RISK
56,regular,32016.39,2.54,51216.52,13117.41,28594.03,24,1,32713.47,no,MEDIUM_RISK
36,regular,29534.75,7.13,38494.05,15518.77,28426.38,10,1,4182.61,no,MEDIUM_RISK
56,self_employed,27289.96,7.18,43724.49,925.74,28753.09,12,2,4565.64,yes,MEDIUM_RISK
44,regular,22068.74,6.68,93862.4,9658.68,103853.19,24,1,44398.19,yes,MEDIUM_RISK
33,regular,9701.66,2.47,61897.11,498.78,12289.48,6,1,8976.37,no,MEDIUM_RISK
53,self_employed,34922.9,12.17,85076.12,20216.86,102139.48,24,1,53825.88,no,MEDIUM_RISK
47,self_employed,36275.44,3.47,84650.11,10736.73,21760.23,23,0,4682.39,no,MEDIUM_RISK
52,regular,52605.94,9.05,24432.18,20617.93,1000.0,12,2,28734.93,no,MEDIUM_RISK
41,regular,22242.99,6.73,35419.24,10988.26,146981.46,11,0,19746.77,no,MEDIUM_RISK
60,regular,34191.54,17.41,27399.21,14918.33,183433.18,24,2,47352.14,no,MEDIUM_RISK
22,regular,12970.55,1.35,15001.93,0.0,53730.59,24,4,15736.69,no,MEDIUM_RISK
30,self_employed,46074.65,2.28,20769.02,17281.74,101930.13,25,3,20210.21,no,MEDIUM_RISK
56,contractual,107482.56,9.36,18529.22,11864.47,73631.44,23,2,64872.06,no,MEDIUM_RISK
46,regular,30171.43,5.77,110531.72,18762.03,90927.08,7,1,19064.36,yes,MEDIUM_RISK
43,regular,48870.06,3.08,58175.0,25063.16,106796.62,7,1,22186.94,no,MEDIUM_RISK
54,regular,35680.99,7.01,27419.54,18439.39,62384.74,18,2,10408.25,no,MEDIUM_RISK
57,contractual,8582.76,15.68,49183.77,6693.53,111993.82,17,0,87441.44,no,MEDIUM_RISK
49,contractual,55491.05,7.25,33075.87,5661.81,32569.31,23,2,3310.92,no,MEDIUM_RISK
61,regular,21239.16,8.51,22482.96,9097.42,42186.15,12,3,7446.09,no,MEDIUM_RISK
36,regular,13349.7,1.52,87334.03,2902.15,17688.16,17,1,24773.93,yes,MEDIUM_RISK
57,regular,46078.0,11.29,31461.68,11219.11,18915.69,19,1,39496.45,no,MEDIUM_RISK
43,contractual,47007.76,2.86,40400.27,7044.59,4359.29,24,1,28691.35,no,MEDIUM_RISK
43,self_employed,15705.88,4.93,50209.82,3766.3,91566.88,6,3,4180.17,no,MEDIUM_RISK
46,self_employed,15051.84,2.87,31106.36,9083.95,51832.52,18,1,1104.3,yes,MEDIUM_RISK
33,regular,58713.63,5.27,48138.44,32297.4,76953.27,24,1,45392.51,yes,MEDIUM_RISK
28,regular,17842.78,3.51,156079.83,2109.08,28901.17,6,2,16312.18,no,MEDIUM_RISK
52,contractual,8982.61,15.2,41542.52,2449.83,166706.16,13,1,18144.56,yes,MEDIUM_RISK
42,regular,49608.34,6.04,58514.66,25533.61,50253.91,12,0,17418.1,no,MEDIUM_RISK
22,contractual,36947.41,0.0,3441.11,10471.04,41176.76,24,2,10741.16,no,MEDIUM_RISK
53,regular,35118.72,10.84,65393.29,16867.84,62686.1,12,0,1590.13,no,MEDIUM_RISK
50,regular,47383.92,15.41,89090.12,14756.47,85560.21,23,1,18863.21,no,MEDIUM_RISK
60,self_employed,42157.18,23.7,109765.83,14720.35,15266.52,12,3,27624.85,no,MEDIUM_RISK
32,unemployed,3423.52,0.87,29050.67,1655.89,39847.09,18,1,25915.8,yes,MEDIUM_RISK
30,regular,35520.18,3.85,45835.75,19757.15,44883.81,13,1,22542.66,no,MEDIUM_RISK
50,regular,33474.77,4.93,37344.46,5695.72,166231.79,12,2,20056.31,no,MEDIUM_RISK
50,contractual,35690.02,9.34,39869.09,13478.35,24228.63,12,1,883.62,no,MEDIUM_RISK
22,regular,32253.93,1.07,43233.9,4250.88,74042.53,25,4,18560.43,yes,MEDIUM_RISK
37,regular,30498.5,6.07,25642.32,13867.09,23972.41,12,1,9395.03,yes,MEDIUM_RISK
47,self_employed,68617.16,12.83,71095.94,39516.23,103669.74,18,0,14495.24,no,MEDIUM_RISK
25,regular,14220.22,1.13,85958.26,8444.84,15701.84,24,1,25309.48,yes,MEDIUM_RISK
25,self_employed,26098.78,2.17,30404.92,4968.74,105880.53,36,2,1999.19,no,MEDIUM_RISK
41,contractual,27807.6,4.44,74416.75,3375.82,158666.89,24,0,5033.55,no,MEDIUM_RISK
42,contractual,28073.55,5.24,72133.29,4291.43,154787.38,25,0,4831.81,no,MEDIUM_RISK
44,self_employed,25836.76,4.98,68226.82,13477.33,218456.37,7,0,15642.19,yes,MEDIUM_RISK
56,regular,48119.91,11.44,24826.06,13313.53,16149.76,19,1,40213.16,no,MEDIUM_RISK
61,regular,34784.35,12.19,111914.35,17549.02,80524.65,19,2,22422.56,yes,MEDIUM_RISK
49,regular,45799.11,15.48,94720.29,14438.83,84725.97,23,1,17321.95,no,MEDIUM_RISK
31,regular,151054.77,4.69,97588.61,69287.64,18005.61,23,3,19633.66,yes,MEDIUM_RISK
56,regular,59084.59,2.55,23064.91,21467.12,76533.61,12,2,34044.78,no,MEDIUM_RISK
20,self_employed,45401.95,0.0,11601.88,20281.94,386553.3,24,1,1970.76,yes,MEDIUM_RISK
24,regular,31113.83,0.67,28748.67,5272.85,264432.36,18,2,22094.24,no,MEDIUM_RISK
39,contractual,15958.09,6.81,74006.6,3347.44,77819.4,35,1,8512.6,no,MEDIUM_RISK
35,regular,27482.15,8.09,17006.46,11175.16,52603.8,25,3,19562.28,no,MEDIUM_RISK
41,regular,10142.43,4.82,83575.25,192.11,38811.34,26,1,11529.32,no,MEDIUM_RISK
59,self_employed,21246.68,21.22,57353.45,12150.56,10398.61,25,2,9807.42,yes,MEDIUM_RISK
52,regular,31212.26,11.19,60598.94,14839.65,58150.31,13,0,3408.35,no,MEDIUM_RISK
56,regular,23232.25,1.86,53527.7,7902.03,27093.04,12,0,6580.91,yes,MEDIUM_RISK
51,self_employed,38414.7,4.63,83011.26,11886.34,42180.45,35,0,19358.49,no,MEDIUM_RISK
46,self_employed,25283.68,10.73,8152.47,8911.33,103645.55,12,2,53854.61,yes,MEDIUM_RISK
39,regular,17964.28,1.64,27069.52,9391.86,9966.89,25,1,16555.75,no,MEDIUM_RISK
28,contractual,29578.86,2.4,69624.03,1693.91,149894.44,24,1,33441.27,no,MEDIUM_RISK
48,contractual,66163.81,10.47,25917.73,35040.06,77437.4,24,1,14203.11,no,MEDIUM_RISK
46,regular,56497.12,12.37,71634.22,23652.6,55723.37,13,2,39755.56,no,MEDIUM_RISK
33,self_employed,113317.32,6.38,16808.77,64765.88,117695.39,25,1,34089.3,no,MEDIUM_RISK
58,regular,43855.56,9.82,6588.21,24455.81,73555.14,23,2,4152.53,no,MEDIUM_RISK
47,contractual,24192.19,11.44,18695.0,10957.73,60479.59,18,0,10326.25,yes,MEDIUM_RISK
42,self_employed,40447.99,5.28,38420.33,8958.05,82494.48,36,2,8569.52,no,MEDIUM_RISK
43,self_employed,47108.68,1.36,72689.01,18212.91,150594.72,12,2,47373.64,no,MEDIUM_RISK
22,unemployed,6835.5,0.83,10772.78,1136.21,59241.12,25,1,2512.98,no,MEDIUM_RISK
50,self_employed,18127.82,12.56,116906.15,7322.78,37584.53,11,1,0.0,no,MEDIUM_RISK
24,unemployed,5900.67,0.13,28624.54,2519.19,65849.35,7,1,133671.63,yes,MEDIUM_RISK
58,regular,60467.84,9.26,76535.12,34083.88,31942.21,12,1,3918.02,no,MEDIUM_RISK
25,self_employed,24081.2,1.26,133051.08,2379.53,72024.62,38,0,25398.14,no,MEDIUM_RISK
34,contractual,27665.97,3.08,41519.13,12411.22,27315.21,6,2,12623.38,no,MEDIUM_RISK
23,unemployed,7326.15,0.0,26556.0,3242.97,59956.79,6,1,133798.96,yes,MEDIUM_RISK
36,contractual,28594.52,5.37,14073.13,3289.11,216606.62,24,2,3658.34,no,MEDIUM_RISK
44,contractual,29503.85,4.72,10831.2,17710.14,68109.91,12,0,10950.58,no,MEDIUM_RISK
26,regular,33234.49,0.93,28732.94,13531.1,170059.82,23,0,3211.87,yes,MEDIUM_RISK
64,regular,28607.1,4.87,4844.8,14218.9,98271.83,36,2,54870.32,yes,MEDIUM_RISK
26,regular,22854.38,1.63,7586.72,11952.31,121852.14,24,1,4215.59,no,MEDIUM_RISK
65,contractual,37903.87,5.33,97763.36,9132.59,58998.99,35,2,11494.27,yes,MEDIUM_RISK
45,regular,21462.92,3.39,47673.13,11373.94,64354.96,24,1,35258.68,no,MEDIUM_RISK
32,regular,41080.71,6.19,59838.45,25305.02,62069.35,23,1,18352.55,no,MEDIUM_RISK
31,regular,39040.04,5.26,3193.72,14689.83,385395.88,18,0,16641.75,no,MEDIUM_RISK
55,contractual,131087.34,5.89,13603.77,55620.38,56202.91,24,3,20554.0,yes,MEDIUM_RISK
66,regular,24744.66,24.23,73093.72,13928.61,395037.71,24,1,67684.99,no,MEDIUM_RISK
65,regular,33678.42,13.93,11969.18,17674.49,49940.26,12,0,8113.81,no,MEDIUM_RISK
25,self_employed,98821.07,0.71,21424.9,21093.85,101131.78,12,1,34015.27,no,MEDIUM_RISK
56,contractual,9148.68,15.81,52673.25,5389.31,120378.51,17,0,88473.19,no,MEDIUM_RISK
51,regular,33504.02,4.86,39187.75,6780.8,159224.19,12,2,20951.04,no,MEDIUM_RISK
31,regular,29873.18,1.76,53501.36,12186.48,80625.31,12,4,10796.91,no,MEDIUM_RISK
29,self_employed,9628.79,3.69,44684.14,4029.38,29893.74,11,2,58013.72,no,MEDIUM_RISK
31,contractual,37622.03,3.06,52528.98,12079.1,65288.94,24,0,25414.69,no,MEDIUM_RISK
45,contractual,43289.82,8.39,32631.95,12986.81,59577.78,18,1,10850.43,no,MEDIUM_RISK
40,contractual,56276.32,0.8,32597.07,1559.93,98828.27,36,2,14834.42,no,MEDIUM_RISK
40,regular,20908.45,3.88,23804.06,10653.25,96697.31,14,1,7200.87,no,MEDIUM_RISK
47,contractual,42507.38,15.19,38291.73,13493.37,35814.63,24,1,11211.72,no,MEDIUM_RISK
44,regular,39522.99,1.39,60608.86,11545.06,21675.82,24,2,17234.4,no,MEDIUM_RISK
22,self_employed,56853.39,0.0,6657.57,3235.03,48434.51,6,2,80539.69,no,MEDIUM_RISK
45,regular,38630.35,7.94,52955.57,23315.51,56295.72,11,1,11941.45,no,MEDIUM_RISK
29,contractual,21605.86,1.42,32854.91,8641.0,37344.78,12,1,40872.13,yes,MEDIUM_RISK
39,regular,23127.93,4.27,23125.88,12276.15,85495.23,12,1,3270.23,no,MEDIUM_RISK
65,regular,41589.8,5.09,45802.31,17559.92,22744.32,36,3,33692.93,no,MEDIUM_RISK
28,regular,18862.26,2.81,20425.2,4374.58,40886.82,12,2,21907.56,no,MEDIUM_RISK
52,self_employed,74936.66,4.44,60232.65,27735.23,30005.23,11,3,4207.85,no,MEDIUM_RISK
66,regular,38690.37,13.91,10519.04,18404.92,60525.5,11,0,14797.01,no,MEDIUM_RISK
65,regular,11633.89,19.77,8156.5,5405.68,34795.86,12,3,591.27,yes,MEDIUM_RISK
58,contractual,44338.63,9.21,30210.27,9229.68,32010.51,13,2,27618.25,no,MEDIUM_RISK
32,self_employed,113346.15,5.83,17380.61,64753.4,119939.33,24,1,37552.93,no,MEDIUM_RISK
62,regular,22263.83,18.6,6529.98,8470.79,153116.2,13,2,27406.87,yes,MEDIUM_RISK
57,self_employed,17976.34,4.2,54572.15,6096.3,59140.27,25,1,32487.4,no,MEDIUM_RISK
38,unemployed,5277.76,0.5,2222.28,2751.04,25397.53,24,1,20971.82,no,MEDIUM_RISK
50,regular,34381.42,3.22,7702.62,17488.91,57257.63,37,0,47428.73,yes,MEDIUM_RISK
24,contractual,20448.54,1.41,65338.19,10530.11,55929.56,24,0,29350.27,yes,MEDIUM_RISK
29,unemployed,9630.54,0.0,99369.88,314.47,34379.13,12,0,35163.26,yes,MEDIUM_RISK
53,regular,34693.93,8.82,25886.44,17365.89,56404.52,24,0,4920.6,no,MEDIUM_RISK
40,contractual,35333.06,4.93,31196.0,16329.2,47088.79,37,0,4032.59,no,MEDIUM_RISK
22,regular,27469.39,1.65,9771.05,5037.23,69353.86,36,1,5591.54,no,MEDIUM_RISK
39,regular,13509.73,8.17,79515.86,7339.79,158150.63,36,0,20663.35,yes,MEDIUM_RISK
55,regular,14290.88,18.8,37040.29,7930.88,88620.42,24,1,3409.72,no,MEDIUM_RISK
20,regular,18353.96,0.79,87429.15,7104.74,50816.48,23,3,13250.99,yes,MEDIUM_RISK
36,self_employed,12292.62,1.99,27575.27,5235.72,28982.16,24,0,20526.6,no,MEDIUM_RISK
41,unemployed,1842.27,0.26,34114.97,2205.22,31938.49,12,0,23926.11,yes,MEDIUM_RISK
53,self_employed,50237.66,10.51,124084.64,19172.32,67142.94,12,1,25494.94,no,MEDIUM_RISK
41,contractual,52094.15,10.49,92890.52,24750.33,87390.75,24,0,16587.38,yes,MEDIUM_RISK
63,regular,20304.94,7.78,22506.76,10029.92,38440.46,11,3,4348.69,no,MEDIUM_RISK
38,self_employed,18049.54,2.81,44726.02,6662.07,56876.69,24,1,4894.68,yes,MEDIUM_RISK
44,regular,24813.52,10.08,1435.46,6146.1,292417.06,12,1,9743.25,no,MEDIUM_RISK
35,regular,35383.25,1.52,52252.08,14416.1,42992.87,26,1,5283.03,yes,MEDIUM_RISK
44,regular,17391.96,2.08,12738.38,7770.69,82276.27,18,1,15128.69,yes,MEDIUM_RISK
61,regular,29079.24,7.21,63761.73,16899.43,57084.71,24,0,35711.89,yes,MEDIUM_RISK
20,self_employed,90875.84,0.13,18879.71,33269.77,144498.74,11,0,12038.35,no,MEDIUM_RISK
23,regular,25994.54,0.81,12163.98,5479.69,58571.95,37,1,0.0,no,MEDIUM_RISK
28,self_employed,12021.27,3.24,42647.56,5436.57,26092.35,12,2,56965.8,no,MEDIUM_RISK
57,self_employed,16869.37,3.93,26008.03,2111.02,75282.5,11,2,3522.74,no,MEDIUM_RISK
54,contractual,125837.86,6.98,13988.34,55470.5,61258.29,24,3,17535.95,yes,MEDIUM_RISK
60,unemployed,3362.39,0.0,35782.47,1839.03,85774.71,36,1,37061.65,no,MEDIUM_RISK
44,regular,16397.93,2.24,15373.25,6971.49,93866.61,18,1,15219.44,yes,MEDIUM_RISK
53,self_employed,39041.28,10.73,34064.51,16238.31,17818.91,36,0,22748.71,yes,MEDIUM_RISK
26,regular,146529.1,2.74,19864.27,36083.17,37801.61,6,1,16465.96,yes,MEDIUM_RISK
57,regular,45657.49,17.4,80185.02,26158.86,26015.67,24,0,32449.4,no,MEDIUM_RISK
32,self_employed,31110.2,2.31,22071.18,11803.9,64021.84,24,0,22818.45,no,MEDIUM_RISK
30,unemployed,4297.05,0.0,8698.53,108.97,21879.87,12,2,37070.62,no,MEDIUM_RISK
25,self_employed,142120.94,2.87,12808.65,4077.82,22033.47,37,1,18322.98,yes,MEDIUM_RISK
57,regular,45770.39,10.14,6357.88,24723.05,86429.46,24,2,1455.48,no,MEDIUM_RISK
37,regular,24340.37,6.31,34138.2,14170.51,70768.85,17,0,23325.98,no,MEDIUM_RISK
56,regular,57865.89,2.5,24679.55,19468.74,78963.59,12,2,33861.31,no,MEDIUM_RISK
43,self_employed,12824.67,2.43,71035.5,4766.41,50441.31,25,1,4120.17,yes,MEDIUM_RISK
59,regular,33775.0,17.21,30356.88,13568.52,186993.04,23,2,46846.59,no,MEDIUM_RISK
28,regular,42686.02,3.28,16809.4,21192.96,25802.48,17,1,6754.64,no,MEDIUM_RISK
63,self_employed,16498.14,6.1,41016.9,10114.29,118841.83,25,1,22033.61,no,MEDIUM_RISK
50,regular,20019.23,10.7,20116.79,10107.62,13093.93,19,1,25111.62,no,MEDIUM_RISK
39,regular,16537.11,1.31,28336.65,7855.78,17928.85,23,1,17689.89,no,MEDIUM_RISK
47,contractual,29323.68,5.79,71937.3,6961.75,33319.66,24,1,32767.98,no,MEDIUM_RISK
32,regular,22449.46,4.46,2963.75,8334.57,91560.06,24,4,18855.48,yes,MEDIUM_RISK
59,regular,19244.66,4.97,45553.36,8512.75,94329.23,18,1,29145.35,yes,MEDIUM_RISK
62,regular,29685.22,4.81,11277.66,14611.22,90017.7,36,2,55930.63,yes,MEDIUM_RISK
26,regular,36275.74,2.83,57559.41,13718.31,64639.25,17,3,53915.42,yes,MEDIUM_RISK
35,regular,88041.97,2.46,115105.35,32969.21,32729.46,35,1,53354.22,no,MEDIUM_RISK
45,regular,12323.32,12.76,130927.32,8696.06,142038.99,12,0,7951.31,yes,MEDIUM_RISK
45,contractual,32060.32,4.09,14989.95,17812.5,58142.14,12,0,8220.28,no,MEDIUM_RISK
23,unemployed,9377.55,0.25,28317.0,2837.7,62284.0,6,1,132213.24,yes,MEDIUM_RISK
31,self_employed,45031.35,0.7,18284.47,18756.93,98417.31,25,3,17405.69,no,MEDIUM_RISK
46,contractual,29993.83,4.95,8428.3,18048.68,80456.31,12,0,8547.52,no,MEDIUM_RISK
55,regular,32541.32,13.37,32371.47,19734.54,56213.12,24,2,7164.17,yes,MEDIUM_RISK
62,regular,16437.13,15.39,1061.95,9208.34,47974.36,36,5,9483.74,yes,MEDIUM_RISK
25,regular,11509.4,1.54,40973.69,5931.12,54537.07,12,2,80301.77,no,MEDIUM_RISK
27,self_employed,19461.89,1.43,140074.97,1979.41,76344.12,37,0,27908.34,no,MEDIUM_RISK
54,self_employed,38133.87,11.54,81177.81,20692.86,89211.85,23,1,51075.18,no,MEDIUM_RISK
23,regular,109390.95,2.34,45864.44,56825.77,31935.62,23,1,48409.18,yes,MEDIUM_RISK
31,unemployed,2977.43,0.0,7672.92,771.07,22601.95,12,2,37324.8,no,MEDIUM_RISK
37,unemployed,11439.72,0.21,6572.96,1796.42,27153.93,24,1,19519.45,no,MEDIUM_RISK
44,self_employed,12229.35,3.35,80185.52,4978.14,67603.37,23,1,5637.6,yes,MEDIUM_RISK
33,contractual,8631.02,3.84,64700.78,0.0,75627.09,11,0,16976.74,yes,MEDIUM_RISK
27,self_employed,28698.1,4.36,59872.38,15432.94,70993.8,12,1,30360.88,yes,MEDIUM_RISK
53,regular,18775.29,10.3,77980.2,6552.48,202228.58,23,2,34390.35,yes,MEDIUM_RISK
52,regular,65963.87,6.67,29401.98,29347.99,48459.97,11,1,19649.35,yes,MEDIUM_RISK
62,regular,29677.95,6.69,59514.28,17435.15,46112.33,25,0,34731.44,yes,MEDIUM_RISK
58,self_employed,39671.97,4.5,73562.44,19014.04,43195.17,24,1,49306.02,yes,MEDIUM_RISK
48,self_employed,19689.63,12.83,13707.92,3285.77,49962.34,25,3,12085.64,no,MEDIUM_RISK
28,self_employed,21994.14,1.42,48383.98,12386.63,98340.13,36,1,19246.41,yes,MEDIUM_RISK
55,regular,25399.85,1.84,18258.17,11836.44,90418.29,36,1,10868.24,no,MEDIUM_RISK
54,regular,10523.07,9.32,13834.4,1812.92,405220.46,18,0,16759.18,no,MEDIUM_RISK
63,contractual,21904.45,17.67,24720.65,7887.67,21118.66,22,1,23335.57,no,MEDIUM_RISK
52,regular,31360.1,5.08,40952.75,6734.52,149330.59,11,2,17601.35,no,MEDIUM_RISK
43,self_employed,41866.93,0.88,70357.62,17438.64,155579.15,12,2,47776.4,no,MEDIUM_RISK
32,regular,82583.26,2.29,50558.98,37819.39,25017.02,12,1,52098.29,no,MEDIUM_RISK
44,self_employed,44884.87,5.27,36311.02,7455.16,93687.38,35,2,8847.02,no,MEDIUM_RISK
37,contractual,30913.76,4.61,15119.33,1425.83,216501.46,24,2,5780.5,no,MEDIUM_RISK
42,contractual,44582.75,3.01,35428.74,7937.33,11022.05,23,1,29134.85,no,MEDIUM_RISK
50,contractual,16876.12,8.65,42914.08,8999.59,13330.57,12,1,2891.17,no,MEDIUM_RISK
21,contractual,130401.27,0.64,9410.71,14507.43,22636.19,24,2,12093.85,yes,MEDIUM_RISK
33,contractual,18766.51,3.32,25813.76,9995.31,75529.6,19,4,39079.39,no,MEDIUM_RISK
50,regular,25014.37,13.8,78710.27,2847.62,33566.48,37,5,30519.28,no,MEDIUM_RISK
55,contractual,14644.97,11.78,24715.82,6801.05,52830.48,12,1,18742.09,yes,MEDIUM_RISK
64,self_employed,49513.42,17.19,61614.86,23738.31,117993.35,13,2,44631.57,no,MEDIUM_RISK
21,self_employed,43863.11,0.39,10070.7,20399.94,403185.42,24,1,2161.67,yes,MEDIUM_RISK
59,contractual,31069.8,7.89,56054.52,16338.27,129375.42,8,1,21144.22,no,MEDIUM_RISK
27,contractual,69773.13,1.61,66857.38,10245.51,55975.49,35,3,11569.01,yes,MEDIUM_RISK
65,self_employed,53519.03,17.27,58616.02,22861.81,116218.48,12,2,43754.34,no,MEDIUM_RISK
37,contractual,30208.36,6.94,23727.12,15806.86,29442.72,13,1,36861.46,no,MEDIUM_RISK
33,contractual,29590.01,2.45,42435.83,11728.56,25858.1,7,2,16266.64,no,MEDIUM_RISK
60,regular,16679.97,19.54,27072.13,9646.32,112691.51,36,3,29817.73,no,MEDIUM_RISK
51,regular,28622.88,11.05,3822.64,5327.96,315670.0,12,4,10206.89,no,MEDIUM_RISK
65,self_employed,40293.98,8.21,70768.36,21349.43,14989.96,11,0,10557.51,yes,MEDIUM_RISK
32,self_employed,15778.65,4.17,44522.3,6363.45,63832.12,25,3,20996.14,yes,MEDIUM_RISK
40,regular,26282.15,5.89,5467.31,13609.07,45988.48,24,0,12002.66,no,MEDIUM_RISK
56,regular,19385.53,16.04,16846.91,5748.1,158045.85,25,0,36418.44,no,MEDIUM_RISK
46,regular,88154.89,11.43,63020.27,34907.28,10052.04,17,2,2513.09,no,MEDIUM_RISK
40,contractual,30377.43,4.58,70137.85,4139.72,149605.48,24,0,4712.69,no,MEDIUM_RISK
56,regular,17653.91,18.43,43719.01,7256.96,100945.23,24,1,3877.69,no,MEDIUM_RISK
31,regular,33100.22,3.89,75243.9,7085.65,28253.94,12,3,7219.7,no,MEDIUM_RISK
54,regular,31124.04,2.28,49596.21,12195.44,29502.87,24,1,35922.88,no,MEDIUM_RISK
54,self_employed,39618.09,16.67,28119.65,17871.44,22023.73,12,1,55958.82,no,MEDIUM_RISK
26,self_employed,74475.46,2.27,122760.7,43478.76,166874.31,17,1,81315.36,yes,MEDIUM_RISK
21,regular,10709.87,0.98,23724.44,2321.87,26129.94,36,2,16195.89,no,MEDIUM_RISK
28,regular,17779.66,2.67,42776.21,9169.78,31236.15,6,1,7430.1,no,MEDIUM_RISK
47,self_employed,36823.2,3.81,79757.91,11563.99,31770.9,24,0,5970.68,no,MEDIUM_RISK
35,regular,56459.27,1.44,142446.46,32013.2,63816.87,13,1,20053.73,yes,MEDIUM_RISK
44,regular,19043.7,2.53,39869.66,10875.75,33781.9,36,1,3210.83,no,MEDIUM_RISK
55,regular,30487.6,14.92,39039.41,17376.62,250684.32,11,0,75390.22,no,MEDIUM_RISK
62,regular,33390.17,23.33,55045.86,12448.21,46940.0,12,1,7441.16,no,MEDIUM_RISK
29,self_employed,24717.59,2.13,38772.92,1590.53,148881.09,20,3,64774.14,no,MEDIUM_RISK
55,contractual,27001.48,4.51,21217.28,3111.04,65888.14,37,3,54819.44,yes,MEDIUM_RISK
53,self_employed,40424.28,17.55,29073.0,20395.69,23715.23,10,1,54692.98,no,MEDIUM_RISK
53,contractual,25090.31,8.17,15101.43,11572.09,73892.79,12,1,17673.69,no,MEDIUM_RISK
47,self_employed,34693.07,1.89,61726.71,9829.87,191215.26,25,0,46679.54,no,MEDIUM_RISK
59,regular,29191.05,7.18,62083.92,16757.97,55499.0,24,0,35073.48,yes,MEDIUM_RISK
25,regular,11064.71,0.05,15739.26,4767.94,21738.0,24,2,27937.08,no,MEDIUM_RISK
55,self_employed,26766.27,7.87,48023.82,2971.2,23233.16,12,2,5418.3,yes,MEDIUM_RISK
37,unemployed,5504.63,0.0,5942.2,2665.48,23471.4,24,1,18174.26,no,MEDIUM_RISK
65,regular,19705.08,9.49,22379.14,11597.59,182689.39,11,1,7655.12,no,MEDIUM_RISK
52,self_employed,37290.78,4.7,95426.57,22450.5,109237.05,13,0,28003.83,no,MEDIUM_RISK
28,regular,21825.55,1.99,12270.92,11689.14,120822.25,24,1,5070.66,no,MEDIUM_RISK
24,regular,37170.62,1.6,46936.73,18338.36,45991.49,11,0,59463.08,no,MEDIUM_RISK
21,regular,9284.03,0.68,16381.01,2107.28,55146.46,25,4,12151.12,no,MEDIUM_RISK
45,regular,22320.81,10.29,6187.68,6044.55,291604.62,11,1,12492.58,no,MEDIUM_RISK
46,regular,13164.42,5.66,86142.57,4586.43,25990.48,36,0,13948.38,yes,MEDIUM_RISK
44,self_employed,26092.43,4.58,66244.92,14879.19,203738.21,6,0,12198.98,yes,MEDIUM_RISK
26,regular,108717.34,1.97,25876.85,61770.5,142618.4,20,1,2242.91,yes,MEDIUM_RISK
50,self_employed,18826.31,12.85,116066.05,6057.94,34506.78,12,1,0.0,no,MEDIUM_RISK
59,regular,35871.47,4.8,32384.6,15205.1,28490.46,10,2,319.26,no,MEDIUM_RISK
23,regular,108689.31,2.01,45612.78,57692.62,16801.97,24,1,52082.32,yes,MEDIUM_RISK
55,regular,30990.69,7.05,4714.74,18144.35,60744.96,18,0,16257.6,no,MEDIUM_RISK
46,self_employed,33567.28,1.84,56149.68,10290.01,201124.32,25,0,44309.41,no,MEDIUM_RISK
48,self_employed,22013.88,12.18,118351.83,6003.41,48952.28,14,1,578.09,no,MEDIUM_RISK
27,self_employed,79872.77,1.46,19475.67,34868.54,132229.86,13,1,50689.1,yes,MEDIUM_RISK
66,contractual,54391.28,22.96,33499.82,15945.13,82258.94,12,2,4182.6,no,MEDIUM_RISK
25,regular,109540.47,2.66,47137.72,56451.35,17764.01,23,1,46164.21,yes,MEDIUM_RISK
43,self_employed,33782.08,1.08,56760.98,12263.91,201959.16,25,0,47224.69,no,MEDIUM_RISK
38,regular,31213.62,6.47,39570.58,15676.01,30620.64,12,1,1709.57,no,MEDIUM_RISK
35,regular,48379.7,6.92,63813.96,25329.06,74655.07,24,1,21185.83,no,MEDIUM_RISK
31,regular,9159.38,2.94,61101.79,1724.33,22951.72,6,1,8539.82,no,MEDIUM_RISK
26,contractual,27164.1,2.83,72227.84,1497.98,156316.92,23,1,32789.51,no,MEDIUM_RISK
61,regular,111811.13,10.05,14665.23,61660.79,56668.21,24,2,29888.69,yes,MEDIUM_RISK
29,regular,35969.81,3.87,28833.97,11491.16,108685.24,12,1,57691.26,no,MEDIUM_RISK
63,self_employed,16140.66,15.31,8742.66,4965.68,35979.99,13,2,6908.26,no,MEDIUM_RISK
63,regular,23944.61,16.33,30526.25,10667.06,39261.31,24,0,20645.61,no,MEDIUM_RISK
32,contractual,28719.37,2.54,42225.23,12802.95,22308.97,6,2,17135.28,no,MEDIUM_RISK
45,regular,54001.34,7.33,33124.79,4579.87,57381.89,11,2,38126.49,no,MEDIUM_RISK
24,regular,25365.96,1.03,21101.16,13648.95,37413.52,24,0,17420.86,yes,MEDIUM_RISK
40,regular,16909.45,2.07,23654.76,8335.16,9217.0,24,1,15300.49,no,MEDIUM_RISK
34,regular,53412.59,3.31,60044.0,30383.18,148697.02,18,1,27288.76,yes,MEDIUM_RISK
23,regular,109326.56,2.11,22653.65,60307.2,154118.91,18,1,2412.49,yes,MEDIUM_RISK
54,regular,33144.85,12.85,32849.62,18904.8,69695.64,24,2,9707.73,yes,MEDIUM_RISK
66,regular,26442.88,20.02,96285.26,14785.27,89876.43,13,0,2245.05,no,MEDIUM_RISK
51,regular,86441.52,16.8,22829.7,46873.07,76602.45,23,1,50249.57,yes,MEDIUM_RISK
31,regular,30645.03,5.47,21834.59,14690.08,116336.94,36,2,32397.44,no,MEDIUM_RISK
52,self_employed,90242.5,1.79,10627.01,35124.38,67305.42,7,2,10710.95,yes,MEDIUM_RISK
27,self_employed,81355.83,0.83,14970.18,34517.28,143890.73,11,1,53218.47,yes,MEDIUM_RISK
56,regular,40257.7,9.37,11161.24,10122.87,45809.99,12,2,32815.4,yes,MEDIUM_RISK
24,contractual,27327.15,2.02,32359.28,6847.2,33192.62,12,0,29149.38,no,MEDIUM_RISK
46,self_employed,24518.49,4.18,90289.56,8050.01,85151.91,17,2,12014.71,no,MEDIUM_RISK
30,regular,22361.89,3.38,5237.2,7536.16,94613.08,24,4,19992.81,yes,MEDIUM_RISK
20,regular,36287.76,0.15,15907.35,12778.41,63189.07,24,1,66000.13,no,MEDIUM_RISK
27,regular,35298.8,1.48,52874.16,13993.91,40468.06,6,1,627.11,no,MEDIUM_RISK
28,regular,39976.45,4.57,39990.03,18760.13,49991.0,11,1,23458.79,no,MEDIUM_RISK
59,contractual,28137.96,20.65,29771.94,7469.23,80904.55,12,3,27054.57,yes,MEDIUM_RISK
51,regular,46234.97,14.73,94318.84,13204.72,82754.31,25,1,17484.0,no,MEDIUM_RISK
22,contractual,22099.51,1.67,64335.7,9901.72,51287.66,25,0,28600.16,yes,MEDIUM_RISK
30,regular,13620.88,4.88,9617.78,134.04,101934.95,25,0,25587.0,no,MEDIUM_RISK
26,self_employed,82153.08,1.36,15563.14,35206.87,151631.09,11,1,52428.13,yes,MEDIUM_RISK
60,contractual,53811.63,4.47,163905.04,22702.55,31573.19,24,2,4078.35,no,MEDIUM_RISK
64,contractual,53971.47,15.0,53287.41,29859.76,97177.33,36,0,17030.94,no,MEDIUM_RISK
24,self_employed,34760.62,0.64,48816.42,10610.68,52514.06,24,1,3668.52,yes,MEDIUM_RISK
48,regular,11527.09,4.84,80417.25,0.0,72235.66,11,0,1900.64,no,MEDIUM_RISK
55,contractual,27128.94,4.07,17149.56,3085.36,54931.33,35,3,55923.39,yes,MEDIUM_RISK
65,self_employed,49340.51,17.71,56853.43,23930.15,114611.15,12,2,46433.86,no,MEDIUM_RISK
31,regular,24886.43,3.55,9798.7,14535.51,38706.82,7,0,37367.83,no,MEDIUM_RISK
40,self_employed,58825.51,9.05,30311.2,24396.68,32341.21,36,1,93577.29,no,MEDIUM_RISK
29,regular,20760.85,1.46,48509.0,9796.73,75592.43,24,1,7347.59,no,MEDIUM_RISK
61,self_employed,40552.96,10.27,60386.84,16993.02,25419.95,12,2,35847.35,no,MEDIUM_RISK
27,regular,16270.9,0.16,90880.64,9275.28,28301.95,24,1,27304.36,yes,MEDIUM_RISK
39,self_employed,33872.41,10.14,68633.18,11530.81,95906.98,18,3,60987.0,yes,MEDIUM_RISK
36,contractual,18260.86,2.52,27172.17,2292.39,196029.01,18,1,21400.36,no,MEDIUM_RISK
47,self_employed,15496.59,3.07,18036.37,9150.62,77761.9,12,2,3015.81,yes,MEDIUM_RISK
56,self_employed,22129.78,9.23,14967.22,11195.24,207768.37,25,2,29165.13,yes,MEDIUM_RISK
40,contractual,44094.48,1.37,30722.76,10004.86,286978.61,36,0,13240.9,no,MEDIUM_RISK
44,self_employed,35315.29,2.0,53756.34,11997.35,200938.07,24,0,46493.6,no,MEDIUM_RISK
28,regular,66604.58,3.47,28688.56,12646.53,40589.46,12,4,18120.97,yes,MEDIUM_RISK
25,regular,38265.64,3.4,55349.11,13390.08,65851.6,18,3,52920.24,yes,MEDIUM_RISK
30,self_employed,26805.53,1.44,49257.62,12672.13,95774.15,36,1,14797.29,yes,MEDIUM_RISK
29,self_employed,46057.49,1.42,20125.29,19575.07,104626.28,24,3,20490.8,no,MEDIUM_RISK
39,regular,21681.71,8.29,36182.35,7402.47,116802.92,18,4,28592.1,yes,MEDIUM_RISK
27,regular,22180.01,3.92,16718.74,6700.93,171521.33,24,2,27486.41,no,MEDIUM_RISK
48,regular,23536.32,16.26,7255.09,13379.27,100176.8,17,3,24931.91,no,MEDIUM_RISK
64,regular,28038.49,5.63,10010.61,13168.41,96208.96,36,2,56932.26,yes,MEDIUM_RISK
41,self_employed,37789.33,10.88,17066.95,16473.74,234334.72,36,3,1693.74,no,MEDIUM_RISK
23,regular,56421.65,0.57,60096.21,32342.15,68846.49,12,0,50234.46,yes,MEDIUM_RISK
33,regular,53625.85,3.96,21472.06,28324.26,43417.33,23,2,9741.67,no,MEDIUM_RISK
62,self_employed,19865.08,20.96,63296.15,10843.06,15614.86,24,2,7548.37,yes,MEDIUM_RISK
36,regular,29485.3,3.86,52007.79,13825.87,69061.3,12,3,17108.42,yes,MEDIUM_RISK
24,unemployed,7615.22,0.0,31284.54,2989.64,70078.23,6,1,132803.82,yes,MEDIUM_RISK
41,regular,24791.35,4.04,19357.55,11049.82,96674.11,13,1,5886.87,no,MEDIUM_RISK
29,regular,34770.86,3.3,58879.61,13872.55,64583.51,17,3,52147.31,yes,MEDIUM_RISK
47,unemployed,7715.16,0.2,27868.58,836.64,50473.64,19,1,36684.9,no,MEDIUM_RISK
63,contractual,56795.31,23.2,26977.39,15230.63,92496.1,12,2,2739.08,no,MEDIUM_RISK
58,regular,43585.11,9.7,8523.45,24286.38,76903.51,22,2,2803.93,no,MEDIUM_RISK
66,contractual,48112.26,7.11,60844.78,19595.34,81462.88,12,2,82266.93,yes,MEDIUM_RISK
52,regular,11369.79,10.32,17499.04,2344.83,388411.74,18,0,16029.91,no,MEDIUM_RISK
58,contractual,44128.84,9.23,35723.13,8441.17,35832.82,12,2,28075.78,no,MEDIUM_RISK
47,contractual,18892.98,4.73,1801.14,2932.51,56247.33,35,2,23254.58,no,MEDIUM_RISK
44,self_employed,45359.56,1.25,67353.34,17532.79,152010.65,12,2,51681.45,no,MEDIUM_RISK
57,contractual,19838.34,6.76,40336.53,8618.47,169918.24,24,2,17685.92,no,MEDIUM_RISK
30,regular,20621.4,1.71,46218.23,10568.49,75811.6,23,1,6064.94,no,MEDIUM_RISK
60,self_employed,36449.66,12.3,58543.49,18622.13,160923.16,37,1,9537.93,no,MEDIUM_RISK
34,regular,56773.52,3.19,138526.52,33380.0,66697.62,12,1,18595.7,yes,MEDIUM_RISK
49,contractual,38039.79,7.48,66184.9,4933.93,78965.47,11,3,29104.24,no,MEDIUM_RISK
47,regular,13730.86,4.69,85853.01,949.84,73121.05,11,0,2417.54,no,MEDIUM_RISK
61,self_employed,14420.91,4.87,41518.67,9771.36,128268.91,25,1,22219.54,no,MEDIUM_RISK
46,self_employed,36759.39,3.59,84520.98,10533.67,21796.76,23,0,3839.86,no,MEDIUM_RISK
49,contractual,30366.71,11.03,9136.78,9982.96,31502.49,24,1,19831.36,no,MEDIUM_RISK
64,contractual,63003.29,8.17,7699.04,21361.1,69323.53,18,1,13479.17,no,MEDIUM_RISK
66,contractual,52160.62,9.41,25509.65,24644.94,50422.38,24,0,16585.37,no,MEDIUM_RISK
24,regular,20518.28,1.29,27708.59,8038.22,83730.06,11,3,33900.16,no,MEDIUM_RISK
56,self_employed,15699.28,5.73,67461.06,3647.49,22249.12,36,2,14235.95,no,MEDIUM_RISK
65,self_employed,54608.97,16.64,62144.44,22744.88,129004.41,12,2,43761.78,no,MEDIUM_RISK
29,regular,46748.14,2.35,22356.51,15069.4,47366.85,24,2,55307.13,yes,MEDIUM_RISK
36,regular,38733.43,0.61,20805.56,21493.57,52075.13,11,1,19498.49,no,MEDIUM_RISK
45,self_employed,21279.42,10.9,30061.87,8986.98,56173.77,12,1,25254.98,no,MEDIUM_RISK
57,contractual,49293.14,15.3,31034.35,18185.82,58487.33,13,1,42423.34,no,MEDIUM_RISK
22,self_employed,57733.66,0.0,4526.84,3934.7,46518.73,6,2,81891.6,no,MEDIUM_RISK
58,regular,21021.02,5.09,44748.65,8666.47,102496.29,18,1,26555.21,yes,MEDIUM_RISK
58,regular,25829.11,2.6,58105.52,8001.29,12584.34,11,0,6280.49,yes,MEDIUM_RISK
41,self_employed,44311.09,7.06,9946.21,24371.96,88964.39,23,1,15293.53,no,MEDIUM_RISK
37,contractual,55185.77,6.45,30655.79,17457.5,125568.11,36,2,15750.13,yes,MEDIUM_RISK
40,regular,39103.73,5.72,25075.73,21194.15,24613.3,12,0,1361.88,no,MEDIUM_RISK
34,regular,61399.16,5.3,44130.13,30442.93,68602.45,23,1,43091.06,yes,MEDIUM_RISK
49,contractual,30713.19,10.8,17468.33,10034.78,38531.83,25,1,15358.8,no,MEDIUM_RISK
45,self_employed,22050.05,13.75,12152.3,2119.74,40605.77,25,3,13921.21,no,MEDIUM_RISK
29,contractual,30136.15,2.89,69423.21,876.66,156739.69,23,1,31338.88,no,MEDIUM_RISK
61,regular,21391.02,17.74,11660.75,8795.49,152746.91,11,2,25198.1,yes,MEDIUM_RISK
26,self_employed,142802.7,2.25,7843.73,5231.25,23948.74,36,1,18350.26,yes,MEDIUM_RISK
62,regular,38238.65,11.34,111501.29,18433.81,74270.11,18,2,23075.22,yes,MEDIUM_RISK
39,self_employed,18933.63,1.71,45631.11,7368.98,46659.32,25,1,6101.3,yes,MEDIUM_RISK
51,self_employed,39266.09,7.52,129804.77,13113.27,181241.32,12,1,8930.21,no,MEDIUM_RISK
34,regular,19274.39,6.17,0.0,5957.0,122089.97,6,2,29905.0,no,MEDIUM_RISK
64,self_employed,59743.63,5.38,23532.96,8779.83,404526.3,17,0,31674.16,no,MEDIUM_RISK
22,self_employed,19786.29,0.43,18745.92,5667.62,251559.18,36,0,37180.12,no,MEDIUM_RISK
59,self_employed,18361.52,6.26,26420.87,10685.11,119613.32,35,1,36737.11,no,MEDIUM_RISK
48,regular,18898.15,3.66,22426.99,6711.29,22646.78,37,3,41374.11,yes,MEDIUM_RISK
46,regular,25377.51,10.53,8866.52,5936.14,282587.51,12,1,6863.64,no,MEDIUM_RISK
42,contractual,26985.85,4.06,76207.78,2544.32,152820.41,23,0,5652.41,no,MEDIUM_RISK
45,regular,26469.85,5.76,32849.69,16610.14,59983.07,37,1,11737.74,no,MEDIUM_RISK
38,regular,38097.7,5.9,27217.8,21567.62,21984.65,14,0,6221.81,no,MEDIUM_RISK
25,regular,32131.59,0.37,44839.93,16231.74,93224.85,18,3,23604.31,yes,MEDIUM_RISK
26,regular,40835.68,3.46,15447.86,21400.69,25709.12,18,1,1911.74,no,MEDIUM_RISK
57,self_employed,18020.16,5.01,69257.2,2155.4,29247.99,36,2,11603.84,no,MEDIUM_RISK
27,self_employed,43512.37,1.19,28490.37,17629.53,131869.76,12,1,4786.31,no,MEDIUM_RISK
55,regular,59682.59,2.62,20969.72,18763.66,66637.82,11,2,33928.9,no,MEDIUM_RISK
55,regular,8442.45,13.63,58882.09,566.95,107955.71,12,2,11263.78,no,MEDIUM_RISK
45,regular,40971.7,8.26,52628.58,22848.87,62932.64,12,1,10832.39,no,MEDIUM_RISK
58,regular,45620.59,7.64,19452.78,19947.82,393302.57,25,0,16157.26,yes,MEDIUM_RISK
27,unemployed,9472.4,0.0,19094.18,1736.49,21912.36,6,3,33059.81,yes,MEDIUM_RISK
45,unemployed,4308.01,0.0,25971.22,0.0,44460.37,12,1,6398.88,yes,MEDIUM_RISK
38,unemployed,7938.01,0.23,5276.79,2919.25,23726.09,25,1,18493.43,no,MEDIUM_RISK
41,self_employed,23790.51,9.16,5402.62,6674.54,41817.78,12,3,8416.27,no,MEDIUM_RISK
41,regular,51243.82,2.67,58492.53,25534.51,114644.07,6,1,19503.13,no,MEDIUM_RISK
24,regular,49677.13,1.71,182891.27,14383.59,38982.13,23,1,15089.66,no,MEDIUM_RISK
24,self_employed,47498.52,2.37,39808.21,16225.9,72083.48,23,1,43289.53,no,MEDIUM_RISK
28,regular,61038.59,4.06,20432.72,27078.24,123726.97,6,2,13679.58,no,MEDIUM_RISK
45,regular,18252.9,2.58,37668.34,11740.05,46214.54,36,1,1436.2,no,MEDIUM_RISK
57,self_employed,22572.66,20.29,56289.35,11597.33,13651.18,23,2,9004.96,yes,MEDIUM_RISK
46,contractual,31576.04,13.26,42165.55,8652.61,56679.98,6,2,21548.97,no,MEDIUM_RISK
28,unemployed,4081.82,0.1,2192.52,0.0,30386.74,11,1,10551.46,no,MEDIUM_RISK
53,self_employed,28667.38,3.67,64804.36,11892.71,69457.15,12,3,25402.65,no,MEDIUM_RISK
47,regular,26921.75,6.77,72016.21,12644.95,46536.56,12,2,6301.65,yes,MEDIUM_RISK
62,unemployed,2811.84,0.82,11949.35,982.21,62984.68,24,0,9607.13,yes,MEDIUM_RISK
54,regular,17964.58,9.74,72136.28,6408.98,214071.03,24,2,38703.06,yes,MEDIUM_RISK
27,contractual,20565.75,0.92,39663.5,10286.92,49550.67,11,0,0.0,yes,MEDIUM_RISK
54,regular,12177.28,12.77,56317.62,299.26,104108.16,12,2,15953.71,no,MEDIUM_RISK
21,regular,9824.7,0.05,20638.42,3831.87,19519.14,37,2,15727.24,no,MEDIUM_RISK
66,regular,22907.88,10.76,18975.23,11716.38,180164.72,12,1,6707.51,no,MEDIUM_RISK
31,regular,26185.5,6.59,123381.79,12102.43,19896.55,36,1,13442.02,yes,MEDIUM_RISK
19,self_employed,89150.18,0.66,22617.73,32056.08,136417.81,12,0,12294.92,no,MEDIUM_RISK
53,regular,17603.4,7.61,16976.44,3324.37,30884.4,12,0,39247.69,no,HIGH_RISK
20,unemployed,4097.47,0.0,31490.25,1652.8,74567.89,17,3,6959.99,no,HIGH_RISK
37,regular,17372.8,3.94,34112.02,9617.74,329519.8,24,4,67435.36,yes,HIGH_RISK
67,contractual,38024.67,15.8,14168.63,15759.24,127197.74,24,1,63640.51,yes,HIGH_RISK
38,regular,20646.69,4.09,30685.68,9717.13,327404.24,25,4,67341.2,yes,HIGH_RISK
26,regular,17500.72,1.69,35074.26,9569.34,183984.24,36,2,9634.33,yes,HIGH_RISK
33,unemployed,3036.79,0.48,199475.97,2898.22,306267.01,13,1,6201.18,no,HIGH_RISK
45,contractual,81684.07,11.5,45294.62,33225.29,54406.58,19,2,12648.53,no,HIGH_RISK
60,regular,50866.99,5.84,84338.82,6492.87,28266.25,18,1,6544.11,yes,HIGH_RISK
64,unemployed,3638.99,0.0,93402.49,1518.31,46386.61,37,2,11013.31,no,HIGH_RISK
63,self_employed,17819.36,10.48,2849.82,7161.93,46582.07,24,1,48584.94,yes,HIGH_RISK
23,contractual,15589.84,1.76,22015.7,8539.25,43330.31,13,2,13208.7,no,HIGH_RISK
42,unemployed,3517.4,0.0,36861.89,1140.0,78232.46,13,2,5191.64,no,HIGH_RISK
58,unemployed,2443.2,0.0,80725.17,1023.53,37122.74,23,2,20188.72,no,HIGH_RISK
57,contractual,19897.13,8.93,115125.6,10229.25,113019.62,11,3,30920.75,yes,HIGH_RISK
54,unemployed,4008.86,0.11,9350.96,1141.59,61989.08,17,0,2294.23,yes,HIGH_RISK
25,self_employed,40050.04,1.51,53378.27,5779.36,21687.12,17,2,94095.56,no,HIGH_RISK
57,unemployed,2850.43,0.66,29732.68,1159.6,102878.26,25,3,1471.52,no,HIGH_RISK
25,unemployed,3973.77,0.2,20467.86,1098.89,28918.77,37,2,2230.12,no,HIGH_RISK
50,regular,42965.57,14.99,32979.42,9492.68,103211.44,24,2,15061.26,yes,HIGH_RISK
58,contractual,29668.48,10.6,23889.56,2663.61,65996.64,13,0,14982.13,no,HIGH_RISK
52,contractual,33930.04,12.87,78587.17,18458.9,67952.71,13,3,24898.11,no,HIGH_RISK
43,self_employed,22137.85,4.92,46533.14,11759.38,101420.56,18,1,10458.99,no,HIGH_RISK
36,regular,18821.07,3.87,31422.0,9806.07,328178.92,24,4,66904.4,yes,HIGH_RISK
41,self_employed,56057.86,1.86,23355.77,31466.73,56305.19,36,3,5919.52,no,HIGH_RISK
50,regular,14780.48,13.78,28635.77,8597.93,387501.28,12,2,0.0,no,HIGH_RISK
39,regular,63960.43,8.68,13889.47,15227.48,185107.0,37,1,11952.69,yes,HIGH_RISK
64,unemployed,4809.11,0.0,30942.99,1843.73,173133.17,24,1,38909.34,no,HIGH_RISK
32,contractual,51429.0,1.06,55452.02,14014.27,86551.95,6,0,34409.17,yes,HIGH_RISK
39,regular,9810.0,7.51,39377.54,4970.83,185924.96,12,1,24563.65,yes,HIGH_RISK
35,self_employed,77208.06,1.85,43349.29,30466.76,33527.22,17,1,10398.9,no,HIGH_RISK
63,unemployed,2181.45,0.0,35889.32,1610.75,183461.48,25,1,41662.95,no,HIGH_RISK
50,regular,25465.96,4.68,30377.47,13619.4,63841.02,17,2,7130.44,no,HIGH_RISK
62,unemployed,7047.8,0.0,21726.37,3324.28,157940.57,24,0,0.0,yes,HIGH_RISK
43,unemployed,5232.28,0.0,74669.6,0.0,43350.91,37,0,3723.42,no,HIGH_RISK
29,contractual,61864.43,3.38,42192.28,24331.77,399492.83,11,2,43441.16,no,HIGH_RISK
54,self_employed,12560.53,3.9,57967.56,6782.96,47981.56,18,4,13859.82,no,HIGH_RISK
61,unemployed,3419.19,0.0,78212.77,1017.81,18359.79,25,2,21149.51,no,HIGH_RISK
58,regular,8313.29,5.37,42356.62,6499.54,204095.36,24,2,13620.35,yes,HIGH_RISK
57,unemployed,1634.31,0.0,39850.13,1260.04,135758.51,35,1,9176.37,no,HIGH_RISK
57,contractual,29756.96,9.87,27001.84,4348.14,69984.01,13,0,14385.07,no,HIGH_RISK
57,unemployed,2715.25,0.05,35827.66,1637.93,123147.14,35,1,9468.43,no,HIGH_RISK
36,regular,23658.8,2.88,66966.08,13561.96,258646.94,17,1,35451.44,no,HIGH_RISK
57,contractual,26119.35,19.59,45990.16,13431.26,175757.63,24,2,2208.78,yes,HIGH_RISK
25,contractual,19514.48,1.33,22400.56,9766.13,40535.27,11,2,11683.99,no,HIGH_RISK
57,contractual,30081.12,9.32,28544.05,3518.05,65573.48,12,0,15692.34,no,HIGH_RISK
56,unemployed,4390.27,0.55,94957.33,170.1,60494.57,6,0,90442.86,no,HIGH_RISK
54,contractual,46132.34,15.17,21290.5,22577.8,33863.0,12,3,13830.93,no,HIGH_RISK
60,unemployed,4724.75,0.0,32733.79,192.93,85450.28,24,3,2470.99,no,HIGH_RISK
52,regular,27059.32,4.82,27950.72,13137.36,38040.61,16,0,35243.92,no,HIGH_RISK
23,unemployed,7642.91,0.46,12440.56,1668.43,21249.79,6,1,52284.24,yes,HIGH_RISK
23,unemployed,8327.69,0.74,36937.46,3293.78,272939.86,12,0,5600.49,no,HIGH_RISK
44,contractual,78166.61,11.21,48872.42,33634.78,49287.68,19,2,9149.97,no,HIGH_RISK
25,contractual,31887.98,1.56,79622.99,18283.31,42660.74,6,4,21795.05,yes,HIGH_RISK
62,unemployed,7759.61,0.0,24278.85,3528.95,155020.59,25,0,2808.6,yes,HIGH_RISK
49,regular,19352.98,2.58,34177.14,3661.26,13370.54,35,2,6937.57,yes,HIGH_RISK
25,contractual,48071.61,1.96,34160.47,26315.53,62474.31,17,2,5545.44,yes,HIGH_RISK
55,contractual,21019.44,12.45,18285.39,10177.53,101261.23,36,2,107454.84,no,HIGH_RISK
42,self_employed,53956.89,2.79,25162.07,30978.71,59908.97,36,3,6863.78,no,HIGH_RISK
42,self_employed,48836.66,5.71,23926.85,11234.91,201205.92,13,0,15495.08,no,HIGH_RISK
62,regular,49176.56,5.8,14584.03,6277.15,109838.17,24,2,67204.29,yes,HIGH_RISK
55,unemployed,0.0,0.0,9585.0,1333.77,124900.31,23,3,27901.36,no,HIGH_RISK
20,contractual,50321.7,1.51,56146.16,23965.55,27657.25,35,3,28836.12,no,HIGH_RISK
36,contractual,53610.68,3.02,50932.99,24369.01,82964.21,25,2,5621.08,no,HIGH_RISK
45,unemployed,4516.55,0.19,146132.12,3333.66,30124.19,36,0,17313.58,no,HIGH_RISK
63,unemployed,467.68,0.0,94230.78,1819.56,54906.69,36,2,10006.91,no,HIGH_RISK
40,regular,14204.33,9.52,38322.83,277.92,9793.55,25,1,24178.62,no,HIGH_RISK
54,regular,21168.58,7.68,11284.91,3717.64,19850.29,11,0,38985.26,no,HIGH_RISK
55,unemployed,1934.11,0.17,6830.96,2467.54,48292.32,16,0,3828.23,yes,HIGH_RISK
43,unemployed,1998.04,0.0,5381.32,463.07,91187.27,23,0,7173.56,no,HIGH_RISK
43,regular,10415.29,9.65,6084.9,4891.63,120311.25,12,0,33702.92,no,HIGH_RISK
35,regular,36062.7,1.02,9947.53,21127.6,28224.43,6,0,109251.76,yes,HIGH_RISK
47,self_employed,32005.64,9.8,855.64,3958.59,135173.34,23,4,22077.43,yes,HIGH_RISK
66,contractual,35217.33,15.95,13849.73,17091.9,132008.18,25,1,64130.64,yes,HIGH_RISK
24,contractual,16490.66,1.21,21888.03,10685.64,24592.31,12,2,9660.85,no,HIGH_RISK
35,regular,24762.17,4.11,33369.03,9490.59,322268.71,24,4,69649.96,yes,HIGH_RISK
33,unemployed,1865.63,0.0,192558.5,675.03,305165.75,12,1,7755.44,no,HIGH_RISK
34,contractual,26414.92,6.76,66914.0,10767.98,10685.84,17,0,27843.29,yes,HIGH_RISK
26,self_employed,37842.72,1.83,65630.71,4617.91,16775.97,18,2,94937.01,no,HIGH_RISK
49,regular,19528.72,2.74,33796.1,2923.49,21100.74,37,2,7471.47,yes,HIGH_RISK
37,contractual,53877.65,3.01,52845.04,24952.84,86126.99,25,2,6162.95,no,HIGH_RISK
40,contractual,20153.5,5.98,80528.54,10033.01,218647.71,19,1,12223.26,yes,HIGH_RISK
42,regular,15726.76,9.6,38988.88,1687.67,10018.62,24,1,23927.68,no,HIGH_RISK
42,unemployed,2761.35,0.12,72529.75,0.0,46865.87,35,0,2706.04,no,HIGH_RISK
24,regular,13890.55,1.11,101272.8,5213.39,149748.78,12,1,7956.47,no,HIGH_RISK
22,unemployed,3835.72,0.0,28673.36,1105.5,57709.79,23,2,41244.4,no,HIGH_RISK
27,self_employed,39139.94,2.6,57982.91,6726.74,10331.53,19,2,94498.82,no,HIGH_RISK
54,contractual,20112.18,12.98,13185.28,9763.08,93132.54,37,2,102926.76,no,HIGH_RISK
61,unemployed,668.76,0.09,44230.45,1494.43,26639.1,35,0,17804.07,yes,HIGH_RISK
24,contractual,36051.85,0.19,47110.18,15743.16,33986.33,24,2,50318.62,no,HIGH_RISK
21,unemployed,3923.82,0.52,13402.57,3651.15,13742.52,6,1,55006.02,yes,HIGH_RISK
50,contractual,32406.4,11.9,85586.8,18622.82,78794.66,13,3,23162.15,no,HIGH_RISK
35,self_employed,31630.8,3.93,64151.93,8639.81,140666.01,11,2,35001.52,no,HIGH_RISK
49,regular,42777.1,12.15,30837.36,21724.54,147152.43,22,1,37487.43,no,HIGH_RISK
67,unemployed,10352.98,0.96,95026.67,3919.11,39461.49,12,1,61771.39,no,HIGH_RISK
48,regular,48877.21,12.08,25660.96,20702.67,151404.98,22,1,39689.02,no,HIGH_RISK
36,regular,43626.16,3.03,53510.21,5878.87,54520.72,24,0,27308.36,no,HIGH_RISK
43,regular,11771.89,8.89,6958.6,3751.5,117394.33,12,0,34892.77,no,HIGH_RISK
22,regular,46743.73,1.38,16231.33,24618.32,81980.43,25,4,9919.36,no,HIGH_RISK
49,regular,21785.14,2.42,33711.05,3262.28,18385.87,36,2,7081.33,yes,HIGH_RISK
54,regular,24331.45,8.59,14247.32,1967.43,20322.79,12,0,42619.74,no,HIGH_RISK
61,unemployed,11230.76,0.0,25001.78,3813.7,154968.36,24,0,2186.99,yes,HIGH_RISK
64,unemployed,2310.55,0.49,101270.82,1182.96,65352.11,35,2,12742.32,no,HIGH_RISK
50,regular,14338.18,8.86,69161.4,4165.18,398839.83,19,2,13318.38,no,HIGH_RISK
61,unemployed,3741.95,0.0,47216.85,1234.84,29135.06,36,0,19148.32,yes,HIGH_RISK
55,unemployed,1442.78,0.0,7207.24,759.67,118262.1,24,3,26861.6,no,HIGH_RISK
32,self_employed,31914.83,3.71,21368.55,6462.1,73907.38,12,2,91100.8,no,HIGH_RISK
43,unemployed,1539.18,0.16,5155.73,811.01,101588.14,24,0,4345.67,no,HIGH_RISK
62,regular,61728.01,8.01,16712.12,14174.48,118956.17,13,1,47715.36,no,HIGH_RISK
65,unemployed,5096.25,0.11,65509.88,1305.29,98202.23,18,2,48613.09,no,HIGH_RISK
37,contractual,34759.41,2.98,109638.16,16761.85,147422.56,24,2,5051.18,no,HIGH_RISK
37,regular,28184.77,2.31,67678.14,14699.93,268667.49,18,1,37058.2,no,HIGH_RISK
42,regular,17128.43,9.57,42194.53,599.7,7933.46,23,1,28167.81,no,HIGH_RISK
36,regular,16898.13,4.89,33640.79,9470.57,326818.86,24,4,63293.94,yes,HIGH_RISK
26,self_employed,9211.32,1.98,43769.18,3862.78,31593.57,23,2,16178.75,no,HIGH_RISK
51,regular,30703.25,4.91,31042.1,13267.85,50351.82,19,0,35165.18,no,HIGH_RISK
40,regular,10615.1,7.69,28093.47,5340.19,191166.12,12,1,25605.92,yes,HIGH_RISK
54,contractual,16157.83,12.93,16070.1,10241.18,99753.14,35,2,103106.45,no,HIGH_RISK
49,regular,18035.37,14.71,27233.81,9140.73,401955.06,12,2,0.0,no,HIGH_RISK
41,contractual,32748.73,2.54,8656.26,16796.44,118131.85,23,3,19844.59,yes,HIGH_RISK
53,regular,20754.39,15.49,75058.54,12690.86,51292.01,11,0,7100.47,no,HIGH_RISK
30,unemployed,1797.2,0.0,9975.86,166.37,36935.7,36,1,16641.98,no,HIGH_RISK
42,self_employed,54219.61,1.93,21847.02,30066.87,62422.81,36,3,8578.12,no,HIGH_RISK
42,self_employed,17406.19,4.12,41715.21,10174.21,90737.16,18,1,9914.58,no,HIGH_RISK
38,regular,57737.13,3.34,64705.25,8250.7,49741.19,18,2,11953.1,no,HIGH_RISK
44,unemployed,617.03,0.19,67136.03,1095.03,44464.87,37,0,1221.94,no,HIGH_RISK
24,unemployed,4228.2,0.0,16087.47,1584.99,140639.25,11,0,59386.53,no,HIGH_RISK
60,self_employed,9384.64,14.22,0.0,5351.13,23559.71,24,4,19097.23,no,HIGH_RISK
40,self_employed,91443.54,3.1,52620.48,18550.79,88469.51,25,1,32199.99,yes,HIGH_RISK
66,contractual,33176.77,16.53,15679.67,15524.97,121874.58,23,1,65388.3,yes,HIGH_RISK
50,self_employed,32043.28,3.7,82941.97,19766.71,223756.71,6,2,36087.97,yes,HIGH_RISK
43,regular,19506.67,2.15,39886.97,10143.51,103089.3,35,2,45164.23,no,HIGH_RISK
24,contractual,32049.46,0.97,50941.78,14081.4,26379.44,24,2,50468.37,no,HIGH_RISK
32,self_employed,12663.34,2.12,34232.97,6073.06,237058.68,24,4,3729.85,no,HIGH_RISK
25,contractual,29800.42,1.07,51414.12,13835.77,25279.07,24,2,53376.75,no,HIGH_RISK
52,contractual,30775.21,3.31,32529.24,17467.78,126292.83,24,1,20671.66,no,HIGH_RISK
43,regular,19290.94,3.98,39806.25,9316.68,109750.12,35,2,43850.63,no,HIGH_RISK
22,contractual,48882.09,1.55,51833.1,22959.57,22687.84,36,3,28819.77,no,HIGH_RISK
28,self_employed,11942.38,3.03,38521.34,6607.83,239571.76,24,4,2113.93,no,HIGH_RISK
51,self_employed,28649.48,4.85,80078.04,19353.4,233229.28,7,2,34477.35,yes,HIGH_RISK
37,unemployed,976.37,0.59,49298.16,1081.9,308243.3,26,2,15021.05,yes,HIGH_RISK
37,self_employed,32919.27,4.33,66016.53,10106.63,146087.81,12,2,34972.89,no,HIGH_RISK
24,unemployed,3932.41,0.0,20287.99,697.78,29988.1,35,2,0.0,no,HIGH_RISK
25,self_employed,9269.94,2.14,42725.83,4732.02,35284.48,24,2,19259.44,no,HIGH_RISK
58,contractual,26351.6,3.87,24126.34,8691.59,303688.16,24,1,11497.62,no,HIGH_RISK
40,contractual,14517.55,2.63,13325.18,7412.01,85650.82,12,0,30545.4,no,HIGH_RISK
34,self_employed,43339.06,2.03,25826.15,22633.04,216255.78,36,2,14563.37,no,HIGH_RISK
45,self_employed,43388.44,5.36,25489.42,10282.35,219678.03,10,0,17093.0,no,HIGH_RISK
33,contractual,26212.77,6.42,71597.03,10120.67,20409.76,18,0,27397.11,yes,HIGH_RISK
57,unemployed,0.0,0.0,42027.14,0.0,134148.01,36,1,6795.37,no,HIGH_RISK
62,unemployed,7789.54,0.0,26245.09,4009.78,154684.76,24,0,0.0,yes,HIGH_RISK
43,self_employed,44206.03,5.56,23509.5,10029.52,209621.06,13,0,15300.28,no,HIGH_RISK
60,unemployed,4725.32,0.2,30123.54,0.0,89405.01,23,3,0.0,no,HIGH_RISK
34,self_employed,34575.23,3.96,19079.34,6439.6,69485.64,12,2,94389.26,no,HIGH_RISK
23,contractual,49783.31,0.33,54728.78,24203.23,22237.48,37,3,29637.85,no,HIGH_RISK
58,contractual,24150.17,3.08,27958.66,8299.08,304302.29,24,1,14003.64,no,HIGH_RISK
37,regular,57740.15,7.03,68113.67,33117.65,22188.24,23,0,35384.37,no,HIGH_RISK
33,contractual,68439.8,4.21,16140.05,23084.47,67138.6,19,2,11803.98,yes,HIGH_RISK
35,regular,36414.32,1.6,15844.99,19796.38,36983.12,6,0,106714.87,yes,HIGH_RISK
23,unemployed,7469.23,0.0,20050.39,1233.55,132037.26,12,0,55222.16,no,HIGH_RISK
25,regular,12774.47,0.25,100380.34,4406.3,150419.12,12,1,4873.9,no,HIGH_RISK
60,unemployed,5508.14,0.79,39069.09,1596.32,65858.08,12,2,29403.0,no,HIGH_RISK
26,unemployed,4139.27,0.32,19564.33,2080.73,380823.72,35,1,34028.34,no,HIGH_RISK
36,self_employed,33716.86,3.69,63602.97,8513.9,157320.86,12,2,31192.17,no,HIGH_RISK
34,unemployed,5060.38,0.0,12413.56,1452.13,24593.05,24,2,35847.93,no,HIGH_RISK
57,regular,13301.53,5.2,45644.33,6527.76,201988.04,24,2,11690.78,yes,HIGH_RISK
56,regular,11581.14,5.87,47857.82,7385.74,198485.43,24,2,13254.54,yes,HIGH_RISK
21,unemployed,5023.43,0.15,9874.54,3514.81,23791.15,7,1,53233.07,yes,HIGH_RISK
65,unemployed,5823.36,0.0,31340.61,2472.29,186500.28,24,1,37833.37,no,HIGH_RISK
46,self_employed,46927.01,5.87,22144.29,11097.76,210437.14,11,0,17637.82,no,HIGH_RISK
58,unemployed,5440.23,0.0,37227.24,3076.66,61919.32,11,2,27630.71,no,HIGH_RISK
52,regular,43374.46,13.28,30221.39,20040.43,162816.92,26,1,36288.25,no,HIGH_RISK
40,regular,11910.12,7.49,33689.73,5153.69,186554.19,12,1,25974.23,yes,HIGH_RISK
37,self_employed,76172.62,2.5,37511.42,30999.66,36402.52,18,1,9763.85,no,HIGH_RISK
40,regular,11762.59,7.83,37757.99,5717.16,190945.58,13,1,24642.56,yes,HIGH_RISK
47,contractual,20386.35,11.35,31263.22,4721.08,164799.79,13,2,12325.27,no,HIGH_RISK
23,contractual,18630.64,2.17,18900.85,10476.12,33233.43,11,2,12356.16,no,HIGH_RISK
38,self_employed,34721.68,1.53,20299.53,1384.16,28038.97,23,0,10603.07,yes,HIGH_RISK
57,contractual,30563.46,2.86,28958.17,9687.09,297308.9,24,1,10420.66,no,HIGH_RISK
47,self_employed,29757.13,11.08,3182.05,2719.72,140885.96,23,4,21737.37,yes,HIGH_RISK
34,unemployed,241.86,0.11,51280.06,330.93,307217.12,24,2,16393.49,yes,HIGH_RISK
33,unemployed,2134.13,0.73,197261.49,0.0,311529.86,13,1,8411.75,no,HIGH_RISK
33,self_employed,36593.04,3.28,22925.41,6714.08,66756.99,11,2,93396.0,no,HIGH_RISK
58,contractual,24834.46,19.58,43389.06,16000.37,188873.57,24,2,3281.29,yes,HIGH_RISK
39,regular,26393.94,2.32,65371.54,14514.43,270520.51,19,1,37454.19,no,HIGH_RISK
58,unemployed,4416.41,0.0,27346.18,496.89,93435.25,24,3,0.0,no,HIGH_RISK
26,contractual,75406.28,3.19,19587.41,41450.92,140073.48,18,1,28691.72,no,HIGH_RISK
33,unemployed,3428.72,0.16,74770.01,651.61,58021.25,24,1,84420.6,yes,HIGH_RISK
22,contractual,49886.75,0.75,53671.73,24150.96,12610.27,37,3,26403.87,no,HIGH_RISK
31,self_employed,11518.98,1.86,35995.5,6288.67,242636.01,23,4,3383.82,no,HIGH_RISK
51,contractual,30431.6,12.33,78516.9,17561.32,68734.47,12,3,24472.25,no,HIGH_RISK
31,self_employed,10331.48,2.61,35178.46,5924.12,237624.68,24,4,1036.48,no,HIGH_RISK
40,contractual,31971.89,2.12,8422.04,16627.01,123210.95,25,3,21478.18,yes,HIGH_RISK
59,regular,42497.06,19.72,91499.38,12318.53,222989.83,24,2,22076.84,yes,HIGH_RISK
59,contractual,27818.03,9.89,23320.57,4431.35,58023.33,12,0,11803.45,no,HIGH_RISK
33,unemployed,0.0,0.28,57123.41,1034.08,57056.22,35,1,37823.09,yes,HIGH_RISK
39,regular,71674.94,6.68,51052.3,4633.94,72212.72,12,1,26731.5,no,HIGH_RISK
42,regular,12059.07,7.02,35929.33,5230.73,181714.79,12,1,20548.47,yes,HIGH_RISK
31,contractual,13391.22,4.96,42385.73,8035.66,36894.84,23,1,37151.58,no,HIGH_RISK
40,contractual,33955.24,3.08,106434.14,15523.58,139039.29,23,2,1453.97,no,HIGH_RISK
56,unemployed,0.0,0.0,107610.97,124.97,51049.51,24,2,16654.84,no,HIGH_RISK
63,self_employed,17499.06,11.53,12213.16,5828.13,54852.61,23,1,43167.15,yes,HIGH_RISK
36,regular,45225.81,3.58,50416.4,5587.96,54751.82,23,0,31094.11,no,HIGH_RISK
37,regular,31460.89,2.15,67995.18,15334.17,261195.11,19,1,34563.99,no,HIGH_RISK
26,regular,17743.82,1.8,34408.06,9122.96,177602.5,36,2,11994.04,yes,HIGH_RISK
59,regular,52753.14,6.4,80589.73,5589.63,28120.93,19,1,6607.99,yes,HIGH_RISK
39,contractual,23328.45,3.5,13011.07,10670.41,39325.99,12,3,34226.2,yes,HIGH_RISK
45,contractual,83014.57,10.95,46773.99,32856.91,54639.97,18,2,9421.63,no,HIGH_RISK
21,unemployed,5492.41,0.44,32174.29,2938.63,71050.36,18,3,4915.95,no,HIGH_RISK
24,contractual,52057.78,0.72,55609.76,23125.17,18086.24,37,3,31364.46,no,HIGH_RISK
33,unemployed,2587.96,0.0,192461.52,130.02,327131.32,13,1,8568.57,no,HIGH_RISK
34,regular,50756.78,5.26,21361.5,28928.84,31243.75,25,4,9454.18,no,HIGH_RISK
54,unemployed,7783.13,0.2,72104.05,2970.6,332252.26,12,3,33222.29,yes,HIGH_RISK
23,regular,46965.85,1.72,13953.03,24739.16,87273.61,23,4,5725.62,no,HIGH_RISK
58,unemployed,11238.57,0.0,26434.97,5464.11,145778.92,25,0,742.69,yes,HIGH_RISK
23,regular,19587.77,1.28,68757.53,7592.16,98570.39,19,1,7026.56,yes,HIGH_RISK
42,regular,12542.4,10.22,6985.54,3321.77,114594.09,13,0,32969.82,no,HIGH_RISK
42,unemployed,1148.96,0.0,71295.17,1481.56,46521.55,36,0,60.95,no,HIGH_RISK
40,contractual,32680.33,1.84,8734.53,16774.84,125618.95,25,3,17814.77,yes,HIGH_RISK
21,self_employed,28982.21,1.03,6334.85,6004.15,89225.89,25,1,10834.65,no,HIGH_RISK
32,unemployed,2011.88,0.0,192207.73,646.9,317685.76,12,1,6399.76,no,HIGH_RISK
33,unemployed,2779.24,0.47,5686.18,1091.09,31528.46,36,1,17913.67,no,HIGH_RISK
55,regular,21043.66,7.5,11354.6,4187.25,18786.02,12,0,39828.39,no,HIGH_RISK
36,contractual,52829.71,8.05,22837.58,26075.16,86545.35,23,1,12312.29,no,HIGH_RISK
49,regular,22395.39,2.82,38686.2,2792.15,21966.16,36,2,6144.55,yes,HIGH_RISK
60,regular,43333.5,20.26,92908.27,11702.36,222078.83,24,2,24851.34,yes,HIGH_RISK
23,contractual,30256.28,0.59,77150.87,18731.37,42903.47,6,4,20332.86,yes,HIGH_RISK
24,contractual,47162.82,0.0,53072.59,23056.4,12046.88,36,3,26471.77,no,HIGH_RISK
23,unemployed,4914.17,0.66,15598.56,488.86,136806.34,12,0,60216.46,no,HIGH_RISK
40,self_employed,94415.23,2.71,54906.56,18825.02,76782.71,25,1,31396.44,yes,HIGH_RISK
64,unemployed,2477.77,0.5,32801.67,1042.23,175692.25,25,1,39807.93,no,HIGH_RISK
45,regular,14223.13,13.6,21625.0,7339.17,165657.94,25,2,9199.34,no,HIGH_RISK
35,contractual,31699.53,1.96,32640.04,13606.72,398162.44,13,1,10880.87,no,HIGH_RISK
57,regular,24293.33,1.76,65758.02,13344.94,125034.13,11,0,32004.64,no,HIGH_RISK
41,regular,10432.9,7.61,32050.65,4713.92,182847.83,11,1,23513.11,yes,HIGH_RISK
25,contractual,51866.49,2.72,31602.75,26448.15,53725.53,19,2,2905.92,yes,HIGH_RISK
50,regular,43422.99,15.14,36752.7,10247.01,94480.03,25,2,16908.62,yes,HIGH_RISK
27,unemployed,2903.59,0.82,11844.14,0.0,39991.92,37,1,19979.78,no,HIGH_RISK
65,contractual,35168.54,15.45,14902.42,16188.12,113937.56,24,1,65991.94,yes,HIGH_RISK
37,regular,18072.02,3.51,33717.87,9134.49,325659.05,23,4,65765.54,yes,HIGH_RISK
56,regular,17231.05,8.53,12942.62,3252.6,19441.97,12,0,39991.6,no,HIGH_RISK
64,unemployed,7224.32,0.0,33590.85,1605.45,174057.1,24,1,37885.79,no,HIGH_RISK
25,contractual,18953.02,2.48,20697.89,9926.75,33905.15,13,2,10575.67,no,HIGH_RISK
21,contractual,21036.22,0.68,23232.8,10978.18,81508.49,25,1,54507.01,no,HIGH_RISK
56,contractual,18213.89,9.68,108660.37,10320.52,105887.25,13,3,29296.56,yes,HIGH_RISK
47,self_employed,40628.42,1.78,12753.45,20782.07,29447.27,24,2,6001.44,no,HIGH_RISK
30,self_employed,10130.41,2.1,41523.18,7140.74,230291.89,23,4,2413.31,no,HIGH_RISK
66,unemployed,7095.57,0.0,91533.77,2586.21,32198.97,12,1,58801.82,no,HIGH_RISK
42,unemployed,4891.53,0.64,46407.35,2868.27,56428.95,11,0,9918.23,no,HIGH_RISK
32,contractual,16039.92,4.25,45837.55,9000.74,41750.46,25,1,32682.1,no,HIGH_RISK
22,unemployed,7796.26,0.68,10653.05,2136.46,1000.0,6,1,59378.93,yes,HIGH_RISK
50,contractual,31011.72,3.19,36230.35,18495.31,125675.56,24,1,22108.62,no,HIGH_RISK
53,regular,18881.37,8.07,5312.26,2769.7,9299.91,12,0,38636.09,no,HIGH_RISK
24,regular,44734.16,1.59,18486.5,24323.77,80841.84,24,4,6885.52,no,HIGH_RISK
21,contractual,17756.17,0.3,32634.05,10398.4,86260.53,23,1,56017.48,no,HIGH_RISK
48,regular,21752.58,14.31,27613.07,8530.84,393376.64,11,2,3245.15,no,HIGH_RISK
42,self_employed,56215.01,2.71,20686.35,30787.08,61842.95,36,3,2463.79,no,HIGH_RISK
35,contractual,16729.33,3.7,34998.06,7943.08,147329.33,12,2,27973.1,yes,HIGH_RISK
52,regular,19595.49,2.67,35489.25,4121.57,15697.7,37,2,9466.85,yes,HIGH_RISK
63,contractual,33208.43,16.74,75075.75,16071.65,68163.62,23,4,10915.19,yes,HIGH_RISK
25,contractual,51874.71,2.66,36459.86,26977.87,62748.43,18,2,4553.23,yes,HIGH_RISK
24,self_employed,9106.28,1.83,40354.09,5701.76,23754.8,23,2,12942.18,no,HIGH_RISK
58,regular,52333.26,5.89,84443.96,4977.84,30419.57,18,1,3375.4,yes,HIGH_RISK
57,contractual,18303.01,9.32,112746.81,10613.49,108793.14,10,3,32353.84,yes,HIGH_RISK
50,regular,19227.06,2.24,35093.7,3112.29,11499.37,37,2,9389.25,yes,HIGH_RISK
54,unemployed,6430.4,0.42,47223.61,2454.05,14528.08,12,0,25100.88,no,HIGH_RISK
31,self_employed,11333.65,2.49,40320.06,5177.13,229112.11,22,4,1903.22,no,HIGH_RISK
46,contractual,17982.98,10.97,24407.67,5790.28,181114.56,11,2,15747.88,no,HIGH_RISK
65,unemployed,3235.08,0.41,93481.86,886.09,53021.91,35,2,12226.12,no,HIGH_RISK
46,unemployed,4312.15,0.0,142170.52,2051.63,30500.25,36,0,19512.05,no,HIGH_RISK
56,regular,26987.9,2.27,57904.48,12705.5,126954.19,12,0,35204.88,no,HIGH_RISK
23,unemployed,4456.23,0.0,16592.88,945.7,137959.04,12,0,57936.77,no,HIGH_RISK
27,unemployed,3580.68,0.12,22012.13,2174.52,382524.02,35,1,32923.02,no,HIGH_RISK
51,contractual,31518.23,2.92,34280.38,15555.19,119144.27,23,1,21021.14,no,HIGH_RISK
56,unemployed,4178.41,0.0,90483.16,394.76,70596.99,7,0,88139.55,no,HIGH_RISK
57,contractual,17281.3,9.17,109756.4,10605.88,102623.04,13,3,30836.96,yes,HIGH_RISK
27,regular,24076.0,2.47,106208.4,8382.41,26149.79,36,1,5592.14,no,HIGH_RISK
22,contractual,47862.01,1.25,55893.87,25202.89,16728.08,36,3,27779.2,no,HIGH_RISK
53,unemployed,7071.56,0.24,47913.18,2526.36,17869.75,11,0,23835.69,no,HIGH_RISK
53,contractual,16823.03,12.49,15704.64,9039.55,98087.9,36,2,103395.47,no,HIGH_RISK
45,regular,17031.16,9.53,38791.28,1932.43,16476.11,24,1,20143.91,no,HIGH_RISK
55,contractual,50212.8,10.7,94764.28,12751.09,106083.79,12,0,27762.44,no,HIGH_RISK
62,unemployed,7846.89,0.0,24318.43,2538.44,151342.63,24,0,177.28,yes,HIGH_RISK
32,regular,49322.22,5.41,16683.87,29219.71,32965.62,24,4,5963.13,no,HIGH_RISK
42,unemployed,2028.26,0.0,29928.05,1302.88,76270.33,11,2,2347.59,no,HIGH_RISK
37,regular,64911.64,9.18,16645.7,14016.02,184385.75,37,1,13397.14,yes,HIGH_RISK
21,contractual,19276.91,0.14,30739.54,10525.63,91575.58,24,1,54852.12,no,HIGH_RISK
58,unemployed,2493.35,0.16,39737.26,0.0,126971.84,37,1,6562.02,no,HIGH_RISK
54,contractual,8742.96,10.7,100082.07,5007.01,54845.48,36,1,23388.19,yes,HIGH_RISK
23,contractual,30278.55,1.21,56162.43,14267.02,26593.68,25,2,55496.7,no,HIGH_RISK
29,contractual,20505.3,2.15,70765.16,11117.1,56317.1,13,3,5505.41,no,HIGH_RISK
22,contractual,31200.67,0.65,79434.98,18816.3,28563.87,6,4,19761.42,yes,HIGH_RISK
45,regular,19158.6,4.21,41538.99,10034.92,98945.2,35,2,40856.3,no,HIGH_RISK
65,contractual,37155.67,16.4,13619.04,13765.85,114398.39,24,1,65336.07,yes,HIGH_RISK
27,regular,20232.97,2.92,100572.33,8545.83,21457.74,36,1,4880.89,no,HIGH_RISK
35,contractual,15441.27,3.3,30852.02,8375.71,138042.51,12,2,25768.2,yes,HIGH_RISK
43,self_employed,45756.01,5.56,26109.05,9246.27,208162.51,12,0,14107.9,no,HIGH_RISK
39,regular,61093.89,8.58,15056.59,15870.04,176181.97,37,1,10364.74,yes,HIGH_RISK
23,contractual,17329.21,1.94,23714.16,10642.84,30292.59,12,2,10217.13,no,HIGH_RISK
27,unemployed,0.0,0.49,78225.2,0.0,62635.52,19,1,29529.84,yes,HIGH_RISK
24,self_employed,8164.06,2.67,35560.13,3983.24,36940.64,23,2,20612.17,no,HIGH_RISK
37,regular,63169.88,9.59,18554.01,14096.77,185769.31,37,1,12501.52,yes,HIGH_RISK
39,contractual,14822.15,2.52,14066.37,7127.41,77946.69,12,0,28952.84,no,HIGH_RISK
41,regular,8083.85,6.8,33386.96,4551.73,185012.99,13,1,23648.73,yes,HIGH_RISK
37,contractual,53023.21,7.36,22871.97,25546.21,83544.3,25,1,14774.07,no,HIGH_RISK
65,unemployed,5620.32,0.0,75499.32,477.74,106709.13,18,2,52641.88,no,HIGH_RISK
54,self_employed,9599.15,4.02,59902.99,7222.64,42712.83,18,4,14681.0,no,HIGH_RISK
29,unemployed,6256.58,0.0,14763.05,3118.0,21350.97,7,1,12265.74,no,HIGH_RISK
48,regular,11343.07,9.59,73523.04,4888.5,403550.23,18,2,11092.41,no,HIGH_RISK
32,contractual,47542.63,1.19,56186.19,14705.91,91787.61,7,0,34840.63,yes,HIGH_RISK
41,contractual,30594.52,2.86,4038.0,15578.74,134814.06,24,3,22638.54,yes,HIGH_RISK
45,regular,11814.33,13.22,17962.35,6530.38,153913.13,23,2,10071.99,no,HIGH_RISK
38,contractual,15597.56,2.61,12569.73,7234.88,73592.7,11,0,28018.09,no,HIGH_RISK
26,contractual,14886.57,0.35,129419.57,6384.16,36185.14,12,0,33474.72,yes,HIGH_RISK
46,regular,15046.52,13.81,20744.78,5813.11,158121.18,24,2,10389.72,no,HIGH_RISK
22,regular,22440.55,0.74,64665.16,7765.77,106288.69,18,1,2672.89,yes,HIGH_RISK
62,regular,57261.36,7.83,20052.42,14492.22,140414.04,13,1,46245.43,no,HIGH_RISK
54,contractual,27344.48,2.32,68017.14,16247.2,27385.16,24,2,6928.18,yes,HIGH_RISK
58,contractual,51260.69,11.24,99294.18,12962.07,104326.12,11,0,27060.1,no,HIGH_RISK
52,contractual,32975.25,2.89,29346.2,16963.55,120289.33,24,1,18712.59,no,HIGH_RISK
32,unemployed,6721.6,0.0,69024.9,1825.03,67278.7,24,1,82830.24,yes,HIGH_RISK
29,contractual,14388.1,0.49,134336.13,6032.65,31425.11,12,0,33539.39,yes,HIGH_RISK
43,self_employed,21891.56,5.3,40773.05,9719.52,100703.61,18,1,11441.1,no,HIGH_RISK
41,contractual,26457.11,3.6,12336.77,11984.96,39064.25,12,3,35559.14,yes,HIGH_RISK
57,unemployed,1828.96,0.85,103607.1,239.23,62736.39,24,2,19204.11,no,HIGH_RISK
37,regular,27212.75,2.82,68992.39,14044.49,270499.15,18,1,35400.31,no,HIGH_RISK
37,regular,28036.88,2.71,73137.24,14961.45,272413.21,19,1,33796.02,no,HIGH_RISK
34,contractual,13146.69,3.04,34444.8,8192.91,145789.96,13,2,25064.2,yes,HIGH_RISK
28,contractual,76005.73,3.34,12489.48,40410.5,134081.23,18,1,29813.39,no,HIGH_RISK
57,contractual,25990.5,9.75,26123.3,2809.1,60116.07,12,0,14617.52,no,HIGH_RISK
40,contractual,13647.82,2.66,19346.8,7867.55,87457.36,11,0,29896.06,no,HIGH_RISK
19,regular,14940.17,0.3,173150.24,5469.24,23150.68,19,1,29226.53,yes,HIGH_RISK
45,contractual,83462.35,11.24,47277.91,34756.15,57074.84,19,2,12963.32,no,HIGH_RISK
38,regular,59555.61,2.85,62282.31,6821.51,43574.84,19,2,11785.1,no,HIGH_RISK
24,contractual,46287.5,0.97,56921.25,23646.28,18045.76,34,3,30184.33,no,HIGH_RISK
39,self_employed,37756.38,1.54,20966.56,2407.08,12490.3,24,0,13453.1,yes,HIGH_RISK
49,regular,20279.93,3.28,33714.1,3969.61,20906.53,36,2,7202.77,yes,HIGH_RISK
44,unemployed,3374.73,0.18,7273.23,240.55,99591.23,24,0,5214.32,no,HIGH_RISK
41,unemployed,1810.56,1.12,46715.21,1471.47,47000.3,12,0,11956.23,no,HIGH_RISK
30,regular,39208.02,1.12,13892.29,18191.79,257868.53,18,2,24868.89,no,HIGH_RISK
32,unemployed,4486.03,0.41,186487.74,298.87,320452.27,12,1,5704.94,no,HIGH_RISK
55,unemployed,7108.91,0.0,66974.51,2796.62,323436.51,11,3,29491.25,yes,HIGH_RISK
55,contractual,48064.43,15.6,22280.04,22611.02,37293.95,12,3,16683.17,no,HIGH_RISK
24,unemployed,3868.62,0.0,27201.4,2610.38,79118.62,24,2,43343.99,no,HIGH_RISK
50,regular,23537.43,5.1,29040.14,12023.06,65240.56,19,2,8519.56,no,HIGH_RISK
41,regular,24616.48,7.49,20367.92,2308.19,65287.88,7,1,20914.04,no,HIGH_RISK
37,self_employed,36260.62,3.89,64566.28,8646.9,154587.16,13,2,32993.18,no,HIGH_RISK
21,unemployed,6190.93,0.0,17398.69,1479.39,133356.51,12,0,61019.12,no,HIGH_RISK
54,unemployed,6587.7,0.0,69604.86,829.71,327979.12,13,3,33737.65,yes,HIGH_RISK
46,unemployed,7391.79,0.0,144005.31,569.15,29567.41,35,0,21353.26,no,HIGH_RISK
59,unemployed,3945.57,0.66,35539.01,1707.29,53215.62,13,2,25247.11,no,HIGH_RISK
57,regular,51131.05,5.9,86933.97,6280.03,40826.09,20,1,5166.94,yes,HIGH_RISK
47,self_employed,32684.26,10.65,114.77,5175.04,126249.18,24,4,20593.32,yes,HIGH_RISK
54,unemployed,7365.11,0.47,51481.69,2968.73,9635.02,13,0,23273.74,no,HIGH_RISK
63,contractual,11973.27,5.82,47079.72,5251.74,35299.08,24,0,46873.8,no,HIGH_RISK
57,contractual,24811.06,3.12,28575.76,7674.94,308203.57,24,1,8748.4,no,HIGH_RISK
50,regular,40971.34,15.34,31608.85,10253.92,98383.54,24,2,16636.92,yes,HIGH_RISK
36,contractual,15252.26,3.37,32967.77,9667.57,141332.61,12,2,27279.0,yes,HIGH_RISK
31,contractual,21668.41,3.2,70572.25,11746.72,45014.01,12,3,2891.13,no,HIGH_RISK
22,unemployed,3502.36,0.0,30993.45,1386.94,72684.27,24,2,45949.48,no,HIGH_RISK
46,self_employed,37158.85,1.66,4542.68,20370.33,38412.19,25,2,4921.77,no,HIGH_RISK
23,contractual,32105.45,1.34,53376.95,15276.35,26987.75,24,2,53324.41,no,HIGH_RISK
39,contractual,9948.13,0.82,92947.39,5826.91,216754.58,17,0,23267.67,yes,HIGH_RISK
42,regular,23045.01,7.28,21206.38,2878.58,55456.87,7,1,21348.37,no,HIGH_RISK
44,regular,17251.2,9.28,42934.03,471.68,6246.41,23,1,25237.03,no,HIGH_RISK
58,contractual,28742.58,2.94,25814.48,8032.44,301015.08,24,1,12705.06,no,HIGH_RISK
31,self_employed,16218.08,1.89,32537.54,5785.44,226823.28,24,4,2128.25,no,HIGH_RISK
27,contractual,77034.95,3.34,17877.59,39672.97,134654.12,18,1,31453.12,no,HIGH_RISK
37,self_employed,33618.87,0.89,20423.98,1501.74,20833.64,23,0,16902.65,yes,HIGH_RISK
33,self_employed,41466.01,2.06,23803.38,22062.7,222875.3,35,2,14316.46,no,HIGH_RISK
21,self_employed,30078.76,0.72,0.0,6798.7,94708.08,23,1,10982.91,no,HIGH_RISK
63,contractual,11741.16,7.02,39806.82,4380.78,42494.24,24,0,46906.43,no,HIGH_RISK
48,self_employed,41538.35,1.69,8283.83,21546.65,40019.81,25,2,9112.35,no,HIGH_RISK
37,contractual,50143.24,2.67,48204.32,25857.29,98449.07,23,2,7612.82,no,HIGH_RISK
30,self_employed,12263.04,2.16,37052.72,6384.19,226239.85,25,4,4348.15,no,HIGH_RISK
65,unemployed,6709.87,0.1,33745.05,595.42,181510.46,25,1,39958.94,no,HIGH_RISK
44,contractual,80291.04,11.09,44768.36,32820.66,62778.45,18,2,7586.55,no,HIGH_RISK
24,contractual,29963.06,1.61,83863.27,17568.36,32785.01,6,4,23265.36,yes,HIGH_RISK
48,self_employed,40257.02,1.0,9565.41,21066.59,30153.18,23,2,6725.41,no,HIGH_RISK
57,unemployed,4160.98,0.87,8728.62,202.61,117895.93,24,3,25982.83,no,HIGH_RISK
32,self_employed,31564.97,4.05,22711.39,7574.0,64726.46,13,2,93265.48,no,HIGH_RISK
33,contractual,46453.41,1.11,56173.17,13793.35,87886.25,6,0,39080.53,yes,HIGH_RISK
53,unemployed,5137.34,0.77,68940.6,1349.58,329818.38,11,3,32335.67,yes,HIGH_RISK
38,self_employed,31055.43,3.36,62934.72,8295.52,153531.24,12,2,31382.13,no,HIGH_RISK
25,unemployed,2944.21,0.09,21206.75,581.78,16195.02,35,2,2376.67,no,HIGH_RISK
44,contractual,80065.75,10.55,44350.61,33875.41,49723.12,18,2,8865.75,no,HIGH_RISK
44,self_employed,31570.86,12.0,7174.74,4010.35,139832.42,23,4,19287.33,yes,HIGH_RISK
62,regular,49387.12,5.49,15053.79,8515.8,112253.43,23,2,65303.89,yes,HIGH_RISK
33,contractual,48926.17,0.58,57121.37,13258.03,83863.56,6,0,35359.35,yes,HIGH_RISK
64,unemployed,1043.99,0.0,94961.33,115.93,59309.73,37,2,9063.33,no,HIGH_RISK
43,contractual,19645.93,6.17,77486.53,10924.71,218638.91,20,1,13166.67,yes,HIGH_RISK
60,regular,45353.57,20.71,96581.72,10147.44,220483.14,23,2,25353.02,yes,HIGH_RISK
54,regular,23685.58,15.35,72378.8,13832.59,46004.89,12,0,5764.63,no,HIGH_RISK
26,self_employed,41522.56,2.14,58715.86,6133.72,15783.28,18,2,92853.73,no,HIGH_RISK
34,regular,60185.86,6.45,68774.86,35086.46,28469.26,25,0,36655.85,no,HIGH_RISK
27,regular,20265.36,2.68,106164.0,8826.61,16192.75,34,1,7708.37,no,HIGH_RISK
38,self_employed,76840.78,3.41,40192.29,30600.16,35884.06,18,1,13090.55,no,HIGH_RISK
26,unemployed,6225.26,0.0,16523.99,0.0,33301.3,36,2,4227.59,no,HIGH_RISK
40,regular,75434.44,6.17,53679.46,5396.68,76585.48,11,1,28788.17,no,HIGH_RISK
39,regular,28642.7,2.9,70535.43,13647.98,257338.94,17,1,35823.91,no,HIGH_RISK
33,contractual,49826.84,1.52,59234.74,13238.82,92468.12,6,0,37173.54,yes,HIGH_RISK
48,contractual,16732.9,11.25,28624.21,5589.68,164019.11,12,2,15512.24,no,HIGH_RISK
33,unemployed,5106.12,0.43,71432.81,369.18,52399.42,25,1,81125.38,yes,HIGH_RISK
50,regular,16137.44,14.31,27188.76,8929.01,385495.46,12,2,2556.02,no,HIGH_RISK
66,unemployed,8824.52,0.05,90907.95,2378.32,41913.78,13,1,62555.92,no,HIGH_RISK
31,contractual,31846.41,6.16,64397.3,11168.89,5026.96,18,0,27759.51,yes,HIGH_RISK
40,contractual,26519.14,2.62,1577.16,16395.94,129487.9,24,3,20290.43,yes,HIGH_RISK
23,contractual,48402.12,1.49,53963.56,23412.83,21924.7,36,3,28235.15,no,HIGH_RISK
36,contractual,54759.07,8.26,26970.4,26440.22,96145.02,24,1,14646.84,no,HIGH_RISK
31,self_employed,12382.55,2.37,35593.28,5371.06,234204.36,25,4,3953.12,no,HIGH_RISK
45,contractual,17116.3,11.43,27661.78,5983.49,171809.58,12,2,13260.26,no,HIGH_RISK
29,self_employed,12947.09,2.93,35746.56,6043.08,233296.49,23,4,1727.87,no,HIGH_RISK
63,regular,49493.26,6.53,20231.33,7696.04,104731.77,24,2,60803.85,yes,HIGH_RISK
43,regular,11550.43,10.11,5653.03,2420.47,113171.96,12,0,34317.28,no,HIGH_RISK
28,contractual,20458.06,1.75,69735.71,9117.69,53662.64,13,3,3323.36,no,HIGH_RISK
21,unemployed,8403.0,0.0,9333.17,1539.63,15166.96,6,1,54663.04,yes,HIGH_RISK
51,regular,41951.31,15.65,32538.06,11088.01,104362.9,24,2,17865.67,yes,HIGH_RISK
33,unemployed,2666.72,0.19,50846.69,0.0,63002.29,37,1,36774.22,yes,HIGH_RISK
36,regular,43446.29,2.99,51244.43,5831.92,54730.28,24,0,31506.23,no,HIGH_RISK
52,regular,28786.59,5.0,31019.03,12293.78,37700.7,18,0,34678.64,no,HIGH_RISK
60,unemployed,9839.27,0.83,25389.74,3783.83,138796.88,25,0,0.0,yes,HIGH_RISK
55,contractual,18893.91,12.91,19007.91,9501.65,94903.55,35,2,105244.4,no,HIGH_RISK
53,self_employed,10615.8,4.61,57726.26,8029.23,39372.69,19,4,13406.41,no,HIGH_RISK
59,unemployed,4840.87,0.0,32000.82,2343.12,51026.22,12,2,26024.91,no,HIGH_RISK
53,unemployed,4638.17,0.0,108884.62,507.19,59082.44,25,2,20262.07,no,HIGH_RISK
22,contractual,16361.72,0.57,25089.92,10955.42,33086.15,12,2,12450.4,no,HIGH_RISK
59,unemployed,7302.77,0.27,36516.23,1430.2,65855.73,12,2,24217.16,no,HIGH_RISK
44,regular,16319.24,3.98,39294.52,10637.17,107010.41,36,2,45914.64,no,HIGH_RISK
51,regular,44178.37,15.61,26861.2,10454.91,112840.78,25,2,15537.79,yes,HIGH_RISK
37,self_employed,74920.95,2.99,35392.0,30753.44,39756.14,18,1,15024.58,no,HIGH_RISK
45,contractual,80082.49,11.03,50327.47,33502.82,61522.34,18,2,8483.73,no,HIGH_RISK
53,regular,23995.31,15.06,71997.88,13544.98,49723.28,13,0,9700.75,no,HIGH_RISK
41,contractual,29965.37,2.14,8137.64,15418.67,121422.5,24,3,19946.72,yes,HIGH_RISK
44,contractual,82499.43,11.03,41872.7,33013.89,52730.41,18,2,7382.36,no,HIGH_RISK
25,unemployed,5657.82,0.0,16712.29,0.0,26987.92,35,2,3097.82,no,HIGH_RISK
25,contractual,28452.31,1.86,80908.21,17770.52,34747.28,7,4,15436.51,yes,HIGH_RISK
54,unemployed,5626.44,0.0,20583.33,1531.79,19009.58,12,1,1085.19,no,HIGH_RISK
29,contractual,19299.13,2.32,70413.58,11128.5,56652.09,13,3,4770.44,no,HIGH_RISK
55,contractual,19290.23,11.47,14435.28,9900.95,93548.9,36,2,102384.79,no,HIGH_RISK
34,contractual,32007.59,1.83,34613.81,12093.58,391214.79,12,1,8367.95,no,HIGH_RISK
58,unemployed,788.01,0.0,17203.26,0.0,47566.18,24,0,35438.57,yes,HIGH_RISK
23,regular,46834.71,1.25,7167.47,24067.5,81454.63,26,4,6058.94,no,HIGH_RISK
56,contractual,22591.09,8.6,114505.98,9633.08,95393.28,10,3,30768.08,yes,HIGH_RISK
40,regular,46110.66,5.2,23468.06,23187.92,30276.03,6,3,8798.23,no,HIGH_RISK
27,self_employed,36806.57,1.47,56806.76,6483.65,14210.64,18,2,90413.19,no,HIGH_RISK
38,self_employed,77157.19,2.64,37584.05,28936.72,38950.11,18,1,11317.88,no,HIGH_RISK
41,regular,24379.94,1.21,14368.73,4482.36,95605.17,11,1,10869.43,no,LOW_RISK
26,regular,10586.12,2.55,20929.67,2652.55,35418.41,6,1,49424.13,yes,LOW_RISK
35,regular,38566.08,7.45,30638.73,12803.86,85940.83,13,0,5732.29,yes,LOW_RISK
47,regular,25025.28,5.12,12930.06,2911.15,21057.13,19,1,23098.79,no,LOW_RISK
59,regular,21749.35,2.84,78867.66,1582.26,67437.43,24,0,13520.7,yes,LOW_RISK
50,self_employed,38814.96,11.71,45301.85,7104.36,165963.07,18,1,49983.56,no,LOW_RISK
61,regular,27785.48,21.37,91966.01,13047.6,85107.69,24,0,4191.29,no,LOW_RISK
62,regular,37906.76,7.13,109192.6,953.37,111873.3,19,0,43500.09,yes,LOW_RISK
27,self_employed,19217.8,3.89,21651.13,2994.29,10721.26,12,0,18330.06,yes,LOW_RISK
65,self_employed,62536.93,25.41,38906.25,15385.2,71841.58,13,2,11680.36,yes,LOW_RISK
46,regular,18760.76,8.26,78978.2,1684.36,76690.0,23,3,44395.76,yes,LOW_RISK
57,contractual,16963.45,10.88,9537.43,1739.98,61961.95,11,0,126157.98,no,LOW_RISK
45,regular,68965.47,12.66,19847.1,6369.73,88848.28,18,1,7732.76,no,LOW_RISK
60,regular,30770.19,7.52,123129.66,8006.19,15097.38,24,0,35232.27,no,LOW_RISK
21,regular,70279.26,0.28,14173.16,8214.54,17162.46,8,1,26710.08,no,LOW_RISK
57,regular,49041.24,6.07,11562.82,19670.67,106473.32,23,1,1200.02,no,LOW_RISK
52,contractual,65885.79,13.36,3187.88,4761.07,37353.02,6,0,14509.53,no,LOW_RISK
61,regular,42458.38,18.72,63670.62,13561.15,37169.38,24,0,16617.87,no,LOW_RISK
40,regular,17809.75,5.68,14903.46,132.33,48732.8,6,1,20625.7,yes,LOW_RISK
27,regular,7921.95,1.86,32623.92,3991.69,39179.38,13,0,8605.91,yes,LOW_RISK
52,regular,123634.6,1.99,85654.24,30872.47,57071.92,13,0,13518.4,no,LOW_RISK
62,self_employed,24255.54,9.84,285.82,4374.46,63347.44,6,1,1872.43,no,LOW_RISK
27,regular,46056.42,2.55,70842.01,13650.28,70570.39,19,1,79321.17,yes,LOW_RISK
43,regular,32242.05,8.06,27692.15,6455.88,101993.31,13,1,1588.55,yes,LOW_RISK
37,regular,23839.47,7.25,25711.1,12133.61,12663.65,24,0,75609.86,yes,LOW_RISK
36,regular,27740.17,3.91,25428.11,6648.09,32313.02,23,0,2852.3,yes,LOW_RISK
64,regular,38401.36,14.15,23689.31,3263.99,73754.95,6,1,33505.69,yes,LOW_RISK
59,regular,51347.13,5.92,49566.31,17749.56,49711.6,36,1,15872.32,no,LOW_RISK
54,contractual,50389.87,4.89,47863.55,10814.38,79842.92,37,0,10819.53,no,LOW_RISK
41,regular,8100.85,4.9,8204.82,4800.8,20059.35,23,1,20893.06,yes,LOW_RISK
35,regular,21387.82,6.56,21190.26,2882.09,81281.98,17,0,22413.03,no,LOW_RISK
43,regular,43117.05,8.82,13044.42,4074.73,53097.62,13,2,18600.72,no,LOW_RISK
35,regular,35322.34,1.23,24165.47,1519.8,99195.59,13,0,7907.91,no,LOW_RISK
39,regular,35372.79,5.4,104514.76,7679.84,128380.91,12,0,6552.23,yes,LOW_RISK
46,regular,20589.01,9.38,44580.41,3697.77,131803.48,25,3,13244.08,no,LOW_RISK
37,regular,31462.3,7.24,14012.04,2811.09,101841.93,24,2,15101.9,no,LOW_RISK
49,regular,13610.91,4.73,74672.14,2425.19,21134.24,25,2,44147.3,yes,LOW_RISK
41,regular,46507.76,10.15,45279.43,13782.8,96168.8,24,2,51670.47,yes,LOW_RISK
49,regular,53085.58,15.73,16689.74,12180.39,62504.6,24,0,10954.22,no,LOW_RISK
28,self_employed,50049.45,0.8,16483.35,7653.02,109771.38,17,0,20253.98,no,LOW_RISK
27,regular,11287.74,1.75,37724.83,4462.85,33339.45,13,0,8348.17,yes,LOW_RISK
62,regular,17425.3,17.71,60749.67,3481.39,28637.19,17,0,8226.3,yes,LOW_RISK
43,regular,129248.66,9.36,45464.12,47463.08,154359.93,25,0,9101.08,no,LOW_RISK
57,self_employed,16345.62,12.17,28100.21,4282.74,105217.73,36,0,43540.87,no,LOW_RISK
40,regular,21188.82,1.59,8613.36,3890.71,87951.74,12,1,9169.01,no,LOW_RISK
37,regular,27293.9,9.81,9910.41,7864.49,16734.55,23,0,8658.62,yes,LOW_RISK
41,regular,53373.28,10.52,7289.31,20633.61,27829.51,24,1,15647.64,no,LOW_RISK
27,regular,36265.55,0.53,99459.27,7730.85,40879.56,24,1,28196.36,yes,LOW_RISK
45,self_employed,31702.02,3.44,52891.75,13656.21,194832.97,7,1,4547.9,yes,LOW_RISK
39,self_employed,57835.71,6.33,20988.22,9043.09,132079.61,25,1,29958.97,no,LOW_RISK
54,regular,17536.06,5.15,32339.96,2190.67,70707.61,11,0,37158.66,yes,LOW_RISK
49,contractual,12196.57,2.76,40700.51,3925.61,63088.66,6,0,10510.37,yes,LOW_RISK
49,regular,55656.73,15.9,19186.52,11767.56,71311.64,23,0,14111.42,no,LOW_RISK
47,regular,24148.42,3.49,28874.55,4315.43,14709.18,11,1,19018.2,no,LOW_RISK
36,regular,34759.05,0.25,20860.87,4738.37,22656.06,25,0,41460.25,yes,LOW_RISK
50,regular,60172.08,7.0,21566.04,8917.32,116181.27,13,3,9323.29,no,LOW_RISK
63,regular,16820.87,8.62,88500.13,2769.64,19900.55,35,2,8168.9,yes,LOW_RISK
26,self_employed,25904.71,2.47,30031.68,3501.19,25664.22,25,0,9395.73,no,LOW_RISK
57,regular,71335.06,4.0,81246.35,11381.96,109046.33,13,1,32359.69,yes,LOW_RISK
33,regular,45669.86,0.45,8446.54,8268.07,25485.33,23,1,52191.9,yes,LOW_RISK
20,regular,78996.3,0.28,51001.27,23467.5,55061.55,23,0,18403.98,no,LOW_RISK
44,self_employed,29612.31,9.17,85306.7,4590.8,20558.19,17,0,69175.94,yes,LOW_RISK
33,contractual,25868.54,6.06,71924.87,9259.96,50069.18,24,0,61611.97,yes,LOW_RISK
50,contractual,14960.24,3.82,8753.55,2131.13,72494.69,24,1,68258.61,yes,LOW_RISK
45,self_employed,82415.34,13.18,29388.79,33547.63,45427.92,6,0,56893.54,no,LOW_RISK
57,regular,23509.61,17.3,33082.03,1092.37,56958.37,23,0,50994.55,no,LOW_RISK
61,regular,52034.13,5.67,55458.22,545.15,62163.67,35,3,9879.05,yes,LOW_RISK
36,regular,36328.88,3.99,26672.44,7430.54,9516.85,12,1,42573.19,no,LOW_RISK
44,self_employed,26118.78,1.95,28497.15,4703.94,49801.0,12,2,2172.71,yes,LOW_RISK
44,regular,18893.44,4.52,85238.04,3136.88,119830.95,23,2,4552.65,yes,LOW_RISK
27,regular,30422.59,1.88,19153.75,4812.9,42308.62,11,1,31652.74,no,LOW_RISK
51,regular,41922.53,9.58,58674.91,10339.68,20860.31,25,1,54799.99,yes,LOW_RISK
47,regular,34003.1,5.08,127566.19,13085.68,55780.01,17,2,21398.07,yes,LOW_RISK
32,regular,46934.73,3.39,39312.87,17394.8,28378.25,6,0,24672.88,no,LOW_RISK
49,regular,33640.3,10.83,24418.59,10496.65,96198.74,11,3,35223.32,no,LOW_RISK
62,regular,30491.6,22.44,94558.62,12049.19,80123.87,25,0,997.67,no,LOW_RISK
26,contractual,41809.44,4.06,47657.64,3035.31,56264.58,23,1,2057.58,yes,LOW_RISK
61,regular,48172.85,4.93,26217.76,15139.09,38463.92,24,1,14414.12,no,LOW_RISK
53,regular,15571.81,14.64,20008.8,7141.01,30491.61,13,1,23849.22,yes,LOW_RISK
28,regular,19314.1,1.49,50506.02,4770.57,87381.15,18,0,39729.22,yes,LOW_RISK
46,regular,38585.79,9.91,40755.87,9557.75,189465.65,12,0,32303.52,no,LOW_RISK
42,self_employed,32026.83,10.36,19883.83,7395.89,145908.15,12,1,35756.48,yes,LOW_RISK
57,self_employed,56948.44,19.1,37862.83,21430.05,11773.56,24,1,12061.17,yes,LOW_RISK
28,self_employed,9644.43,2.06,39274.59,285.7,43151.04,35,0,33950.28,no,LOW_RISK
40,regular,45102.57,9.58,48227.79,16137.66,104930.67,24,2,53068.18,yes,LOW_RISK
58,regular,59190.16,11.76,18648.68,13184.76,71232.12,12,2,50970.29,no,LOW_RISK
33,regular,44211.55,0.96,0.0,4826.56,30500.11,24,1,52259.32,yes,LOW_RISK
63,regular,38838.34,13.18,100966.88,4017.54,12240.1,7,1,100313.18,no,LOW_RISK
42,regular,45600.43,7.34,32740.12,16180.83,71970.41,11,1,7770.92,no,LOW_RISK
53,self_employed,75444.25,8.91,16821.5,25142.93,61601.62,17,0,44062.26,yes,LOW_RISK
49,regular,65567.5,5.16,69428.75,29282.5,123217.96,24,1,71987.39,yes,LOW_RISK
27,regular,23875.88,0.94,69253.44,6170.68,10985.69,36,1,16305.96,no,LOW_RISK
50,regular,19517.22,8.93,38796.02,7967.05,31617.23,6,1,27023.24,no,LOW_RISK
39,self_employed,31823.48,5.91,10436.76,4140.93,26548.78,24,2,18068.88,no,LOW_RISK
30,self_employed,50955.48,4.37,87369.74,4838.6,31380.46,11,0,82719.53,yes,LOW_RISK
58,contractual,28634.98,19.2,13920.86,6295.13,100500.33,11,0,30229.24,no,LOW_RISK
22,regular,25884.49,0.45,76229.04,2660.43,136598.61,24,1,61263.26,yes,LOW_RISK
57,contractual,17777.99,15.65,50901.12,233.99,90508.17,24,1,15806.29,yes,LOW_RISK
40,regular,37702.9,6.26,96507.45,8363.81,131313.55,13,0,7145.62,yes,LOW_RISK
28,regular,15694.1,0.49,50477.29,3522.16,41889.43,24,1,65441.31,no,LOW_RISK
34,regular,64081.69,2.98,74130.34,10471.87,100960.35,24,0,10933.55,no,LOW_RISK
31,regular,40306.27,6.79,56598.2,14681.57,54041.63,19,0,16795.78,yes,LOW_RISK
23,regular,72718.91,0.24,56662.79,7271.65,99518.87,12,3,6268.11,yes,LOW_RISK
35,regular,50080.33,3.42,18851.75,13169.89,101429.47,17,0,42783.08,no,LOW_RISK
54,regular,36504.86,18.42,4691.78,8197.51,54096.74,10,2,7501.18,no,LOW_RISK
66,regular,19426.39,14.37,5409.58,7369.65,27209.86,17,0,56361.2,yes,LOW_RISK
54,regular,15453.41,9.47,33080.75,4946.42,11036.7,24,1,3105.16,no,LOW_RISK
41,self_employed,34151.19,2.52,43558.03,8064.52,21283.96,13,0,43229.3,yes,LOW_RISK
22,regular,38004.18,0.0,5585.08,4754.41,140738.85,17,2,43734.33,yes,LOW_RISK
35,regular,39966.87,1.84,22221.57,2382.21,88928.43,12,0,9205.78,no,LOW_RISK
51,regular,41316.7,8.96,55786.59,11031.89,24481.09,24,1,56881.52,yes,LOW_RISK
39,self_employed,57354.38,7.34,19119.88,8783.25,127986.8,25,1,29270.24,no,LOW_RISK
61,regular,36487.99,12.19,14725.39,5491.48,19054.3,19,2,9177.67,no,LOW_RISK
29,self_employed,48136.82,5.1,83021.01,5575.47,43653.2,13,0,86213.97,yes,LOW_RISK
37,self_employed,36544.95,5.94,11083.33,3471.35,35490.42,24,2,13320.08,no,LOW_RISK
54,contractual,51650.95,5.26,10379.12,12508.41,84218.76,18,0,4106.77,no,LOW_RISK
44,regular,18575.77,4.24,9622.66,3911.5,37157.22,24,3,26885.79,no,LOW_RISK
47,regular,20485.16,15.28,19646.86,3519.97,212167.53,13,0,17788.28,no,LOW_RISK
42,regular,21029.83,1.65,11819.43,4349.37,94899.9,11,1,9078.3,no,LOW_RISK
58,regular,48351.15,19.34,57274.02,10548.92,17371.32,24,1,6944.85,yes,LOW_RISK
32,regular,83147.15,4.03,10686.53,18732.39,83211.04,6,0,15526.64,no,LOW_RISK
42,self_employed,53019.36,5.62,12532.74,13759.99,54392.48,13,0,22904.34,no,LOW_RISK
55,regular,14919.7,20.05,25648.63,4495.3,64319.49,6,2,6884.41,no,LOW_RISK
51,self_employed,36008.74,12.17,84216.1,13017.71,14474.45,13,0,0.0,no,LOW_RISK
44,regular,36764.11,10.38,39866.06,9439.54,186967.52,12,0,30445.1,no,LOW_RISK
42,self_employed,51028.78,6.3,16949.97,12243.23,60490.07,13,0,21539.06,no,LOW_RISK
64,regular,35193.43,7.27,10266.39,8083.58,97260.1,35,0,395.91,no,LOW_RISK
32,regular,31606.16,0.51,12088.33,11555.37,118824.94,37,0,1831.49,yes,LOW_RISK
37,self_employed,62602.36,4.95,64854.56,25494.69,155089.76,12,0,26212.82,yes,LOW_RISK
32,regular,40637.38,6.29,56754.19,13499.86,44702.58,17,0,19696.83,yes,LOW_RISK
47,regular,52513.99,13.69,25883.01,15223.39,110172.4,36,0,15281.44,yes,LOW_RISK
58,regular,26256.63,8.46,58332.79,8690.41,11339.96,25,1,29006.9,no,LOW_RISK
52,contractual,16054.0,16.18,27919.36,1195.8,88155.55,17,0,15575.58,yes,LOW_RISK
52,regular,15421.55,12.65,24642.09,6502.44,17476.79,23,0,22647.58,yes,LOW_RISK
34,regular,31284.28,3.24,3948.54,11124.88,74853.37,12,0,10188.17,no,LOW_RISK
41,self_employed,27907.47,10.1,27511.7,7494.04,159790.36,11,1,34822.33,yes,LOW_RISK
64,regular,21178.82,16.42,23451.78,5069.58,84832.36,37,2,24808.23,yes,LOW_RISK
39,regular,37381.66,4.52,28385.67,13913.66,95887.62,25,0,6377.04,yes,LOW_RISK
62,regular,22253.62,21.23,62197.36,4803.88,58304.17,19,0,20646.74,no,LOW_RISK
52,contractual,15335.6,15.71,22481.1,877.98,84602.82,18,0,16315.16,yes,LOW_RISK
40,self_employed,29954.88,9.66,20906.8,7232.1,156405.75,13,1,35367.34,yes,LOW_RISK
36,regular,22155.42,2.93,44444.86,6705.74,32114.38,7,3,28981.69,no,LOW_RISK
65,regular,21824.69,14.65,1464.15,7353.08,38637.07,18,0,56565.81,yes,LOW_RISK
55,regular,38778.89,6.79,15020.6,8865.0,69460.15,25,2,23510.72,no,LOW_RISK
51,regular,65108.81,3.24,65831.84,28436.19,119896.83,11,0,1756.19,yes,LOW_RISK
37,regular,14234.1,2.62,179776.51,3646.43,53173.25,12,2,23694.12,yes,LOW_RISK
30,regular,40662.41,2.33,47713.54,15042.31,94865.89,23,0,36499.73,yes,LOW_RISK
44,regular,45758.03,7.19,31214.48,17292.09,71403.61,12,1,7695.49,no,LOW_RISK
49,regular,8624.8,6.05,33847.5,1234.3,46366.2,12,1,8390.4,no,LOW_RISK
58,regular,45289.87,16.78,56074.65,18397.29,67370.09,12,0,17475.2,no,LOW_RISK
55,regular,68849.46,3.37,19199.71,14963.82,45367.01,6,0,8105.09,no,LOW_RISK
30,self_employed,12015.27,3.15,35128.6,2076.95,50476.27,36,0,35607.74,no,LOW_RISK
64,self_employed,15395.77,5.67,16184.5,4231.03,21095.08,24,0,49949.41,no,LOW_RISK
66,self_employed,29616.56,7.84,35259.98,10784.75,103029.56,19,0,14073.26,no,LOW_RISK
58,contractual,19344.12,12.45,7379.21,1559.78,45612.56,11,0,125755.48,no,LOW_RISK
57,regular,31556.25,2.02,47951.83,5105.26,6089.58,25,1,9611.84,no,LOW_RISK
59,self_employed,18776.28,18.25,9542.45,8005.71,15413.76,12,0,74566.95,no,LOW_RISK
48,regular,10266.7,13.1,24336.63,5404.54,117922.94,24,1,80020.23,no,LOW_RISK
22,regular,24733.66,0.94,5796.08,3716.06,118128.88,36,1,29803.22,yes,LOW_RISK
35,regular,22297.4,4.75,26489.43,929.44,114641.51,23,0,6518.84,no,LOW_RISK
44,regular,12113.02,9.69,85350.9,605.35,34358.54,36,1,28341.6,no,LOW_RISK
45,regular,34457.07,8.13,29826.98,5042.34,205655.87,12,3,21114.12,yes,LOW_RISK
38,regular,37413.43,3.3,33174.77,3088.14,46932.89,6,2,25915.78,yes,LOW_RISK
62,self_employed,65726.91,13.95,46887.3,26084.64,20685.36,23,0,7629.94,no,LOW_RISK
63,regular,52583.62,12.33,22346.22,12277.45,119891.71,36,3,21534.03,yes,LOW_RISK
58,self_employed,16385.74,12.26,23713.87,3169.52,104172.79,37,0,43262.14,no,LOW_RISK
57,contractual,39738.71,17.14,7704.64,10512.57,85413.31,25,0,1133.92,yes,LOW_RISK
59,regular,20769.08,5.6,52483.08,11100.73,24847.9,25,1,2522.98,yes,LOW_RISK
64,contractual,55290.86,2.97,21911.53,7015.69,49074.42,12,1,25484.43,yes,LOW_RISK
49,regular,11701.3,4.75,71590.93,1130.58,29421.93,24,2,44124.52,yes,LOW_RISK
56,regular,108035.68,5.48,141843.19,26625.81,61576.36,24,2,102914.21,no,LOW_RISK
62,regular,26981.08,22.13,95231.46,12899.05,75258.27,23,0,5315.19,no,LOW_RISK
28,regular,42023.27,1.9,55694.38,4526.4,44282.23,36,2,10422.13,no,LOW_RISK
21,regular,20844.68,0.07,10219.85,11711.27,127365.24,24,1,31635.48,no,LOW_RISK
55,regular,32901.04,18.52,4425.22,8074.6,43816.16,12,2,10370.99,no,LOW_RISK
40,regular,88724.33,10.9,19356.31,17448.39,319031.73,36,2,18391.35,yes,LOW_RISK
57,regular,33629.31,15.67,39444.96,4333.98,77726.53,17,3,1253.94,no,LOW_RISK
58,regular,18434.82,15.43,18991.15,2276.7,153461.76,35,0,55242.64,no,LOW_RISK
56,contractual,26038.65,1.45,62739.22,3858.44,100563.37,37,0,18430.24,no,LOW_RISK
35,regular,33985.37,2.79,11577.12,11962.7,72157.5,11,0,9839.29,no,LOW_RISK
44,regular,26555.98,7.65,24284.18,2744.87,401718.0,24,1,23289.13,yes,LOW_RISK
50,regular,37316.49,7.15,59057.75,3203.81,93015.84,18,1,33606.18,yes,LOW_RISK
39,regular,44534.01,9.44,46458.57,13873.18,93826.3,23,2,49998.53,yes,LOW_RISK
25,regular,66997.94,0.0,12803.33,27895.28,64767.7,25,0,12114.82,yes,LOW_RISK
26,regular,33075.06,0.94,8760.06,8474.54,103653.57,11,0,8371.38,no,LOW_RISK
58,regular,15833.32,1.18,81908.34,4254.98,42782.06,24,1,29027.86,yes,LOW_RISK
47,regular,34201.69,10.27,38716.36,11203.87,196881.39,11,0,32517.24,no,LOW_RISK
59,regular,27628.1,6.21,9272.92,2341.46,63796.05,18,0,5444.12,no,LOW_RISK
56,regular,13121.5,4.28,118116.33,791.67,79923.3,18,0,24709.15,yes,LOW_RISK
23,regular,21039.83,1.41,25031.75,4465.03,53782.19,18,1,39858.8,no,LOW_RISK
28,self_employed,28771.12,3.15,35010.57,4402.89,44943.07,37,2,19371.52,yes,LOW_RISK
57,regular,19136.59,18.65,9551.21,5023.64,32241.65,12,2,25382.43,yes,LOW_RISK
33,regular,26162.49,7.05,11040.05,1967.74,134508.42,36,2,0.0,no,LOW_RISK
34,regular,79380.87,2.14,8498.96,13422.06,68184.42,36,0,5180.18,yes,LOW_RISK
54,self_employed,19752.38,16.89,28615.19,6340.82,57278.59,13,2,25318.3,yes,LOW_RISK
47,self_employed,38328.76,13.07,130027.29,11379.35,32100.88,6,1,11563.79,yes,LOW_RISK
44,regular,67176.51,4.69,10407.5,20911.88,108403.21,37,0,8523.39,yes,LOW_RISK
42,self_employed,72371.68,6.05,125651.76,11832.1,51877.2,24,0,4384.13,no,LOW_RISK
46,self_employed,81402.85,12.57,26149.01,34448.17,37251.85,7,0,57623.56,no,LOW_RISK
25,self_employed,89392.32,1.92,20932.66,15191.72,127343.46,12,1,30552.41,no,LOW_RISK
32,regular,46615.53,2.88,29067.13,17730.04,37985.4,6,0,27920.43,no,LOW_RISK
21,regular,36153.07,0.54,26707.15,9713.42,53426.8,11,1,10177.46,no,LOW_RISK
51,regular,17722.15,3.97,4609.59,8294.69,26933.97,35,0,8224.46,yes,LOW_RISK
51,self_employed,41623.04,11.7,47672.71,7907.79,156618.06,19,1,47874.45,no,LOW_RISK
39,self_employed,29182.35,5.72,10188.59,2595.88,38042.84,25,1,15623.1,yes,LOW_RISK
59,regular,42087.63,2.21,4962.46,4625.31,154773.31,38,0,15942.25,yes,LOW_RISK
52,contractual,51351.84,5.39,54580.48,10881.41,79427.29,35,0,9194.16,no,LOW_RISK
43,regular,53527.31,9.53,7218.74,19726.14,30301.67,24,1,13185.08,no,LOW_RISK
25,regular,40486.64,1.5,8864.79,5445.95,275913.26,11,1,41165.08,no,LOW_RISK
37,regular,32730.42,6.99,75855.05,6612.9,240955.36,23,0,18002.8,no,LOW_RISK
48,regular,26728.68,13.65,37760.48,4397.17,67139.45,24,1,7817.94,no,LOW_RISK
65,self_employed,50833.99,7.05,48562.76,3441.19,47084.07,18,1,20450.23,no,LOW_RISK
60,regular,21197.72,3.43,74853.89,0.0,63779.43,24,0,14024.8,yes,LOW_RISK
56,regular,60874.44,5.25,17715.69,14513.94,264600.91,36,3,7178.45,yes,LOW_RISK
47,regular,27756.67,3.92,7852.71,3884.1,17778.75,19,1,21492.41,no,LOW_RISK
62,regular,34519.04,10.54,7715.84,3838.99,67434.47,37,0,62516.54,yes,LOW_RISK
65,self_employed,15603.4,15.55,56496.37,1865.28,98090.68,12,0,43621.8,no,LOW_RISK
61,regular,16029.21,7.27,46622.31,1182.47,124059.04,12,4,84659.83,yes,LOW_RISK
36,regular,27253.83,4.22,27621.66,5823.25,47607.44,24,0,2553.18,yes,LOW_RISK
60,regular,51141.55,6.47,5901.45,19262.15,110546.31,24,1,58509.38,no,LOW_RISK
22,regular,24761.13,1.68,22082.16,6147.46,34642.58,18,1,38764.35,no,LOW_RISK
51,self_employed,32289.67,15.23,2084.17,8383.13,51674.72,11,1,16590.77,yes,LOW_RISK
39,regular,36120.57,3.09,1691.43,2153.65,151286.12,24,1,25546.84,no,LOW_RISK
26,self_employed,86265.55,2.04,17587.6,14742.13,134463.45,11,1,28081.4,no,LOW_RISK
62,regular,34930.83,19.31,17752.29,2808.53,156977.3,24,0,11068.59,no,LOW_RISK
55,regular,54791.48,12.91,17434.87,23362.47,140784.91,23,0,40144.27,no,LOW_RISK
56,regular,32137.77,13.56,70637.15,13787.46,137670.69,24,2,13699.07,yes,LOW_RISK
23,self_employed,76416.1,2.09,75840.01,22388.06,69446.5,18,1,31772.36,yes,LOW_RISK
26,regular,47875.41,1.49,14079.72,5272.97,290988.81,11,1,43295.8,no,LOW_RISK
65,regular,51789.27,5.08,21494.34,21251.98,99814.08,18,0,63226.44,no,LOW_RISK
35,regular,57318.83,2.99,82452.64,10003.72,98846.87,22,0,9671.07,no,LOW_RISK
45,regular,34241.31,12.27,13464.16,2898.99,32241.97,23,1,2262.36,yes,LOW_RISK
25,self_employed,37283.65,1.53,67069.13,10970.68,78518.92,13,0,8996.19,yes,LOW_RISK
60,regular,18654.92,18.78,63916.64,2755.32,36335.78,18,0,8999.89,yes,LOW_RISK
42,regular,40767.96,8.58,12825.26,3407.69,53544.23,11,2,16277.17,no,LOW_RISK
66,regular,37277.08,17.21,69882.96,12329.34,49996.42,25,1,50162.6,no,LOW_RISK
27,regular,25542.54,1.29,71494.58,6383.93,13974.59,36,1,12931.75,no,LOW_RISK
38,self_employed,30338.91,3.02,78729.8,5093.64,21955.53,24,0,22751.77,yes,LOW_RISK
42,regular,44277.12,4.28,31324.25,3484.68,15875.84,35,1,29555.46,yes,LOW_RISK
53,regular,125687.74,1.9,80776.59,29695.43,63748.05,13,0,12025.84,no,LOW_RISK
55,regular,36350.07,6.88,15987.36,9642.64,73601.44,24,2,23867.96,no,LOW_RISK
38,regular,11511.74,1.59,181198.66,4467.58,37124.45,12,2,25204.24,yes,LOW_RISK
64,self_employed,12530.29,14.78,60065.05,2246.59,106849.14,12,0,42691.65,no,LOW_RISK
64,regular,32890.69,7.32,11571.19,7578.86,96733.22,35,0,3534.36,no,LOW_RISK
56,regular,24938.78,12.96,116241.24,5224.15,281610.91,18,1,6618.02,no,LOW_RISK
65,self_employed,66173.67,14.48,45462.02,27047.8,16206.74,24,0,10277.34,no,LOW_RISK
19,regular,20781.61,1.0,41743.18,7015.26,66386.94,24,0,31412.29,no,LOW_RISK
42,regular,16901.41,5.58,84637.58,1661.79,103268.51,26,2,3594.07,yes,LOW_RISK
51,regular,13226.34,6.21,70913.1,736.83,55562.03,12,1,26382.78,yes,LOW_RISK
26,regular,44052.45,1.69,109852.69,6696.59,110421.49,25,3,0.0,yes,LOW_RISK
44,regular,71886.07,5.46,10786.02,22010.01,92380.38,37,0,3894.72,yes,LOW_RISK
57,regular,39448.34,7.35,3184.66,15112.97,19788.37,12,0,5526.19,no,LOW_RISK
33,regular,71317.07,3.72,58542.44,1853.92,68733.81,12,0,36684.81,no,LOW_RISK
31,regular,44850.43,2.68,33518.46,7209.01,22685.89,6,1,15223.06,yes,LOW_RISK
65,self_employed,39968.89,3.62,3559.84,4868.27,66408.45,23,0,1291.11,no,LOW_RISK
36,regular,34729.06,2.57,7058.58,12452.38,78593.25,12,0,8493.71,no,LOW_RISK
46,regular,34659.37,13.77,29040.08,1429.27,42542.55,36,2,7140.69,no,LOW_RISK
56,regular,20193.87,17.19,59298.37,3388.44,173900.73,24,0,55130.78,yes,LOW_RISK
62,regular,41918.43,5.96,114273.06,4899.96,94587.44,36,1,5972.28,no,LOW_RISK
45,regular,42949.19,8.8,42130.58,4347.26,43252.85,13,2,17417.37,yes,LOW_RISK
25,regular,20150.77,1.27,24708.2,5755.8,43499.7,17,1,41056.49,no,LOW_RISK
49,regular,48849.18,12.23,18201.39,26598.58,65801.76,25,0,19434.98,yes,LOW_RISK
24,regular,70243.76,0.79,10927.81,28241.0,64998.1,23,0,10203.02,yes,LOW_RISK
32,regular,30279.68,3.63,36585.67,3954.83,99220.73,36,1,31547.46,no,LOW_RISK
38,regular,21242.1,10.09,17212.78,6259.85,384184.91,6,1,55868.37,yes,LOW_RISK
42,regular,18636.0,8.08,52165.83,6885.18,81909.72,12,2,21849.6,yes,LOW_RISK
27,regular,24761.4,1.36,16007.64,6499.27,27690.81,19,1,3096.28,no,LOW_RISK
59,regular,44131.75,17.34,53128.53,18738.56,57937.48,12,0,15506.14,no,LOW_RISK
38,regular,67437.15,9.46,32307.33,14005.64,62503.35,12,1,8897.23,no,LOW_RISK
63,regular,34977.5,9.9,12022.83,4313.67,52480.63,36,0,63688.43,yes,LOW_RISK
51,contractual,49129.81,13.23,26377.17,9160.44,147610.75,24,1,53831.31,no,LOW_RISK
49,contractual,32838.23,10.5,41221.94,7767.05,98304.29,38,0,27095.28,yes,LOW_RISK
34,regular,39967.61,2.45,53125.54,4692.46,65923.41,23,1,24977.11,no,LOW_RISK
38,regular,36455.14,6.39,29551.34,8841.78,158805.03,16,2,20422.48,yes,LOW_RISK
43,regular,29248.35,7.63,28518.94,6257.53,99877.7,11,1,4703.7,yes,LOW_RISK
26,self_employed,29250.1,3.63,28325.6,2478.1,24607.81,24,0,11910.41,no,LOW_RISK
62,regular,41676.32,19.2,72559.34,12479.41,37868.53,24,1,11076.87,yes,LOW_RISK
24,regular,43295.66,1.47,11190.8,5174.16,289547.19,13,1,39626.71,no,LOW_RISK
52,regular,34405.56,4.77,116229.92,3080.05,225453.51,19,0,36776.65,yes,LOW_RISK
66,regular,23492.97,5.75,5609.85,5854.94,244654.08,18,2,13815.43,no,LOW_RISK
59,self_employed,18085.73,12.5,24275.53,4796.89,99928.71,35,0,39752.82,no,LOW_RISK
63,regular,31659.12,6.01,8907.08,7411.53,86550.1,35,0,61.07,no,LOW_RISK
65,regular,19950.46,20.28,64328.65,5756.13,53085.95,18,0,18418.2,no,LOW_RISK
36,regular,60092.18,6.79,80885.83,19001.68,212648.97,11,0,26852.23,no,LOW_RISK
27,contractual,38680.29,2.87,36740.57,8382.48,160714.28,12,0,28360.32,yes,LOW_RISK
27,self_employed,27981.31,3.36,27677.62,2051.12,11042.26,25,0,10066.9,no,LOW_RISK
40,regular,20120.51,2.35,16437.01,4552.0,100330.59,12,1,10309.63,no,LOW_RISK
55,regular,71638.72,3.63,21038.81,15150.28,29019.38,6,0,4723.03,no,LOW_RISK
54,regular,12470.19,9.9,32552.08,4929.0,13619.34,23,1,5747.75,no,LOW_RISK
44,regular,23813.5,6.84,171465.43,5884.48,47180.53,6,0,29675.62,no,LOW_RISK
45,regular,34574.48,11.97,13496.51,4021.85,25615.23,24,1,1016.68,yes,LOW_RISK
64,regular,72230.99,18.48,76413.08,16694.62,85291.37,18,0,49515.26,no,LOW_RISK
54,contractual,49183.75,6.99,13785.52,15485.98,24010.93,19,0,48358.67,no,LOW_RISK
56,regular,12975.96,4.71,112357.48,3807.12,71417.92,19,0,24864.26,yes,LOW_RISK
54,regular,50201.55,6.48,8369.18,18335.61,110779.75,24,1,0.0,no,LOW_RISK
57,regular,24556.31,19.59,10637.96,1897.58,161650.92,12,1,2850.96,no,LOW_RISK
58,regular,28827.65,2.74,43380.44,6320.63,2569.05,24,1,7793.07,no,LOW_RISK
30,regular,43488.2,0.58,55090.16,1791.59,32954.62,19,2,1413.17,no,LOW_RISK
52,self_employed,31628.8,15.41,8112.81,8255.78,59517.54,11,1,14235.74,yes,LOW_RISK
26,regular,41228.33,1.11,107602.35,6377.35,115905.16,24,3,2065.16,yes,LOW_RISK
23,regular,21639.11,2.39,22451.6,6871.24,50393.12,19,1,39611.58,no,LOW_RISK
54,regular,37554.47,6.23,14367.4,9089.73,61621.65,24,2,25417.39,no,LOW_RISK
44,self_employed,19035.67,11.33,14141.99,931.3,33828.19,11,1,8500.11,no,LOW_RISK
26,regular,8993.89,2.77,21118.21,1726.45,28661.72,6,1,46578.7,yes,LOW_RISK
40,self_employed,58642.52,6.01,23615.28,9519.16,136582.33,25,1,30670.58,no,LOW_RISK
64,self_employed,41974.84,3.95,7589.18,5274.8,65106.35,22,0,3888.82,no,LOW_RISK
28,regular,41467.03,2.77,70735.81,13605.69,78846.08,18,1,79709.11,yes,LOW_RISK
47,self_employed,30295.22,0.83,25578.05,4946.13,36248.67,12,2,1576.85,yes,LOW_RISK
29,self_employed,54958.86,2.77,31781.92,4596.24,51794.89,24,1,13634.95,no,LOW_RISK
60,regular,48682.32,5.92,14461.63,6814.17,50182.61,18,1,5282.11,no,LOW_RISK
52,self_employed,35680.2,13.29,86575.61,11623.85,20347.28,13,0,785.18,no,LOW_RISK
35,regular,42647.81,1.1,75728.46,1420.74,38776.73,12,1,22062.31,no,LOW_RISK
40,regular,133437.64,10.79,21044.71,6313.07,37813.97,19,1,40797.23,yes,LOW_RISK
29,self_employed,54599.83,2.24,34657.22,991.84,32026.9,25,1,15253.16,no,LOW_RISK
53,regular,14984.73,6.53,76564.59,735.43,58822.74,12,1,30077.75,yes,LOW_RISK
42,regular,60995.82,7.18,10842.34,13859.4,83979.98,24,1,17752.64,yes,LOW_RISK
62,regular,74519.95,6.68,31421.48,30807.0,78069.51,24,1,768.24,no,LOW_RISK
25,regular,22540.28,2.9,76554.52,4096.07,105873.73,36,1,7345.25,yes,LOW_RISK
33,regular,43248.35,1.58,1748.16,5554.07,29188.34,23,1,50916.1,yes,LOW_RISK
37,regular,24530.54,4.54,26614.93,5177.34,41703.01,24,0,1516.03,yes,LOW_RISK
48,regular,30655.55,7.98,58166.35,13797.55,90149.03,36,1,12830.81,no,LOW_RISK
53,contractual,63631.41,14.68,8430.79,6899.07,46496.44,6,0,16512.46,no,LOW_RISK
59,regular,58415.75,12.15,18835.01,12299.01,67786.44,12,2,53875.43,no,LOW_RISK
29,regular,18607.51,1.92,50448.52,3426.1,76891.12,18,0,37499.62,yes,LOW_RISK
21,regular,49778.67,0.02,90645.91,4509.01,52336.76,37,0,18692.92,no,LOW_RISK
34,regular,90320.75,5.86,25849.64,32672.16,36972.46,24,3,3737.96,yes,LOW_RISK
33,regular,33844.29,2.95,13340.81,11623.01,91784.39,13,0,8757.14,no,LOW_RISK
41,regular,40939.03,1.25,68743.58,14948.0,125595.22,24,0,65267.12,no,LOW_RISK
62,regular,41561.96,13.71,94712.06,2891.45,376527.21,35,1,26315.74,yes,LOW_RISK
62,regular,40471.11,13.83,24519.89,4297.21,80934.93,6,1,33182.4,yes,LOW_RISK
30,self_employed,49525.95,4.67,91804.32,4894.15,40929.1,11,0,85829.63,yes,LOW_RISK
41,regular,15393.16,4.22,38163.97,3498.87,36231.36,18,1,6578.67,yes,LOW_RISK
54,regular,26782.72,7.09,40907.4,10569.35,23700.67,24,1,2892.45,yes,LOW_RISK
28,regular,20526.78,2.33,24236.13,2754.23,57882.84,13,2,10435.62,no,LOW_RISK
58,regular,70961.86,17.99,30876.86,20487.57,94469.44,13,0,10001.99,no,LOW_RISK
49,self_employed,42706.23,15.79,53262.52,5740.18,110653.19,23,2,8003.05,yes,LOW_RISK
46,regular,25424.38,4.36,27253.86,3357.13,14590.34,12,1,23087.79,no,LOW_RISK
62,regular,40825.02,13.55,93957.37,1653.49,377099.16,35,1,27145.77,yes,LOW_RISK
39,self_employed,27466.08,4.01,86077.67,3669.68,31469.38,26,0,23633.95,yes,LOW_RISK
35,regular,31184.49,6.42,27699.13,8973.27,61835.36,24,0,32997.25,yes,LOW_RISK
21,regular,50782.1,0.85,52481.81,21248.47,93099.62,11,0,10578.05,no,LOW_RISK
27,regular,54953.93,4.06,20394.84,1435.77,47221.25,14,1,18081.5,no,LOW_RISK
24,regular,39584.15,1.4,116506.89,7301.7,174362.12,23,1,12749.87,no,LOW_RISK
26,regular,48835.71,2.92,14513.03,7133.58,44277.29,11,0,20031.54,no,LOW_RISK
47,regular,25247.12,3.31,116845.6,2105.7,37182.86,35,1,37233.05,no,LOW_RISK
26,regular,55715.7,3.08,26394.24,3351.33,22167.73,36,1,50412.36,no,LOW_RISK
50,contractual,12727.38,2.84,39748.42,3339.41,68865.44,6,0,9000.19,yes,LOW_RISK
50,self_employed,42223.25,15.75,55337.51,4179.66,99599.31,23,2,7137.93,yes,LOW_RISK
57,regular,25394.93,7.1,62692.97,4790.15,38779.7,36,0,6456.03,no,LOW_RISK
29,self_employed,55957.0,2.38,41677.1,3985.53,117070.93,12,0,19230.45,no,LOW_RISK
41,self_employed,24379.4,7.68,77916.65,3805.29,103638.11,13,1,11784.99,no,LOW_RISK
30,regular,71527.08,3.61,28702.45,8169.06,103195.05,24,2,9834.09,yes,LOW_RISK
28,regular,38975.98,2.17,9414.75,4987.35,298435.91,12,1,40052.99,no,LOW_RISK
48,regular,21272.73,8.85,37465.41,9069.85,6350.43,6,1,29361.47,no,LOW_RISK
30,regular,46810.89,6.58,6172.9,17101.26,90203.69,19,0,24871.11,yes,LOW_RISK
33,regular,52629.36,3.92,37988.04,24073.71,37904.59,13,0,21082.56,yes,LOW_RISK
63,regular,33865.1,10.56,12469.43,1563.77,54379.97,35,0,59926.68,yes,LOW_RISK
42,regular,129600.7,10.06,42883.37,46936.19,156996.08,25,0,8070.13,no,LOW_RISK
26,regular,25398.3,1.38,18851.08,6323.24,22551.92,18,1,2259.54,no,LOW_RISK
33,regular,46147.0,3.61,113780.94,11845.78,205504.97,11,1,35074.32,no,LOW_RISK
33,regular,32452.63,1.96,11744.18,11558.83,79334.4,11,0,9182.88,no,LOW_RISK
48,self_employed,43643.65,12.71,129532.15,12281.76,40174.48,7,1,11660.96,yes,LOW_RISK
56,regular,34763.36,16.07,34018.42,6006.02,90318.67,19,3,2581.2,no,LOW_RISK
50,regular,29836.08,15.07,45181.56,9148.31,25991.3,6,0,16310.88,no,LOW_RISK
58,regular,75395.81,4.23,85408.43,11931.16,111180.65,12,1,35448.24,yes,LOW_RISK
54,self_employed,45476.96,13.39,79215.59,7947.78,59300.44,17,1,28936.67,no,LOW_RISK
59,regular,40045.24,19.96,70699.03,12733.2,43574.52,25,1,15103.57,yes,LOW_RISK
34,regular,38959.16,4.2,31078.45,6586.26,17121.66,12,1,42825.14,no,LOW_RISK
42,regular,21972.14,2.98,48047.59,6520.21,34361.61,11,1,15735.17,yes,LOW_RISK
43,regular,21435.62,5.02,52403.37,3648.56,102663.54,24,2,25564.54,no,LOW_RISK
58,regular,20684.7,19.44,8869.29,2224.5,172886.55,11,1,4762.86,no,LOW_RISK
49,regular,12677.92,4.94,77143.67,2814.81,32157.02,24,2,42858.08,yes,LOW_RISK
41,contractual,36168.26,5.48,3436.82,2521.88,102793.66,23,2,58473.36,yes,LOW_RISK
36,regular,21420.2,2.22,54644.07,6897.49,45856.45,24,1,32735.79,yes,LOW_RISK
31,regular,44999.33,2.42,21309.93,7102.34,60261.02,36,0,1957.49,no,LOW_RISK
45,self_employed,80253.21,11.87,32153.05,35616.82,40601.3,6,0,55740.45,no,LOW_RISK
62,regular,39855.33,5.77,113225.96,5346.91,94813.26,37,1,7472.43,no,LOW_RISK
24,regular,19114.3,1.96,26266.03,6175.27,36549.28,19,1,38813.25,no,LOW_RISK
51,regular,34843.12,4.28,116612.81,2529.8,224649.88,18,0,37841.62,yes,LOW_RISK
46,self_employed,45430.11,5.02,12722.49,13062.29,136086.21,12,0,63878.59,no,LOW_RISK
47,regular,53617.07,15.88,15558.18,13726.89,63105.47,24,0,9550.33,no,LOW_RISK
25,regular,56187.92,1.26,117036.64,11765.1,23606.53,24,1,41590.21,yes,LOW_RISK
24,regular,35274.52,0.37,30518.67,9212.12,51681.06,13,1,6700.01,no,LOW_RISK
37,regular,23338.34,9.74,16243.6,7062.97,377903.68,6,1,54218.66,yes,LOW_RISK
57,regular,27329.47,7.72,62226.79,4104.5,39005.83,36,0,10802.35,no,LOW_RISK
29,regular,13943.06,0.05,44452.29,2638.17,41305.89,24,1,62563.75,no,LOW_RISK
57,contractual,27039.02,2.16,66147.73,4115.19,96996.33,36,0,21498.38,no,LOW_RISK
32,self_employed,11169.75,2.67,31730.93,1230.87,54727.25,35,0,33997.32,no,LOW_RISK
26,self_employed,89310.85,1.75,19897.79,14076.71,133064.16,13,1,32613.14,no,LOW_RISK
24,self_employed,28500.12,2.99,26830.38,2984.94,29072.52,24,0,13506.75,no,LOW_RISK
27,contractual,38815.65,3.19,50800.82,2995.7,46677.87,23,1,8684.49,yes,LOW_RISK
64,regular,33541.27,7.25,11073.18,6447.43,92003.47,36,0,2897.81,no,LOW_RISK
22,regular,9188.8,1.41,36852.19,3524.94,46346.72,13,1,1111.33,yes,LOW_RISK
30,self_employed,32221.79,2.22,4492.16,4279.7,132224.19,35,1,59521.47,no,LOW_RISK
55,regular,33174.2,2.39,40925.32,4848.04,5078.2,23,1,8544.35,no,LOW_RISK
60,regular,11920.91,7.24,30638.45,8256.49,45373.59,38,0,19992.07,yes,LOW_RISK
26,regular,25767.88,1.69,21615.59,11627.26,213114.32,36,0,57226.16,yes,LOW_RISK
54,regular,39188.36,17.57,50211.17,6660.9,12525.98,19,0,39901.05,no,LOW_RISK
37,regular,17912.9,8.57,41693.9,6440.33,84419.82,25,0,22924.15,yes,LOW_RISK
29,regular,57415.08,2.07,27703.64,15860.57,111794.73,6,0,27616.06,no,LOW_RISK
63,self_employed,30474.64,6.58,40088.01,10887.86,117385.44,18,0,13744.15,no,LOW_RISK
56,regular,23070.43,12.46,115437.95,5145.65,280854.86,19,1,7835.89,no,LOW_RISK
51,self_employed,41740.97,11.81,51348.25,7111.59,165869.85,18,1,52789.2,no,LOW_RISK
50,contractual,74295.71,8.16,136072.45,37893.98,1000.0,14,3,37040.04,no,LOW_RISK
58,regular,48924.36,19.45,55408.26,10374.72,9630.61,24,1,8034.18,yes,LOW_RISK
42,regular,44533.54,6.45,131238.03,11651.97,66201.73,25,1,5825.66,no,LOW_RISK
55,regular,109868.18,6.26,143998.07,26924.47,52001.55,24,2,102440.69,no,LOW_RISK
25,regular,31840.97,0.56,7674.37,7431.35,89045.51,12,0,9607.08,no,LOW_RISK
58,regular,36717.47,13.9,36784.56,1796.57,149939.3,12,0,11502.85,no,LOW_RISK
42,contractual,36390.73,3.91,79235.99,3309.42,128479.65,24,0,11385.14,no,LOW_RISK
46,regular,16282.32,12.27,47233.28,0.0,124517.63,6,1,11875.74,yes,LOW_RISK
51,regular,43773.34,9.25,23182.06,3849.94,40123.53,36,0,11666.74,yes,LOW_RISK
61,regular,9916.64,10.81,80578.37,2745.08,68074.77,35,1,9102.3,yes,LOW_RISK
50,self_employed,44442.88,15.26,56323.07,5931.66,107731.25,23,2,8805.28,yes,LOW_RISK
50,regular,19620.31,14.31,7213.93,9372.88,153419.98,25,1,15573.61,no,LOW_RISK
25,regular,21467.67,1.55,25010.71,6216.14,43081.37,19,1,39656.08,no,LOW_RISK
27,regular,54610.91,3.36,30275.86,4156.64,20777.84,36,1,46720.27,no,LOW_RISK
62,regular,12546.31,13.15,28862.39,2956.15,52415.3,18,2,23003.41,yes,LOW_RISK
58,regular,44375.57,19.23,55696.39,10569.12,22868.99,24,1,5005.01,yes,LOW_RISK
24,regular,9856.02,1.03,33528.81,1350.75,90304.07,13,1,11456.48,yes,LOW_RISK
39,regular,26883.3,7.05,22228.19,4504.6,19474.9,23,2,14703.84,no,LOW_RISK
34,regular,27005.82,3.85,23946.53,5947.84,43186.41,24,0,4233.9,yes,LOW_RISK
42,regular,17832.9,7.25,10343.67,1697.87,43076.22,6,1,17846.07,yes,LOW_RISK
29,self_employed,52712.16,2.5,34617.3,2731.41,36205.01,24,1,12909.88,no,LOW_RISK
25,regular,29933.7,0.25,16365.2,9920.19,89474.75,11,0,11021.16,no,LOW_RISK
35,regular,33915.1,6.25,25986.49,8978.05,46622.73,23,0,31866.22,yes,LOW_RISK
58,regular,20850.47,19.89,7881.81,4006.9,168096.87,12,1,6414.45,no,LOW_RISK
53,self_employed,24076.23,16.09,27411.63,6066.54,57399.49,13,2,27554.33,yes,LOW_RISK
56,regular,29335.2,7.38,63195.75,4771.2,31997.03,36,0,13524.88,no,LOW_RISK
55,regular,13771.94,2.09,45887.45,74.2,50388.17,24,0,10812.55,no,LOW_RISK
54,contractual,51067.0,4.66,11737.35,13109.85,84640.9,18,0,4354.93,no,LOW_RISK
33,self_employed,13168.85,1.44,52530.61,543.73,49760.21,12,1,48950.72,no,LOW_RISK
61,regular,44055.98,15.43,65632.59,11327.07,22908.11,25,0,5262.66,no,LOW_RISK
39,regular,41331.67,4.39,26139.27,12190.59,109903.25,24,0,3931.49,yes,LOW_RISK
64,self_employed,11780.92,14.89,58229.11,3091.23,104963.34,11,0,42477.61,no,LOW_RISK
60,regular,12492.52,6.51,28559.56,7281.42,44164.38,37,0,26049.06,yes,LOW_RISK
54,regular,21344.17,8.16,128993.04,9686.08,54647.65,19,2,7020.97,yes,LOW_RISK
25,self_employed,23450.39,0.64,50546.39,362.92,42884.9,11,0,98687.02,no,LOW_RISK
53,regular,35202.53,18.87,51959.21,4605.13,34397.16,24,3,5803.79,no,LOW_RISK
57,regular,11618.72,13.54,21834.21,0.0,91279.46,36,0,10773.04,no,LOW_RISK
27,regular,23586.61,1.03,70521.45,8213.1,21315.6,36,1,13724.23,no,LOW_RISK
47,regular,14062.84,9.9,48709.5,472.91,168169.77,23,3,11808.89,yes,LOW_RISK
65,regular,22984.39,13.97,5933.66,6131.32,19789.02,19,0,56455.15,yes,LOW_RISK
59,regular,28344.73,4.5,25585.0,7745.73,77441.34,13,0,6637.22,no,LOW_RISK
52,regular,52570.82,9.65,62075.26,8475.73,8766.65,17,3,4969.17,no,LOW_RISK
35,regular,51262.8,8.17,56947.89,9813.29,227325.8,36,2,5954.22,no,LOW_RISK
38,regular,25887.6,6.21,21857.77,4382.12,74922.01,19,0,24902.73,no,LOW_RISK
60,regular,35900.0,18.74,18436.8,4352.96,151897.99,23,0,8265.47,no,LOW_RISK
57,regular,42808.26,4.9,24230.65,15648.19,36575.07,24,1,15410.85,no,LOW_RISK
37,regular,27105.6,8.92,0.0,6215.11,36422.09,24,0,7182.9,yes,LOW_RISK
34,regular,53250.21,4.13,36255.22,24622.7,31568.31,12,0,23244.92,yes,LOW_RISK
20,self_employed,59662.7,0.64,27497.46,11588.85,17298.03,11,1,5040.32,yes,LOW_RISK
63,regular,48800.0,14.91,16444.27,5223.81,94103.13,24,2,10817.87,yes,LOW_RISK
38,regular,34146.96,3.4,6756.95,1353.19,161523.26,25,1,25638.25,no,LOW_RISK
27,regular,19133.93,3.06,51455.81,3674.88,70716.8,19,0,36754.16,yes,LOW_RISK
39,regular,35539.69,6.04,29897.15,8974.4,143695.23,18,2,17521.35,yes,LOW_RISK
20,regular,24653.57,0.16,6100.26,3527.2,131109.21,35,1,30312.46,yes,LOW_RISK
54,self_employed,43501.23,13.19,79971.81,7123.19,54610.63,18,1,26604.68,no,LOW_RISK
57,regular,67644.27,18.47,31332.19,21180.7,93840.96,13,0,13876.54,no,LOW_RISK
39,contractual,25699.06,2.46,24593.25,3183.2,132021.97,25,1,6188.5,yes,LOW_RISK
51,regular,11429.15,6.71,73835.91,553.43,58957.32,13,1,29468.75,yes,LOW_RISK
58,regular,21318.76,17.52,39439.44,1296.21,46209.0,25,0,51018.3,no,LOW_RISK
36,regular,24096.78,8.97,6235.94,10603.04,103955.69,11,1,21375.6,yes,LOW_RISK
46,regular,20636.61,1.94,40230.91,9026.53,13895.44,23,0,41747.71,yes,LOW_RISK
51,regular,71805.61,14.31,53415.01,2246.49,91298.29,24,0,20632.76,no,LOW_RISK
37,contractual,33462.8,9.95,34600.58,15414.88,19726.18,6,0,20455.39,yes,LOW_RISK
65,regular,36800.78,17.34,64710.42,10721.62,53086.04,24,1,48447.97,no,LOW_RISK
41,self_employed,13361.11,1.82,29386.73,4745.9,25589.75,12,0,64041.34,yes,LOW_RISK
46,regular,98649.42,1.62,21016.04,3382.38,38420.05,12,1,16012.7,no,LOW_RISK
58,regular,41440.54,8.16,36817.77,12173.2,22206.96,12,3,6460.93,yes,LOW_RISK
44,regular,46355.3,9.12,53018.8,5240.89,40679.14,13,2,16660.41,yes,LOW_RISK
27,regular,11696.55,0.0,6903.24,2670.77,44042.14,24,1,49571.67,no,LOW_RISK
26,regular,55302.07,2.06,18851.41,21044.43,96083.79,24,1,29018.03,yes,LOW_RISK
43,regular,70026.43,5.21,8339.03,23330.73,99234.13,36,0,7362.62,yes,LOW_RISK
49,regular,9430.21,5.68,29714.65,2250.37,48755.1,11,1,8516.63,no,LOW_RISK
45,regular,34360.08,5.58,128512.39,12331.7,48730.24,16,2,23822.03,yes,LOW_RISK
26,contractual,68123.05,0.8,11313.69,16502.25,99280.27,12,0,2311.01,no,LOW_RISK
36,self_employed,17076.29,8.71,8210.74,2486.13,121261.44,37,1,12113.79,yes,LOW_RISK
64,regular,70975.62,18.71,76839.3,17676.7,81540.63,18,0,48011.59,no,LOW_RISK
43,regular,28655.19,11.45,116202.24,1590.18,203140.59,24,0,30932.44,no,LOW_RISK
42,regular,32221.9,10.7,2239.41,13187.12,52529.75,11,0,20407.82,yes,LOW_RISK
41,contractual,77950.82,5.13,0.0,13633.26,93364.38,19,1,108867.76,yes,LOW_RISK
34,regular,19381.21,7.03,57871.36,825.44,44154.12,18,1,40374.19,no,LOW_RISK
65,regular,67042.1,20.41,33935.28,14801.31,74837.6,12,3,31584.38,no,LOW_RISK
32,regular,28742.67,4.19,32668.74,4125.57,87031.64,36,1,29771.46,no,LOW_RISK
45,regular,7952.12,10.16,83810.79,372.41,44099.93,36,1,31988.82,no,LOW_RISK
36,regular,40068.11,5.98,103845.82,4036.83,85397.19,11,2,2670.43,yes,LOW_RISK
65,contractual,59461.1,2.9,22444.96,7483.78,42001.46,12,1,25081.0,yes,LOW_RISK
33,regular,16944.47,2.06,64214.23,7161.41,45600.19,24,3,56827.16,yes,LOW_RISK
45,self_employed,30606.61,3.1,57276.56,14047.95,207740.65,6,1,9269.69,yes,LOW_RISK
54,regular,45597.51,15.83,29397.61,11599.3,20092.12,13,2,29164.05,yes,LOW_RISK
35,self_employed,45082.54,5.0,10566.13,7557.97,55369.63,18,0,10693.21,yes,LOW_RISK
63,self_employed,66151.53,15.37,50253.52,25900.54,14021.77,22,0,7581.73,no,LOW_RISK
58,self_employed,53356.32,18.87,36004.43,22239.41,4555.86,24,1,11196.23,yes,LOW_RISK
49,regular,10988.32,11.16,21486.72,786.14,74856.98,6,1,11822.53,no,LOW_RISK
64,contractual,58205.89,3.22,22558.48,7352.68,44390.0,12,1,24166.37,yes,LOW_RISK
21,regular,18558.45,0.0,18870.6,9911.32,117109.89,23,1,30741.18,no,LOW_RISK
54,regular,24596.07,6.43,38913.4,11664.47,28661.53,24,1,5312.0,yes,LOW_RISK
22,regular,26994.04,0.68,65606.17,6445.65,49556.65,18,0,9802.54,no,LOW_RISK
65,self_employed,28737.01,7.71,36737.77,11059.42,110904.0,18,0,13179.84,no,LOW_RISK
57,contractual,50415.6,5.2,11559.68,13595.66,91736.43,18,0,4010.59,no,LOW_RISK
60,regular,42423.82,2.01,12139.23,4300.17,151738.75,36,0,19097.79,yes,LOW_RISK
51,self_employed,41790.77,12.49,49149.12,8403.68,173042.98,18,1,48592.28,no,LOW_RISK
33,regular,13437.24,3.15,124819.24,873.1,46225.43,24,1,33518.06,yes,LOW_RISK
41,regular,14814.24,1.84,174349.24,4240.72,43204.07,12,2,22318.5,yes,LOW_RISK
38,regular,41925.43,3.32,36119.87,13212.75,95060.48,24,0,5208.48,yes,LOW_RISK
34,regular,39169.56,3.42,21036.39,7368.51,44116.58,36,0,5406.15,no,LOW_RISK
59,regular,74302.21,3.86,84931.5,11692.1,113437.82,13,1,34122.4,yes,LOW_RISK
59,regular,14644.8,16.02,17402.72,1284.46,151174.47,36,0,55176.03,no,LOW_RISK
53,self_employed,35597.46,13.25,85817.66,12858.35,3672.82,12,0,2622.88,no,LOW_RISK
21,regular,74294.79,1.24,60988.32,7567.36,103374.52,14,3,8759.97,yes,LOW_RISK
52,regular,18964.59,4.25,14968.81,2040.3,48747.47,18,0,17125.53,yes,LOW_RISK
47,regular,29090.18,14.98,26920.42,3733.77,8298.95,24,3,3933.23,yes,LOW_RISK
40,self_employed,69459.56,7.01,129260.3,11843.55,48129.91,23,0,4118.38,no,LOW_RISK
53,regular,31601.12,14.05,19572.15,757.38,164893.25,35,2,24616.08,yes,LOW_RISK
32,regular,44289.86,6.33,8522.48,18699.6,84671.44,18,0,24806.57,yes,LOW_RISK
23,regular,10081.77,0.4,32720.78,4087.44,44927.67,12,1,0.0,yes,LOW_RISK
55,self_employed,54456.56,18.67,36951.03,21354.02,15487.46,24,1,10903.17,yes,LOW_RISK
25,regular,29219.49,1.19,63.81,11669.18,71487.26,12,1,5113.74,yes,LOW_RISK
56,regular,24763.05,18.22,8795.55,6629.0,29094.83,13,2,23773.78,yes,LOW_RISK
32,regular,41375.66,2.73,22186.79,8690.13,48711.9,35,0,5075.56,no,LOW_RISK
44,regular,31369.89,7.37,27042.18,7189.2,114447.45,12,1,3593.06,yes,LOW_RISK
30,self_employed,50782.25,5.26,90850.12,4244.65,40392.18,12,0,79431.33,yes,LOW_RISK
58,regular,41556.55,7.37,13248.21,14641.64,22143.68,12,0,4183.87,no,LOW_RISK
41,self_employed,51714.66,2.55,21769.53,1801.51,107889.98,6,1,12935.02,no,LOW_RISK
57,contractual,25893.51,9.53,21689.93,1327.45,48687.21,6,1,11403.71,yes,LOW_RISK
42,self_employed,43738.92,7.88,3669.03,26487.82,16881.05,17,1,32713.96,no,LOW_RISK
28,regular,17743.99,2.04,51072.28,3860.11,88925.54,18,0,38491.94,yes,LOW_RISK
44,self_employed,19117.4,11.75,14846.04,986.59,28336.88,12,1,5106.45,no,LOW_RISK
24,regular,24130.03,3.18,86427.61,3093.27,22736.82,6,2,16097.58,no,LOW_RISK
30,self_employed,33829.89,1.8,2792.9,4046.86,130610.23,36,1,58306.74,no,LOW_RISK
48,regular,30856.16,3.52,4028.06,13878.3,25371.54,11,1,9796.38,yes,LOW_RISK
32,regular,36582.43,2.16,20712.93,2623.71,96859.63,12,0,10886.4,no,LOW_RISK
25,regular,40565.48,1.16,65688.88,8559.48,112847.97,24,0,36407.72,yes,LOW_RISK
49,regular,51892.12,12.42,16354.75,26471.92,51366.53,24,0,22800.83,yes,LOW_RISK
61,contractual,37440.04,15.69,72648.56,9297.7,31986.65,25,0,10647.63,no,LOW_RISK
43,self_employed,47208.69,8.23,1168.18,24481.1,19374.53,18,1,31881.41,no,LOW_RISK
34,regular,25693.72,3.76,24301.85,5283.51,36000.31,23,0,3458.44,yes,LOW_RISK
35,contractual,58128.66,2.42,21654.18,13320.12,76758.08,36,0,28488.73,no,LOW_RISK
37,regular,35360.91,5.47,35827.14,8445.82,40437.3,11,0,2970.7,yes,LOW_RISK
35,regular,47952.47,3.17,109095.13,10828.75,197274.08,12,1,38534.53,no,LOW_RISK
56,contractual,28839.47,8.74,18564.32,391.19,39356.29,6,1,9060.37,yes,LOW_RISK
57,regular,44795.24,5.26,16405.96,6451.55,33061.84,18,1,6272.81,no,LOW_RISK
21,regular,52194.38,0.64,57018.07,21110.11,103690.19,13,0,9206.55,no,LOW_RISK
33,regular,23270.67,5.87,23262.31,4791.29,111696.95,24,0,5893.99,no,LOW_RISK
50,regular,27724.19,3.16,77845.68,12628.88,109557.1,35,1,17656.56,yes,LOW_RISK
55,contractual,24724.81,20.06,17500.44,5252.0,95986.13,13,0,31042.11,no,LOW_RISK
62,regular,38495.84,13.1,99278.33,2455.89,381386.27,37,1,27610.47,yes,LOW_RISK
37,regular,57283.45,1.92,107131.83,14686.83,51707.04,18,2,2167.67,yes,LOW_RISK
45,regular,26158.09,12.45,117447.71,1922.01,203641.25,24,0,30453.21,no,LOW_RISK
22,regular,10917.27,0.7,41311.98,223.81,97789.05,11,1,10869.18,yes,LOW_RISK
55,regular,47711.09,16.87,24715.52,5007.6,66351.12,24,1,67318.25,yes,LOW_RISK
28,regular,30625.12,1.19,16149.47,16549.59,65120.66,23,1,42450.33,no,LOW_RISK
50,regular,70229.53,13.33,50637.67,1414.85,87549.14,24,0,17188.59,no,LOW_RISK
40,regular,44510.38,9.32,44105.11,14489.3,100649.6,25,2,49538.13,yes,LOW_RISK
21,regular,21498.9,1.01,19248.05,9850.54,126489.12,24,1,31135.54,no,LOW_RISK
37,contractual,28425.71,2.56,25282.69,1927.64,125582.43,23,1,2369.79,yes,LOW_RISK
33,regular,26636.57,7.74,16861.07,849.19,117608.75,19,1,39958.77,no,LOW_RISK
52,regular,23751.67,14.3,45645.03,9128.47,32720.28,6,0,18024.44,no,LOW_RISK
59,regular,46163.26,19.72,55493.72,10627.31,19505.57,24,1,9681.46,yes,LOW_RISK
32,regular,44276.71,1.78,5360.16,5205.37,34818.82,23,1,51797.21,yes,LOW_RISK
65,regular,52744.04,12.65,24942.96,11966.77,125576.25,36,3,20531.83,yes,LOW_RISK
27,regular,55240.35,3.44,25622.9,4080.78,23449.95,36,1,46566.17,no,LOW_RISK
47,regular,43439.35,4.54,27689.01,12744.85,65226.41,23,1,9672.31,yes,LOW_RISK
55,regular,25403.38,12.49,114494.02,5699.65,274364.46,19,1,6870.18,no,LOW_RISK
24,regular,55946.14,0.94,21160.23,21105.92,103350.17,25,1,33440.03,yes,LOW_RISK
49,contractual,17132.8,11.16,19568.17,4103.74,81654.98,7,1,61775.01,no,LOW_RISK
43,regular,19781.94,3.75,51085.74,7718.62,21071.22,13,1,15312.54,yes,LOW_RISK
28,regular,36545.69,1.46,103569.93,7085.28,46769.9,25,1,29947.28,yes,LOW_RISK
35,regular,39364.38,7.12,30214.02,12189.24,97272.6,11,0,6232.74,yes,LOW_RISK
36,regular,24896.55,3.13,42130.97,7496.25,50444.87,6,3,29587.92,no,LOW_RISK
51,regular,31606.82,13.19,58105.65,1868.92,181695.85,36,1,5744.27,no,LOW_RISK
26,self_employed,85610.57,0.58,67333.6,8674.96,86130.56,12,0,19581.56,no,LOW_RISK
64,contractual,58809.57,2.3,19684.67,8421.6,37202.76,12,1,25124.95,yes,LOW_RISK
46,contractual,38405.73,4.27,78468.39,3905.3,133737.0,23,0,8534.9,no,LOW_RISK
24,regular,18824.25,1.48,21970.8,6219.93,50405.21,18,1,41485.3,no,LOW_RISK
45,regular,47837.13,7.08,33750.04,17324.16,80947.47,12,1,6904.09,no,LOW_RISK
64,regular,39331.21,7.69,83190.53,12855.49,30172.5,13,3,50298.94,yes,LOW_RISK
48,regular,100604.0,1.88,20367.08,3942.92,46205.4,12,1,16412.23,no,LOW_RISK
37,regular,58568.14,1.57,107617.25,13169.8,37392.01,17,2,7231.21,yes,LOW_RISK
43,regular,43298.59,7.09,32205.74,16447.76,71438.55,12,1,5661.14,no,LOW_RISK
52,regular,48791.18,2.89,77235.77,2549.59,105835.26,25,0,16852.82,no,LOW_RISK
45,self_employed,21254.84,11.16,16515.21,389.25,28551.52,12,1,5849.63,no,LOW_RISK
24,regular,24268.77,2.43,79572.76,3464.92,18128.97,7,2,18687.53,no,LOW_RISK
52,regular,18670.41,5.19,28694.47,1395.99,74610.95,12,0,37157.33,yes,LOW_RISK
43,regular,54424.13,10.03,12226.84,20185.26,23590.96,24,1,12834.06,no,LOW_RISK
55,regular,54253.5,12.96,21196.63,23928.01,128230.56,23,0,39285.74,no,LOW_RISK
35,regular,41017.55,5.4,111233.22,5186.68,96649.24,12,2,10838.99,yes,LOW_RISK
61,regular,40660.92,18.22,63501.62,14288.81,30687.56,24,0,12669.56,no,LOW_RISK
24,regular,18943.5,1.82,3140.93,794.89,29653.9,12,1,25945.01,yes,LOW_RISK
40,self_employed,49531.54,6.7,15887.63,12368.39,52766.77,11,0,23231.15,no,LOW_RISK
41,self_employed,51991.27,6.49,19392.99,13138.24,50732.59,11,0,23660.76,no,LOW_RISK
58,regular,35255.15,20.94,40590.35,8104.93,105860.82,24,1,34218.32,yes,LOW_RISK
26,regular,31020.63,2.21,54163.68,4806.96,38759.88,12,1,10679.75,no,LOW_RISK
56,contractual,13478.8,15.98,51774.93,0.0,95923.06,24,1,13632.76,yes,LOW_RISK
50,contractual,13461.23,5.27,15688.13,1196.3,21116.37,37,0,7628.94,no,LOW_RISK
56,regular,25756.21,12.89,120047.18,4455.09,284042.8,18,1,6106.74,no,LOW_RISK
53,self_employed,33290.53,13.93,86560.56,11748.65,19695.25,12,0,267.92,no,LOW_RISK
33,regular,39431.73,2.45,23138.2,6608.19,51219.19,36,0,2574.87,no,LOW_RISK
52,regular,28246.9,10.86,175825.99,11098.73,18316.53,18,0,18835.35,yes,LOW_RISK
23,regular,28949.19,0.82,17723.56,7136.56,43400.36,18,1,32794.41,yes,LOW_RISK
24,self_employed,82473.28,0.5,76785.59,23258.25,66386.27,20,1,31726.65,yes,LOW_RISK
56,contractual,27746.41,17.7,41517.23,11572.97,79604.1,25,0,52144.62,yes,LOW_RISK
43,regular,128361.51,10.08,49189.68,45952.48,143674.82,24,0,6569.24,no,LOW_RISK
47,regular,19962.22,12.6,58674.62,5481.17,45994.23,13,0,643.92,yes,LOW_RISK
48,contractual,49681.34,1.74,12130.73,8219.65,49925.8,10,0,12046.78,yes,LOW_RISK
20,unemployed,5854.04,0.0,39810.14,864.85,104568.51,12,2,97239.37,no,LOW_RISK
43,regular,64996.39,4.56,27771.98,12658.03,54352.42,19,1,37157.75,no,LOW_RISK
65,self_employed,10908.82,15.32,59605.2,1916.63,99093.86,12,0,40551.36,no,LOW_RISK
48,regular,32770.82,12.43,61012.71,12107.25,141487.81,36,0,41728.46,yes,LOW_RISK
27,regular,42901.52,1.28,11855.15,5143.95,289074.96,11,1,40696.11,no,LOW_RISK
26,regular,56670.88,1.96,104245.51,10487.26,27061.82,24,1,39658.11,yes,LOW_RISK
32,regular,82917.8,4.57,14055.16,17590.56,88724.96,6,0,17174.1,no,LOW_RISK
46,self_employed,81993.62,13.18,31959.42,32112.68,50807.33,7,0,56863.14,no,LOW_RISK
52,self_employed,33183.29,15.03,10950.4,9981.77,54465.14,13,1,20514.05,yes,LOW_RISK
33,regular,32217.12,6.22,22404.28,8487.39,53592.19,25,0,33359.67,yes,LOW_RISK
28,self_employed,51894.89,2.23,12415.38,4591.13,47797.83,11,1,78770.66,yes,LOW_RISK
54,regular,26489.36,17.23,37952.39,486.22,43949.29,24,0,51184.29,no,LOW_RISK
62,regular,65945.59,16.45,25656.04,16901.29,48903.64,11,1,86849.7,yes,LOW_RISK
60,regular,38992.33,19.73,75746.69,12503.14,39850.31,23,1,14044.36,yes,LOW_RISK
66,regular,20086.47,14.12,4012.07,6892.45,32833.74,17,0,56693.04,yes,LOW_RISK
65,regular,20895.32,21.03,60967.61,5663.95,59613.01,18,0,18643.65,no,LOW_RISK
55,regular,25849.07,13.08,119175.24,5484.92,274200.53,19,1,6251.88,no,LOW_RISK
59,regular,58339.33,14.77,89681.72,17133.92,57197.91,23,1,49850.63,yes,LOW_RISK
32,regular,42154.19,2.94,19946.27,6382.41,38487.02,37,0,3081.28,no,LOW_RISK
41,self_employed,40959.21,8.42,34018.75,14713.67,137477.64,7,0,4546.28,no,LOW_RISK
48,regular,11001.42,12.11,40684.15,1239.59,74239.41,36,2,8195.92,yes,LOW_RISK
20,regular,68545.78,0.4,19704.19,8233.06,16974.19,7,1,28242.76,no,LOW_RISK
21,regular,27894.48,1.81,1604.35,12490.63,82269.01,11,1,4110.2,yes,LOW_RISK
58,regular,34487.28,13.99,39810.94,889.33,139775.3,12,0,13246.3,no,LOW_RISK
37,regular,30978.93,3.54,55963.84,5569.02,32691.11,18,1,38790.44,no,LOW_RISK
25,regular,16144.9,2.14,4204.75,5918.59,36975.75,6,0,11369.12,yes,LOW_RISK
55,contractual,35760.93,17.51,4620.75,9341.23,83167.06,25,0,3395.21,yes,LOW_RISK
50,self_employed,42563.67,15.22,54664.92,5190.72,104761.47,23,2,11936.53,yes,LOW_RISK
39,regular,43635.21,10.46,45056.4,13906.24,111883.86,24,2,50213.37,yes,LOW_RISK
36,self_employed,17740.28,8.43,11668.39,2800.14,121620.65,36,1,7030.4,yes,LOW_RISK
46,regular,71663.82,12.71,22164.61,6172.71,88806.65,18,1,5829.63,no,LOW_RISK
49,contractual,34655.03,7.14,200007.44,10245.51,37697.03,35,0,24982.37,yes,LOW_RISK
43,self_employed,32792.78,3.49,44383.56,5263.06,24206.22,12,0,41950.83,yes,LOW_RISK
41,regular,29947.51,5.92,35340.1,2442.09,46787.42,24,2,18050.48,yes,LOW_RISK
59,self_employed,17636.55,17.36,4659.1,8058.32,10013.25,13,0,76195.23,no,LOW_RISK
54,regular,21657.11,7.7,132813.17,9500.27,52160.72,17,2,12288.41,yes,LOW_RISK
36,self_employed,18383.98,6.61,61230.13,7953.47,76329.12,19,0,4466.28,yes,LOW_RISK
45,regular,52539.8,3.53,42424.25,17755.01,22954.48,13,0,38330.26,no,LOW_RISK
49,regular,51139.07,12.53,22320.11,27159.72,64119.46,24,0,18768.06,yes,LOW_RISK
57,regular,76725.04,10.32,74518.19,26454.95,286463.69,24,0,4816.14,yes,LOW_RISK
52,contractual,13835.84,15.34,26787.02,2736.47,83340.93,18,0,17319.87,yes,LOW_RISK
20,regular,75790.15,1.2,54782.14,22887.51,57873.01,24,0,19390.8,no,LOW_RISK
43,regular,11039.21,5.46,8450.59,1729.14,13855.37,24,1,24304.76,yes,LOW_RISK
48,self_employed,8345.95,9.0,34255.77,668.0,70887.67,12,0,3440.92,no,LOW_RISK
34,regular,41927.02,6.47,105131.43,4400.72,89412.89,12,2,4849.02,yes,LOW_RISK
54,regular,109119.94,6.16,141163.59,25088.78,56307.34,24,2,101236.3,no,LOW_RISK
65,regular,66674.94,21.95,29471.83,16757.02,66729.87,12,3,35699.92,no,LOW_RISK
59,regular,77316.28,10.47,72559.34,27191.38,292657.15,24,0,2015.45,yes,LOW_RISK
23,regular,32089.18,0.0,15244.95,7452.6,91867.42,37,2,7418.62,yes,LOW_RISK
67,regular,22858.26,17.09,23092.36,3417.88,80677.51,37,2,24584.73,yes,LOW_RISK
44,regular,28265.31,7.18,19741.14,6657.11,112935.86,11,1,1042.96,yes,LOW_RISK
43,regular,67666.19,4.26,13615.63,20896.8,102010.95,36,0,8539.76,yes,LOW_RISK
27,regular,11092.93,0.0,8844.97,3476.51,34929.96,23,1,50610.54,no,LOW_RISK
35,regular,51047.17,2.74,17576.39,11783.72,116548.75,19,0,39993.22,no,LOW_RISK
22,regular,47166.93,0.0,98630.02,4434.56,54605.22,36,0,20936.41,no,LOW_RISK
47,regular,47482.68,11.68,20698.06,26224.18,56055.5,24,0,18326.78,yes,LOW_RISK
20,regular,30998.08,0.0,16554.23,8117.45,33736.89,18,1,34847.44,yes,LOW_RISK
44,regular,25322.3,1.29,22830.1,4415.59,113872.22,24,1,5185.86,yes,LOW_RISK
28,self_employed,52615.02,3.06,36578.5,2519.39,28469.33,23,1,13285.46,no,LOW_RISK
33,regular,20334.92,2.6,3951.16,7136.18,89868.23,13,2,71151.7,yes,LOW_RISK
55,regular,105019.92,5.65,142728.37,27001.75,60965.35,24,2,104325.4,no,LOW_RISK
23,regular,38304.77,1.8,118860.1,6989.0,182854.87,25,1,11259.28,no,LOW_RISK
26,regular,29757.51,0.51,11521.77,9948.29,97633.9,12,0,10136.35,no,LOW_RISK
58,regular,23308.81,20.23,9993.94,1432.38,175637.46,11,1,4320.55,no,LOW_RISK
61,regular,33512.99,18.79,20397.93,4283.27,147755.81,24,0,8890.35,no,LOW_RISK
48,regular,21920.74,12.36,60010.01,5121.56,54902.88,13,0,1033.74,yes,LOW_RISK
60,regular,43854.16,14.47,64863.18,10553.0,16086.43,24,0,4438.11,no,LOW_RISK
27,regular,50699.92,3.92,16116.17,3306.84,44960.24,11,1,19923.09,no,LOW_RISK
55,regular,19411.14,4.06,29738.38,3752.32,72067.37,12,0,38763.76,yes,LOW_RISK
40,regular,34906.77,6.16,36665.83,2323.98,46419.37,23,2,19187.76,yes,LOW_RISK
46,regular,35163.06,5.23,128183.96,13217.77,48215.53,18,2,19391.1,yes,LOW_RISK
56,regular,22698.84,16.41,62176.01,3178.95,168126.07,24,0,52260.65,yes,LOW_RISK
37,regular,53015.29,4.11,33307.43,23840.4,31985.21,11,0,19904.65,yes,LOW_RISK
52,regular,26977.73,4.08,73730.39,10719.43,99914.31,35,1,15643.41,yes,LOW_RISK
28,regular,55788.16,2.18,25254.39,26608.93,32146.52,13,2,35697.59,no,LOW_RISK
38,regular,66706.22,9.16,32365.1,15499.84,58892.76,13,1,12621.02,no,LOW_RISK
40,contractual,76103.47,4.82,4299.43,13069.4,96685.27,20,1,110018.61,yes,LOW_RISK
54,self_employed,78482.25,8.95,19957.38,25799.37,68624.3,18,0,41408.53,yes,LOW_RISK
39,regular,68537.13,8.8,34421.79,13509.63,65106.55,12,1,14954.3,no,LOW_RISK
33,regular,23883.87,3.64,99554.13,2037.7,292477.56,6,0,19050.23,yes,LOW_RISK
23,contractual,13848.14,1.09,2883.37,0.0,44005.82,18,0,8548.89,yes,LOW_RISK
44,self_employed,51582.45,5.8,14755.68,12845.71,139103.28,13,0,64760.68,no,LOW_RISK
51,regular,22060.89,4.46,4985.7,6723.1,42757.35,37,0,9815.0,yes,LOW_RISK
24,regular,29892.65,0.71,60065.95,7775.93,41699.55,19,0,14663.18,no,LOW_RISK
50,regular,69610.32,12.56,54528.72,906.13,105401.36,23,0,17534.38,no,LOW_RISK
50,regular,14123.05,10.04,56160.19,4753.69,98298.04,12,1,47685.38,no,LOW_RISK
27,self_employed,47584.26,0.0,22186.97,6266.17,87268.39,17,0,22080.11,no,LOW_RISK
37,regular,44221.65,7.95,38362.57,5413.83,19796.83,36,1,16287.65,no,LOW_RISK
41,regular,50585.09,5.11,23076.27,6420.45,89653.45,19,3,48621.12,no,LOW_RISK
62,regular,21356.46,21.96,21737.29,4364.13,56923.86,23,2,54068.29,yes,LOW_RISK
60,regular,52842.97,5.93,54804.58,17536.08,44778.31,38,1,14599.28,no,LOW_RISK
53,self_employed,24016.61,2.16,48334.36,968.97,37621.74,24,0,10142.72,yes,LOW_RISK
36,regular,51325.3,2.89,13022.21,12543.23,101443.78,18,0,42003.2,no,LOW_RISK
62,regular,36451.15,7.81,100834.66,1409.15,117693.58,18,0,41960.62,yes,LOW_RISK
24,regular,31179.18,0.24,13224.89,10458.34,97168.24,12,0,10277.57,no,LOW_RISK
62,regular,53691.4,4.98,52578.42,1575.06,67245.09,36,3,8691.52,yes,LOW_RISK
50,regular,65060.75,4.76,70554.57,29190.09,119590.44,24,1,73085.84,yes,LOW_RISK
60,regular,18375.01,21.05,39523.28,9898.55,26918.59,24,0,91826.1,no,LOW_RISK
21,regular,50659.0,0.15,55675.02,21046.78,99686.16,11,0,10377.41,no,LOW_RISK
57,regular,43165.15,15.69,24291.6,10478.21,26309.04,12,2,28912.57,yes,LOW_RISK
33,regular,74014.13,4.16,58212.92,1891.01,66134.75,11,0,39512.48,no,LOW_RISK
27,regular,45579.94,1.84,46418.68,2441.48,19959.17,23,0,24609.72,yes,LOW_RISK
48,regular,10369.13,6.84,36497.28,1557.17,48802.99,11,1,5758.41,no,LOW_RISK
52,regular,20071.94,4.81,8436.12,7517.4,42714.71,37,0,9611.86,yes,LOW_RISK
48,regular,12469.29,3.03,38210.65,5477.72,28235.81,36,1,43016.45,yes,LOW_RISK
39,regular,41207.94,3.7,34176.39,11468.2,283558.38,18,1,7902.35,yes,LOW_RISK
41,regular,24898.39,4.46,52793.52,3366.86,108995.21,24,2,27868.5,no,LOW_RISK
47,regular,28519.03,14.65,20041.44,3553.13,1414.78,24,3,2448.42,yes,LOW_RISK
44,regular,59964.45,8.99,65221.41,13994.29,124587.93,19,0,79878.53,no,LOW_RISK
53,regular,23908.55,3.97,9732.47,6445.99,46470.42,36,0,9183.26,yes,LOW_RISK
65,self_employed,14523.5,15.31,53373.64,2693.38,103292.73,13,0,41360.03,no,LOW_RISK
38,regular,39545.16,3.25,29406.18,10054.65,276555.37,18,1,7608.36,yes,LOW_RISK
38,regular,40552.52,4.46,24191.99,13148.74,83870.61,24,0,5982.3,yes,LOW_RISK
48,regular,97493.57,1.48,16577.08,3636.16,52803.78,12,1,15441.44,no,LOW_RISK
58,regular,57567.97,16.89,45880.18,3025.06,36988.38,17,3,48106.05,no,LOW_RISK
63,regular,51627.58,14.9,11468.2,4935.64,101264.4,24,2,13841.66,yes,LOW_RISK
44,regular,62386.5,7.91,13443.66,15544.89,93800.86,23,1,13973.44,yes,LOW_RISK
53,regular,31041.03,14.18,58144.3,2478.31,165378.12,36,1,5517.28,no,LOW_RISK
34,regular,60582.27,3.07,76237.69,10083.99,83672.98,24,0,12680.95,no,LOW_RISK
32,regular,26954.15,6.69,12584.46,1108.42,130570.58,36,2,2029.85,no,LOW_RISK
35,regular,38795.05,1.14,74481.55,1999.59,31830.43,12,1,20081.35,no,LOW_RISK
67,regular,12137.58,3.33,53812.94,278.83,29692.24,12,1,27884.64,yes,LOW_RISK
23,regular,17589.91,0.47,32297.57,0.0,39439.87,23,1,22381.74,no,LOW_RISK
41,self_employed,17915.55,1.91,69820.22,1100.68,53203.76,37,2,29682.55,yes,LOW_RISK
56,self_employed,39299.71,9.77,26560.09,10843.05,146713.15,24,0,11792.35,no,LOW_RISK
33,contractual,11357.17,2.62,33497.81,1806.9,94174.51,17,1,27092.3,no,LOW_RISK
40,regular,38372.27,1.07,75113.04,14644.63,124387.02,24,0,69777.52,no,LOW_RISK
56,regular,66429.68,4.75,15344.26,15235.84,258156.23,37,3,9471.0,yes,LOW_RISK
41,self_employed,55624.42,4.94,9540.88,5967.98,56165.46,18,1,9639.52,no,LOW_RISK
34,regular,39425.02,1.91,22700.73,2297.8,104206.06,11,0,8819.73,no,LOW_RISK
31,self_employed,40053.69,5.54,10971.94,18701.88,66283.77,26,2,13794.26,yes,LOW_RISK
35,contractual,29108.35,6.28,70613.52,9095.56,22012.07,24,0,63397.24,yes,LOW_RISK
63,regular,72436.82,18.54,73695.02,16224.07,80756.82,17,0,43884.4,no,LOW_RISK
59,regular,30661.06,7.89,119647.49,8247.0,17663.86,24,0,37151.55,no,LOW_RISK
45,regular,11246.37,4.66,74694.49,563.29,23037.76,24,2,45526.89,yes,LOW_RISK
54,regular,17005.59,18.66,22068.88,9401.41,48489.11,24,1,24028.74,yes,LOW_RISK
22,regular,73596.64,0.91,58368.46,7990.18,93438.38,11,3,7044.91,yes,LOW_RISK
22,regular,21489.41,0.0,8923.4,3767.96,127167.38,36,1,30765.29,yes,LOW_RISK
52,self_employed,36263.63,13.1,83481.82,12817.21,18428.39,11,0,0.0,no,LOW_RISK
59,regular,69881.93,18.35,27938.36,20727.39,83283.55,12,0,11873.81,no,LOW_RISK
46,regular,28272.71,1.85,91627.13,9819.34,36346.64,12,0,29544.61,yes,LOW_RISK
39,contractual,33598.59,9.65,33265.53,15278.81,26049.72,6,0,18336.6,yes,LOW_RISK
54,regular,14040.37,14.2,44056.88,1802.79,19727.15,18,2,40459.22,no,LOW_RISK
53,regular,21545.87,13.81,8232.75,8702.86,145681.37,25,1,12372.35,no,LOW_RISK
27,regular,33575.71,2.62,34478.42,13114.41,70292.51,6,0,25898.33,no,LOW_RISK
49,regular,8411.51,11.67,86743.28,4083.31,14254.38,12,1,37901.02,yes,LOW_RISK
62,regular,42292.18,6.15,114817.47,6353.46,89079.62,35,1,4734.9,no,LOW_RISK
37,regular,20610.77,2.02,51798.78,7585.35,42945.95,23,1,29846.78,yes,LOW_RISK
43,regular,28287.44,7.76,25519.58,5886.34,95299.87,12,1,1683.23,yes,LOW_RISK
55,regular,23683.94,17.18,68244.72,4144.87,164476.52,24,0,56544.71,yes,LOW_RISK
43,regular,27191.09,5.49,63944.89,10788.25,147389.0,11,1,6320.91,yes,LOW_RISK
33,regular,25074.88,4.57,100028.56,1302.46,294197.52,6,0,17532.85,yes,LOW_RISK
63,contractual,37043.37,14.61,72143.21,8754.89,35934.2,24,0,10776.93,no,LOW_RISK
56,regular,26298.37,6.7,34089.41,13238.89,23017.89,23,1,2824.15,yes,LOW_RISK
57,regular,108973.05,5.89,141413.29,26608.54,54335.53,24,2,103584.31,no,LOW_RISK
34,regular,32412.65,4.26,30069.37,4881.71,89344.78,37,1,31767.41,no,LOW_RISK
40,regular,45936.46,9.75,46511.27,15363.63,107303.18,23,2,52625.89,yes,LOW_RISK
59,regular,25615.95,18.05,30136.55,9923.1,62561.46,13,0,15811.21,no,LOW_RISK
34,regular,58600.44,6.11,84087.19,19738.81,199845.34,12,0,25508.52,no,LOW_RISK
45,self_employed,33510.63,4.84,9481.64,2646.51,54529.49,6,1,13150.95,yes,LOW_RISK
56,regular,19951.91,18.39,3507.7,5483.02,32202.73,12,2,23186.58,yes,LOW_RISK
36,regular,31966.09,6.33,81438.79,7156.92,225601.37,25,0,20405.71,no,LOW_RISK
54,regular,24177.02,16.64,56453.99,3197.49,171230.82,24,0,53719.69,yes,LOW_RISK
29,self_employed,26155.67,3.27,3713.73,571.85,176293.49,24,1,38299.94,yes,LOW_RISK
46,contractual,64821.86,12.9,14389.7,12725.06,21220.44,25,1,31001.89,yes,LOW_RISK
21,regular,51190.06,0.45,91578.12,5057.14,47728.98,36,0,21593.1,no,LOW_RISK
57,regular,13413.16,15.1,21035.57,2749.1,161185.3,38,0,53324.15,no,LOW_RISK
48,regular,54704.47,12.87,25702.93,14471.37,98169.32,37,0,16168.15,yes,LOW_RISK
53,contractual,44170.49,15.57,126109.64,7720.97,49021.72,24,0,26367.37,no,LOW_RISK
23,regular,79408.8,0.97,54546.81,21865.88,60588.03,24,0,18862.77,no,LOW_RISK
48,regular,32911.97,1.3,32159.57,8916.15,93526.45,12,0,77824.94,no,LOW_RISK
23,regular,9825.46,1.76,31066.4,3595.18,43169.36,12,1,1139.85,yes,LOW_RISK
39,regular,33325.3,2.64,30809.67,3731.1,54153.75,6,2,26080.57,yes,LOW_RISK
43,regular,22785.24,4.73,50299.8,8211.51,37293.75,12,1,16181.39,yes,LOW_RISK
52,regular,25117.48,3.59,73978.37,12136.25,108098.86,35,1,11722.34,yes,LOW_RISK
51,contractual,18445.98,10.33,21508.75,3508.03,94046.74,7,1,60458.33,no,LOW_RISK
41,regular,19347.13,8.02,48281.42,6451.99,83005.47,13,2,23908.56,yes,LOW_RISK
58,regular,20768.6,19.73,43411.2,1255.33,63383.9,35,1,76577.97,no,LOW_RISK
33,regular,45557.8,3.24,24480.95,8312.51,38225.85,36,0,808.63,no,LOW_RISK
26,regular,48997.47,2.9,16009.95,7780.73,46502.02,13,0,22457.9,no,LOW_RISK
58,regular,18674.5,20.65,37770.83,9199.46,22475.51,25,0,92307.87,no,LOW_RISK
44,self_employed,17885.49,11.35,13213.93,755.7,33484.42,12,1,6659.72,no,LOW_RISK
33,regular,39181.34,7.83,31105.81,12819.82,81307.55,13,0,9809.41,yes,LOW_RISK
65,regular,37700.51,6.84,100189.16,1377.81,112157.26,18,0,45290.46,yes,LOW_RISK
27,regular,61413.65,1.79,38339.61,5506.82,47373.77,24,2,12610.14,no,LOW_RISK
41,self_employed,34642.02,2.78,48059.56,7887.52,25809.07,11,0,42380.55,yes,LOW_RISK
37,self_employed,31853.74,4.08,85955.63,2928.55,27330.83,21,0,20903.16,yes,LOW_RISK
25,self_employed,20568.26,0.91,10950.28,4748.08,34329.95,23,1,14850.01,yes,LOW_RISK
58,regular,18789.42,1.78,80752.56,3380.55,26825.09,24,1,27156.25,yes,LOW_RISK
52,regular,13920.92,6.26,73534.1,1155.65,49641.73,12,1,27452.07,yes,LOW_RISK
29,self_employed,52614.87,2.3,42124.57,2049.68,43527.23,24,1,16764.89,no,LOW_RISK
32,regular,79650.64,3.92,6501.97,13523.0,72204.87,37,0,2980.68,yes,LOW_RISK
31,self_employed,50145.85,4.32,82478.06,4235.16,33644.93,12,0,80118.03,yes,LOW_RISK
63,regular,32201.12,7.76,12769.84,8596.02,97512.2,36,0,0.0,no,LOW_RISK
37,regular,22611.21,8.76,100271.36,5325.76,74328.54,16,2,18110.33,yes,LOW_RISK
53,regular,33637.09,18.92,5120.65,7642.34,61779.15,11,2,10336.77,no,LOW_RISK
50,regular,71303.22,11.71,48410.4,11283.33,252596.46,17,2,15933.43,yes,LOW_RISK
35,regular,42972.29,6.33,111270.12,4121.71,96928.5,12,2,3375.23,yes,LOW_RISK
43,self_employed,46790.61,8.47,7737.43,24127.75,26801.55,18,1,31708.99,no,LOW_RISK
27,regular,40158.29,0.74,62977.44,1368.73,33342.53,18,2,6234.33,no,LOW_RISK
57,self_employed,41500.59,9.77,28439.7,8397.69,145876.07,24,0,13491.79,no,LOW_RISK
57,regular,50271.22,20.0,58040.02,9808.13,18643.22,23,1,5813.0,yes,LOW_RISK
57,regular,31760.84,18.83,110493.53,12245.19,13818.31,13,0,24211.33,no,LOW_RISK
45,self_employed,78868.64,11.72,32226.32,32594.39,46036.89,6,0,57817.43,no,LOW_RISK
44,regular,28897.13,11.4,114938.11,2083.32,198685.21,25,0,29037.13,no,LOW_RISK
55,regular,23524.55,12.1,43366.72,6139.9,128519.98,6,1,27603.62,yes,LOW_RISK
54,contractual,14504.36,15.86,24589.16,1714.64,78779.67,18,0,13032.94,yes,LOW_RISK
61,regular,43572.04,16.15,63904.37,12750.1,10571.67,24,0,3537.05,no,LOW_RISK
30,self_employed,12163.72,0.52,32553.63,1512.42,31976.19,12,0,17599.62,no,LOW_RISK
61,regular,14127.74,13.56,28934.43,2199.85,50408.23,25,2,8477.48,yes,LOW_RISK
57,regular,54177.85,12.94,17092.51,23866.66,142823.7,24,0,41775.43,no,LOW_RISK
34,regular,31386.79,1.67,11920.53,12813.84,128614.49,36,0,2056.69,yes,LOW_RISK
24,self_employed,35319.76,0.96,44076.33,1477.08,84065.08,23,1,10326.0,yes,LOW_RISK
20,regular,23088.42,0.65,35747.21,10385.92,31394.92,12,0,11020.5,no,LOW_RISK
40,regular,15932.49,2.49,34966.68,2749.39,77259.92,11,0,58473.81,yes,LOW_RISK
31,regular,80100.46,4.22,9373.84,13883.48,73965.01,36,0,4148.82,yes,LOW_RISK
43,regular,54791.71,9.86,16724.34,20990.84,32318.61,24,1,9932.41,no,LOW_RISK
61,regular,20936.59,7.25,50982.08,3485.72,129463.9,13,4,87471.6,yes,LOW_RISK
52,contractual,49959.62,13.74,27577.21,8932.4,145013.23,23,1,51742.62,no,LOW_RISK
63,regular,25291.58,13.82,30191.9,2478.75,58266.16,36,4,22015.07,yes,LOW_RISK
24,self_employed,18544.0,0.71,6680.15,4670.59,54138.02,24,1,13941.73,yes,LOW_RISK
49,regular,27738.34,3.5,77652.12,10756.07,110223.8,36,1,14879.46,yes,LOW_RISK
58,self_employed,18513.99,11.14,23592.18,3015.49,112392.72,35,0,41012.7,no,LOW_RISK
53,regular,28948.93,8.44,8512.64,11101.42,30076.19,22,0,23092.55,yes,LOW_RISK
21,regular,22512.68,0.75,27978.75,9952.48,38665.4,11,0,9818.59,no,LOW_RISK
49,regular,62421.32,5.85,26417.34,9362.7,117685.21,12,3,9502.72,no,LOW_RISK
54,regular,20224.96,13.38,23175.55,5642.72,11669.02,24,0,25314.67,yes,LOW_RISK
49,regular,60830.75,5.57,26168.25,8607.07,117985.13,12,3,11310.51,no,LOW_RISK
45,regular,37834.35,12.56,37205.26,3129.95,72589.49,13,2,12199.85,no,LOW_RISK
20,regular,70588.85,0.58,14028.38,8910.97,29769.78,6,1,29730.83,no,LOW_RISK
20,regular,22994.57,0.41,7023.08,4575.92,130009.9,35,1,29333.81,yes,LOW_RISK
45,regular,76981.46,5.87,34340.3,20845.52,34494.23,24,1,36797.83,yes,LOW_RISK
55,regular,26581.98,12.2,119806.23,5089.75,273842.44,18,1,4362.38,no,LOW_RISK
59,regular,32676.68,7.02,116580.47,8197.63,18715.51,24,0,39334.36,no,LOW_RISK
28,self_employed,20111.94,3.15,16161.39,3148.87,2173.52,13,0,16939.05,yes,LOW_RISK
41,self_employed,53958.71,6.62,17445.38,12183.61,51865.15,12,0,22766.97,no,LOW_RISK
61,self_employed,51017.58,11.44,40031.17,4347.89,70592.82,12,0,17893.61,yes,LOW_RISK
37,regular,22108.15,9.54,15092.95,5208.56,378530.62,6,1,53516.8,yes,LOW_RISK
26,regular,33588.62,3.12,36953.17,11410.27,82094.96,7,0,29146.75,no,LOW_RISK
55,regular,28223.96,11.11,170938.81,11862.27,14007.62,18,0,20274.48,yes,LOW_RISK
51,regular,24528.95,14.56,45532.9,9467.2,19677.0,6,0,17737.13,no,LOW_RISK
58,regular,57048.09,16.73,49565.53,3036.04,28402.54,18,3,47278.2,no,LOW_RISK
45,regular,21200.62,9.81,66446.18,2723.39,45794.2,35,3,9727.86,no,LOW_RISK
53,contractual,45805.16,16.25,136769.77,7154.15,40836.64,24,0,25117.42,no,LOW_RISK
50,regular,60146.99,4.97,71252.18,30439.67,112273.77,24,1,71494.06,yes,LOW_RISK
45,regular,77025.96,6.53,34850.83,22113.75,50187.12,24,1,38567.77,yes,LOW_RISK
64,contractual,61089.91,3.39,22884.39,8066.15,45844.42,12,1,25780.49,yes,LOW_RISK
35,regular,36429.46,1.86,72188.42,2279.09,31709.07,13,1,20331.6,no,LOW_RISK
26,regular,51400.27,0.5,44885.63,5313.77,145254.08,25,0,27921.55,no,LOW_RISK
39,self_employed,29840.74,3.71,83958.89,3964.48,23355.69,24,0,24155.08,yes,LOW_RISK
59,self_employed,74894.05,6.67,12986.4,6454.65,53490.18,6,2,38899.58,no,LOW_RISK
31,regular,50922.5,6.14,36161.04,11984.88,385274.5,13,2,14460.19,yes,LOW_RISK
49,regular,25148.07,14.14,33066.88,6131.65,60353.42,24,1,7887.4,no,LOW_RISK
64,self_employed,29326.46,6.24,32648.56,11027.82,100483.85,17,0,16429.77,no,LOW_RISK
35,regular,37077.11,1.95,25990.05,6104.07,24615.06,24,0,38655.06,yes,LOW_RISK
34,regular,38595.8,7.68,29897.72,12037.08,97986.91,12,0,7854.07,yes,LOW_RISK
21,regular,24382.24,0.79,34058.1,9222.11,29786.16,12,0,8721.49,no,LOW_RISK
34,regular,21739.49,6.25,53161.34,2666.89,57940.07,19,1,43670.11,no,LOW_RISK
49,regular,10968.08,4.7,72366.26,1843.84,41062.36,23,2,43927.4,yes,LOW_RISK
31,regular,33593.28,4.35,29999.94,4015.47,90825.67,35,1,28841.03,no,LOW_RISK
25,regular,14802.32,1.79,49325.75,5356.04,28464.98,12,2,55202.15,yes,LOW_RISK
63,self_employed,10476.46,13.86,58600.56,2253.08,99921.29,12,0,43264.42,no,LOW_RISK
26,regular,30117.13,2.64,56923.41,3149.42,29415.09,11,1,12855.59,no,LOW_RISK
54,regular,22999.72,8.58,129572.23,9065.39,43332.36,17,2,10579.67,yes,LOW_RISK
42,contractual,41782.03,11.22,19373.33,5251.08,51569.42,24,2,58674.64,yes,LOW_RISK
58,regular,18813.31,1.93,79901.43,4224.7,44249.5,24,1,29904.4,yes,LOW_RISK
44,contractual,36925.08,4.16,76614.99,5266.36,135971.53,23,0,8268.42,no,LOW_RISK
44,self_employed,79678.68,13.0,26401.43,33807.53,50405.98,6,0,60839.53,no,LOW_RISK
53,contractual,52566.46,7.05,14498.13,14892.75,4608.95,18,0,44953.51,no,LOW_RISK
51,regular,10616.61,4.49,53891.55,2055.52,35157.06,25,0,16059.08,no,LOW_RISK
58,self_employed,39642.14,10.41,24261.38,9153.48,151791.93,24,0,14816.23,no,LOW_RISK
32,regular,36835.48,1.78,19625.15,4036.72,108467.13,12,0,7662.15,no,LOW_RISK
64,self_employed,42312.5,3.91,5349.07,5812.56,65159.4,24,0,1482.32,no,LOW_RISK
56,regular,56312.98,12.69,16592.05,13147.93,68352.92,12,2,59075.29,no,LOW_RISK
24,regular,29034.27,3.06,76261.28,1645.26,107617.85,36,1,11888.47,yes,LOW_RISK
43,self_employed,17735.79,9.54,22484.03,61.15,21259.54,13,1,8404.41,no,LOW_RISK
54,regular,12183.06,8.93,55937.95,5604.63,111843.99,13,1,48463.45,no,LOW_RISK
41,self_employed,41921.78,5.29,6047.53,2702.54,48867.28,23,0,40344.73,yes,LOW_RISK
50,regular,27338.0,3.92,80094.1,11668.22,106571.5,35,1,16687.11,yes,LOW_RISK
63,self_employed,13738.94,15.52,57166.23,2211.92,112036.98,11,0,44427.51,no,LOW_RISK
29,regular,40562.22,0.89,57326.01,1691.4,30542.27,19,2,628.16,no,LOW_RISK
40,self_employed,17521.0,1.9,32102.25,2765.03,36286.59,11,0,61643.38,yes,LOW_RISK
56,regular,31272.93,19.1,106297.49,12032.3,6646.25,13,0,22230.68,no,LOW_RISK
41,self_employed,30545.21,10.13,20594.68,7487.07,152619.62,12,1,33191.76,yes,LOW_RISK
43,regular,27890.26,3.87,23731.5,2230.37,44578.67,36,2,3460.37,yes,LOW_RISK
27,self_employed,83273.8,0.84,69503.39,7798.75,83075.44,12,0,16809.29,no,LOW_RISK
47,regular,11080.78,13.76,23841.65,4973.93,101694.29,25,1,82458.8,no,LOW_RISK
23,regular,21432.77,1.45,25788.91,5201.53,40422.97,18,1,40435.32,no,LOW_RISK
41,self_employed,42379.45,6.29,7808.05,3220.16,59637.68,23,0,43535.92,yes,LOW_RISK
62,regular,37132.07,6.06,100526.79,2149.03,102952.92,17,0,39144.48,yes,LOW_RISK
36,regular,57404.84,1.78,103281.21,13528.19,47244.65,17,2,3114.34,yes,LOW_RISK
32,self_employed,12900.54,1.64,51787.83,1803.3,43591.47,13,1,48359.94,no,LOW_RISK
61,regular,25716.83,6.44,18885.57,1098.51,78118.39,19,0,3905.46,no,LOW_RISK
42,regular,127818.93,9.31,48902.26,47169.35,136911.56,25,0,6565.33,no,LOW_RISK
50,contractual,12937.57,6.37,12385.89,1331.44,22392.53,36,0,6152.2,no,LOW_RISK
62,regular,22317.69,17.63,66964.53,1967.87,46228.5,17,0,8226.26,yes,LOW_RISK
52,regular,33172.61,7.52,8520.72,11206.21,37741.94,23,0,23364.39,yes,LOW_RISK
65,regular,17081.72,16.2,23303.04,3996.93,86951.27,35,2,23158.07,yes,LOW_RISK
56,regular,48368.87,6.58,9495.07,18328.66,116832.5,24,1,123.25,no,LOW_RISK
49,regular,10481.83,9.06,33405.47,3706.15,38189.98,19,0,28048.19,no,LOW_RISK
42,self_employed,34668.31,2.77,45610.18,8055.98,24541.66,13,0,40962.82,yes,LOW_RISK
41,regular,44059.64,6.58,126020.94,11528.31,62219.97,24,1,5492.86,no,LOW_RISK
42,regular,17770.14,4.76,83576.68,1145.0,130219.38,22,2,6076.83,yes,LOW_RISK
41,regular,66180.95,3.82,30359.41,11894.51,62283.97,17,1,40773.25,no,LOW_RISK
59,regular,14535.16,12.44,22419.77,1584.32,83033.36,37,0,8484.56,no,LOW_RISK
56,regular,45145.75,16.55,16782.18,5928.82,69116.74,24,1,68829.84,yes,LOW_RISK
48,regular,7555.99,6.08,34316.05,3095.33,44547.16,12,1,6934.78,no,LOW_RISK
43,self_employed,28346.44,10.26,89401.6,4663.2,22368.09,18,0,71154.62,yes,LOW_RISK
29,self_employed,19527.61,2.26,18711.75,4166.0,10499.01,11,0,15613.85,yes,LOW_RISK
27,contractual,39044.88,3.13,30275.5,9776.57,159101.01,11,0,28747.94,yes,LOW_RISK
43,contractual,72341.09,6.01,5432.55,13939.3,102507.99,19,1,110654.13,yes,LOW_RISK
30,regular,22589.73,1.52,69673.81,5204.43,16526.86,37,1,17918.02,no,LOW_RISK
58,regular,42318.56,2.1,8669.64,3774.39,172536.53,35,0,16821.39,yes,LOW_RISK
43,regular,11164.35,9.88,92891.85,1173.07,39460.26,35,1,28689.92,no,LOW_RISK
61,self_employed,50167.64,11.42,41298.44,5826.18,80024.64,12,0,21690.36,yes,LOW_RISK
39,regular,79680.48,3.22,53386.27,21495.91,18525.74,6,1,21561.45,no,LOW_RISK
58,regular,48988.14,6.07,7530.43,16978.21,109054.81,24,1,0.0,no,LOW_RISK
40,self_employed,44492.04,8.48,34102.57,15736.78,148994.99,7,0,3733.42,no,LOW_RISK
38,regular,33857.56,4.08,35127.24,8905.11,35887.58,11,0,3816.94,yes,LOW_RISK
55,contractual,57288.46,6.96,15066.21,15386.71,14647.7,19,0,46875.17,no,LOW_RISK
30,self_employed,62362.82,3.13,47782.28,10989.32,15445.58,6,1,29955.35,yes,LOW_RISK
27,regular,20125.52,1.4,26387.05,4042.05,46239.68,12,1,24889.24,yes,LOW_RISK
33,self_employed,13530.46,1.47,51385.13,981.82,53145.5,12,1,49048.7,no,LOW_RISK
23,regular,10936.19,1.42,41525.37,828.64,97614.07,13,1,12434.11,yes,LOW_RISK
26,contractual,37823.39,3.11,34460.25,9179.11,147913.97,10,0,27778.25,yes,LOW_RISK
36,regular,15552.26,7.96,42201.09,4995.71,82102.15,25,0,28191.83,yes,LOW_RISK
53,contractual,49619.6,5.45,48442.89,10930.38,72046.45,35,0,9281.56,no,LOW_RISK
23,regular,73321.18,0.34,56129.27,23347.1,52981.16,24,0,17471.22,no,LOW_RISK
59,regular,72496.99,4.93,85718.21,10370.41,111994.77,13,1,32983.95,yes,LOW_RISK
26,regular,61113.33,1.13,111655.65,11282.25,31495.91,23,1,38342.15,yes,LOW_RISK
55,regular,31106.91,14.37,20251.32,818.33,156706.07,35,2,24729.51,yes,LOW_RISK
44,regular,26160.19,7.74,36193.88,4001.88,401671.31,24,1,20965.5,yes,LOW_RISK
62,regular,37756.81,13.86,103224.87,5016.5,17055.72,6,1,101451.64,no,LOW_RISK
53,regular,62441.95,5.17,65857.05,29267.77,128978.37,23,1,69299.37,yes,LOW_RISK
62,contractual,39116.09,12.2,79999.41,8592.13,31493.67,24,0,12500.87,no,LOW_RISK
66,self_employed,63362.0,25.14,37621.82,17195.5,70001.73,12,2,12188.85,yes,LOW_RISK
28,self_employed,55113.07,2.7,40072.51,2465.71,40374.85,24,1,14753.52,no,LOW_RISK
27,regular,47010.7,2.63,62954.8,15685.46,39198.09,23,1,13010.13,yes,LOW_RISK
31,self_employed,62145.55,3.91,43383.77,12196.02,16156.29,6,1,28932.96,yes,LOW_RISK
26,self_employed,37235.95,1.04,61675.47,11241.93,70597.43,12,0,7133.47,yes,LOW_RISK
29,self_employed,49620.12,2.12,11113.1,3809.03,56653.65,12,1,83875.34,yes,LOW_RISK
55,regular,37635.86,17.12,50386.66,4912.73,18476.41,18,0,39962.29,no,LOW_RISK
36,regular,35603.52,6.99,19093.01,2206.96,113018.31,24,2,13238.22,no,LOW_RISK
61,regular,49218.07,14.22,12754.77,5600.26,95072.65,24,2,17768.08,yes,LOW_RISK
58,regular,57134.42,12.25,19949.07,15083.33,64945.61,11,2,54245.21,no,LOW_RISK
31,regular,37605.2,5.78,52550.81,13039.02,47227.58,18,0,17307.06,yes,LOW_RISK
42,self_employed,30633.21,10.22,21481.38,7812.81,151549.99,12,1,37902.76,yes,LOW_RISK
52,regular,14108.77,9.08,51129.93,6091.55,103317.62,12,1,51915.58,no,LOW_RISK
46,regular,37838.84,9.25,34144.05,5515.8,82580.19,25,0,20849.61,no,LOW_RISK
64,regular,19000.72,17.32,62198.51,1878.94,42944.8,17,0,10690.01,yes,LOW_RISK
25,regular,11016.87,0.55,41039.13,2988.85,91352.07,10,1,8693.98,yes,LOW_RISK
56,regular,71695.7,3.39,18529.58,14519.66,38392.09,6,0,5209.14,no,LOW_RISK
27,regular,44624.57,1.81,10390.93,3803.57,294909.22,11,1,44757.3,no,LOW_RISK
33,regular,33866.57,0.93,10745.68,12337.38,120890.53,34,0,3617.35,yes,LOW_RISK
51,regular,36886.77,1.86,16340.7,2341.78,82515.73,25,0,38514.83,no,LOW_RISK
58,regular,57898.58,14.79,89273.36,17890.67,64552.75,24,1,52034.11,yes,LOW_RISK
51,contractual,32302.28,11.72,20896.64,6591.49,32900.53,12,0,28221.22,yes,LOW_RISK
65,regular,22389.4,15.48,23613.09,4197.78,88430.92,36,2,24368.64,yes,LOW_RISK
24,regular,35561.78,1.61,120866.31,7441.33,59814.31,24,1,30613.73,no,LOW_RISK
64,regular,24714.14,19.84,36970.05,7577.55,4418.98,12,2,17744.88,no,LOW_RISK
37,regular,33154.07,6.89,17457.51,2696.77,100899.71,25,2,11494.67,no,LOW_RISK
59,regular,45697.73,7.02,44396.29,5934.89,41046.29,12,0,1550.41,yes,LOW_RISK
39,regular,31111.9,10.04,858.34,13529.36,51780.46,12,0,20095.15,yes,LOW_RISK
61,regular,19175.29,6.9,49159.62,3761.19,112298.61,12,4,88332.09,yes,LOW_RISK
34,contractual,69617.07,3.77,20515.57,2611.26,74369.02,37,1,10137.39,yes,LOW_RISK
40,contractual,76157.29,5.17,7263.94,13013.0,106505.57,18,1,110658.52,yes,LOW_RISK
50,regular,15502.48,2.92,39391.39,6634.0,19512.36,35,1,41308.96,yes,LOW_RISK
47,regular,40889.83,8.2,57711.53,3915.63,96431.07,18,1,38084.85,yes,LOW_RISK
62,regular,38545.53,6.75,100552.56,561.11,112071.68,18,0,42906.47,yes,LOW_RISK
58,regular,21968.09,17.69,32703.38,592.76,47320.02,24,0,52017.71,no,LOW_RISK
60,regular,20875.91,12.33,139918.46,5190.07,27292.05,24,0,58701.93,no,LOW_RISK
57,self_employed,69064.03,6.02,16127.47,6818.59,65042.94,6,2,38444.68,no,LOW_RISK
37,self_employed,15480.11,7.02,57842.32,7063.7,67310.66,18,0,3490.35,yes,LOW_RISK
49,regular,88083.82,9.14,14764.83,19804.64,137865.94,23,2,40680.88,no,LOW_RISK
63,regular,21263.09,18.05,63586.59,2690.35,48545.47,18,0,10338.45,yes,LOW_RISK
34,regular,27979.05,2.42,21289.08,12293.7,72441.55,36,1,13600.33,yes,LOW_RISK
41,contractual,78175.46,5.21,4821.69,13896.76,99182.41,19,1,108655.57,yes,LOW_RISK
45,regular,27024.2,11.52,117826.77,3195.21,203121.99,25,0,30054.37,no,LOW_RISK
47,regular,21679.06,2.29,37571.72,8787.5,10347.21,23,0,41107.82,yes,LOW_RISK
32,regular,44317.88,2.47,111530.58,13266.55,188466.26,12,1,41075.1,no,LOW_RISK
35,regular,63257.15,3.32,78061.37,10673.02,99024.46,24,0,11658.72,no,LOW_RISK
49,regular,54662.66,15.22,20066.88,12435.79,60012.51,24,0,10960.33,no,LOW_RISK
60,regular,53936.77,6.57,7514.83,18052.5,101677.08,24,1,61172.43,no,LOW_RISK
59,regular,39841.7,14.04,41899.92,2325.65,151282.17,12,0,11914.21,no,LOW_RISK
42,regular,31724.88,10.73,3333.55,14504.48,58185.8,12,0,19039.45,yes,LOW_RISK
27,regular,14869.8,1.43,2868.17,0.0,36704.45,12,1,23380.51,yes,LOW_RISK
58,regular,23060.36,17.01,33010.61,787.36,47463.49,25,0,50911.06,no,LOW_RISK
45,self_employed,22330.68,12.21,19645.49,2419.34,32214.48,11,1,7543.01,no,LOW_RISK
58,regular,61148.65,14.42,86834.28,16965.87,62470.79,24,1,53262.21,yes,LOW_RISK
54,self_employed,25343.06,8.21,38791.27,5487.85,99817.4,24,0,15332.41,yes,LOW_RISK
49,regular,31125.91,4.66,114467.84,2341.28,235100.1,18,0,36682.96,yes,LOW_RISK
35,regular,71139.65,4.14,62324.31,2234.8,64086.9,12,0,37644.61,no,LOW_RISK
42,regular,61059.03,7.33,14868.17,13455.5,88705.13,25,1,15548.01,yes,LOW_RISK
56,self_employed,37199.27,9.67,30089.3,10339.88,147254.37,23,0,14314.95,no,LOW_RISK
63,contractual,57946.87,3.0,27520.41,7227.29,36721.05,11,1,25306.61,yes,LOW_RISK
65,regular,39176.36,14.4,25617.51,6178.88,85441.23,6,1,32897.74,yes,LOW_RISK
54,regular,20742.6,9.2,130065.71,9807.24,39839.78,17,2,10932.85,yes,LOW_RISK
40,self_employed,56623.98,6.48,18877.11,9245.72,125226.61,23,1,28026.5,no,LOW_RISK
53,regular,37937.39,16.8,52052.96,6680.8,18123.57,18,0,36642.23,no,LOW_RISK
25,regular,21498.74,1.81,22768.28,5019.66,45853.35,17,1,41796.19,no,LOW_RISK
62,contractual,58388.41,3.77,19873.7,8386.7,44863.51,12,1,28428.61,yes,LOW_RISK
53,regular,33485.22,2.62,20872.35,1716.25,93419.98,13,0,3036.76,no,LOW_RISK
61,regular,51941.99,15.63,7890.17,12803.95,48335.2,36,1,59687.72,no,LOW_RISK
42,regular,32002.48,10.58,4082.01,14952.27,49354.48,13,0,21340.68,yes,LOW_RISK
35,regular,24069.16,6.69,19042.03,4312.45,74598.64,17,0,23511.87,no,LOW_RISK
64,regular,33577.83,13.19,102250.07,4469.5,25402.28,6,1,101961.38,no,LOW_RISK
38,regular,18177.35,8.26,42812.96,6744.43,85119.62,25,0,21602.2,yes,LOW_RISK
34,self_employed,43431.64,4.75,6471.41,7772.67,47826.16,19,0,11155.63,yes,LOW_RISK
57,contractual,38168.56,16.91,11950.63,9726.29,76163.78,25,0,4781.99,yes,LOW_RISK
57,contractual,20188.8,11.61,4319.32,2369.15,62742.83,12,0,126418.08,no,LOW_RISK
61,regular,22273.82,17.32,64337.21,1663.34,39599.93,19,0,7554.01,yes,LOW_RISK
53,self_employed,37923.83,12.95,88348.24,12628.86,11849.55,12,0,468.82,no,LOW_RISK
46,self_employed,40890.04,14.81,58269.43,5950.31,104179.7,24,2,7439.73,yes,LOW_RISK
33,contractual,9381.14,2.26,32900.19,3166.3,75733.57,19,1,23219.0,no,LOW_RISK
63,regular,40167.18,8.45,81531.02,10831.92,25793.22,11,3,46565.41,yes,LOW_RISK
49,regular,58533.75,13.98,24411.94,4486.44,115593.78,23,2,16264.55,no,LOW_RISK
51,contractual,13102.34,5.66,11980.99,0.0,10681.96,37,0,4988.12,no,LOW_RISK
26,contractual,69050.36,0.26,23773.48,17890.4,90507.9,12,0,1403.02,no,LOW_RISK
41,regular,24895.36,4.61,445.62,5538.25,61610.4,12,2,114319.27,no,LOW_RISK
41,regular,76806.74,3.32,50807.79,23302.68,22667.06,6,1,20758.93,no,LOW_RISK
51,regular,17651.47,13.69,1719.81,7416.8,155460.99,23,1,16796.02,no,LOW_RISK
41,regular,14118.13,7.88,63547.86,1337.96,105514.22,24,0,20504.03,no,LOW_RISK
44,regular,22572.4,5.51,62457.14,1575.4,114330.34,36,1,6006.44,yes,LOW_RISK
59,regular,35633.43,19.81,35758.97,10508.82,111117.81,24,1,33331.45,yes,LOW_RISK
37,regular,31613.81,6.52,15277.44,3069.62,115672.33,24,2,10472.51,no,LOW_RISK
43,regular,24517.4,2.31,19277.47,4348.19,114712.57,22,1,7183.38,yes,LOW_RISK
25,regular,63200.84,0.76,110917.77,12941.92,29403.36,24,1,37227.42,yes,LOW_RISK
56,regular,40391.13,7.54,11919.61,15202.35,25875.71,12,0,7038.75,no,LOW_RISK
40,contractual,35249.99,5.54,0.0,3210.43,101559.7,24,2,60348.12,yes,LOW_RISK
61,regular,33059.33,7.25,122021.41,8048.43,24704.17,24,0,38175.64,no,LOW_RISK
48,regular,32647.36,7.21,52308.45,12929.73,89372.62,36,1,10356.57,no,LOW_RISK
45,regular,28154.57,15.33,22302.49,2667.37,2125.01,24,3,5712.9,yes,LOW_RISK
41,regular,27035.89,5.65,0.0,5832.88,57729.69,12,2,114693.31,no,LOW_RISK
59,regular,13268.85,13.76,26284.75,1450.29,82062.65,36,0,11076.83,no,LOW_RISK
46,regular,52725.26,8.41,50123.07,23684.17,248223.69,24,1,7500.76,no,LOW_RISK
33,regular,44889.76,5.3,4202.06,16323.65,84338.64,19,0,21772.49,yes,LOW_RISK
39,regular,17131.08,3.32,41632.78,6333.03,42156.8,6,1,27622.84,yes,LOW_RISK
28,self_employed,87543.87,0.48,74543.1,6881.55,85871.21,12,0,16750.46,no,LOW_RISK
62,regular,25546.18,22.25,23930.53,4960.88,61494.75,25,2,54735.34,yes,LOW_RISK
49,regular,67130.61,10.8,50036.09,10468.84,252147.19,18,2,17180.66,yes,LOW_RISK
49,regular,98570.19,1.2,13955.97,2721.27,44619.53,13,1,17939.55,no,LOW_RISK
51,contractual,36413.32,7.05,199267.45,10457.1,36785.77,36,0,28065.45,yes,LOW_RISK
56,self_employed,23098.76,8.35,36870.12,5857.85,96807.58,24,0,12199.48,yes,LOW_RISK
63,self_employed,64914.07,14.6,54022.98,26785.9,15996.77,25,0,7434.39,no,LOW_RISK
43,regular,47929.94,6.67,32332.46,16200.38,77218.45,12,1,5766.62,no,LOW_RISK
61,regular,32535.2,12.48,5685.29,5859.62,20082.36,17,2,2891.73,no,LOW_RISK
22,regular,72986.99,0.31,64674.59,8285.65,107503.63,12,3,7434.11,yes,LOW_RISK
41,regular,41620.39,3.72,30638.99,9741.36,280472.07,17,1,3795.9,yes,LOW_RISK
58,self_employed,38244.26,9.46,25016.43,8774.36,153526.82,25,0,14027.1,no,LOW_RISK
33,regular,57207.31,7.94,13472.09,7450.0,33137.95,7,2,3299.88,no,LOW_RISK
22,regular,35569.07,0.0,21696.13,7131.31,96403.17,37,2,3779.26,yes,LOW_RISK
35,regular,32323.54,3.1,27240.83,9039.67,84204.94,24,1,73285.51,no,LOW_RISK
44,contractual,63686.04,13.09,19877.43,14729.87,23582.11,24,1,31388.57,yes,LOW_RISK
34,regular,71714.0,3.6,53146.87,1514.41,59613.21,12,0,35007.37,no,LOW_RISK
66,regular,38468.39,9.16,79607.13,11974.77,23671.41,11,3,46671.38,yes,LOW_RISK
23,regular,21034.14,0.57,4103.62,3918.18,127714.54,38,1,31163.72,yes,LOW_RISK
52,regular,13059.25,9.24,52479.28,5614.12,107171.66,13,1,48537.21,no,LOW_RISK
57,regular,36041.62,3.25,27038.96,11536.48,173326.38,36,0,5237.15,no,LOW_RISK
46,regular,30535.62,12.69,26243.12,2238.22,45400.39,37,2,6847.2,no,LOW_RISK
42,regular,42146.36,8.57,18351.24,4719.37,64996.37,12,2,15117.96,no,LOW_RISK
44,regular,25775.4,1.93,21203.57,4678.05,115345.4,23,1,4350.84,yes,LOW_RISK
21,unemployed,7348.17,0.0,36878.52,299.25,92989.71,10,2,97240.45,no,LOW_RISK
55,self_employed,42122.67,12.51,76756.32,7910.65,58224.26,18,1,26689.14,no,LOW_RISK
59,regular,19333.79,18.98,49382.06,1003.1,57338.69,36,1,81287.07,no,LOW_RISK
36,regular,54888.84,6.83,64294.43,10949.12,226653.88,36,2,6114.85,no,LOW_RISK
51,regular,25085.65,4.22,4314.71,8004.66,53603.99,36,0,9512.03,yes,LOW_RISK
51,contractual,47132.31,16.38,135542.89,6708.17,46182.12,24,0,25775.22,no,LOW_RISK
50,regular,20410.51,4.85,29479.61,3622.67,45903.51,19,1,13989.55,yes,LOW_RISK
51,contractual,16742.18,6.24,16155.14,782.61,6582.17,35,0,3178.3,no,LOW_RISK
32,regular,28023.71,2.15,76132.7,7174.0,17940.3,25,0,16057.77,no,LOW_RISK
47,regular,30126.16,13.98,1668.99,10104.8,142686.16,12,1,18439.8,yes,LOW_RISK
28,regular,36524.26,1.67,120954.05,7734.63,55958.85,24,1,33875.99,no,LOW_RISK
34,regular,28289.76,5.02,8436.28,6990.21,79668.46,13,2,60605.53,yes,LOW_RISK
44,self_employed,50581.33,5.43,15061.01,12748.58,144565.63,13,0,67190.16,no,LOW_RISK
51,regular,40076.53,8.88,57939.12,9645.98,34474.36,24,1,55797.97,yes,LOW_RISK
24,self_employed,81382.19,0.73,80685.8,21956.5,60256.96,18,1,29388.3,yes,LOW_RISK
58,regular,10868.76,1.98,46440.38,1908.45,47632.09,25,0,7356.29,no,LOW_RISK
52,contractual,28764.4,11.52,21979.53,7487.41,44227.26,11,0,23853.85,yes,LOW_RISK
24,regular,52943.67,1.54,26650.45,8364.26,224628.6,11,0,65501.49,yes,LOW_RISK
64,self_employed,15663.77,5.19,14656.81,4242.86,38302.06,24,0,53424.44,no,LOW_RISK
58,self_employed,23807.76,18.43,8254.88,8448.58,34081.39,23,0,51078.2,no,LOW_RISK
65,regular,52081.99,16.53,60963.76,8121.5,63370.45,12,1,25084.54,yes,LOW_RISK
41,self_employed,43843.55,7.89,30162.59,16416.82,135349.07,6,0,6288.11,no,LOW_RISK
44,regular,21795.74,9.41,65583.84,2974.36,46250.53,36,3,7447.23,no,LOW_RISK
32,regular,42991.22,0.62,4324.71,5627.24,36853.78,24,1,48964.4,yes,LOW_RISK
36,regular,61280.62,5.67,81788.9,18988.38,199251.73,13,0,26264.04,no,LOW_RISK
27,self_employed,31519.46,3.09,28566.85,3916.04,62952.47,36,2,24007.85,yes,LOW_RISK
42,regular,11707.66,4.81,4081.9,3354.16,17585.64,24,1,21856.2,yes,LOW_RISK
60,regular,11489.92,7.51,20219.61,7811.84,53751.12,36,0,19790.55,yes,LOW_RISK
62,regular,21387.78,19.13,36211.46,6404.61,6659.16,12,2,17445.79,no,LOW_RISK
38,regular,28544.29,3.84,55578.08,6129.42,36892.44,18,1,38699.9,no,LOW_RISK
62,regular,30439.38,7.24,2240.89,5973.73,95086.68,38,0,0.0,no,LOW_RISK
29,regular,39241.99,0.27,104198.18,6534.31,50996.54,23,1,31095.14,yes,LOW_RISK
35,regular,39543.03,1.36,71323.79,2223.37,28022.34,11,1,19147.65,no,LOW_RISK
21,regular,21767.16,0.21,2954.23,3229.24,137063.46,35,1,31958.19,yes,LOW_RISK
25,self_employed,50501.88,2.82,8791.5,4675.66,57598.8,12,1,75034.3,yes,LOW_RISK
61,regular,14460.39,13.52,31167.03,1646.58,48477.7,24,2,7621.52,yes,LOW_RISK
39,regular,46923.73,5.64,50451.17,12439.13,69243.69,6,1,3157.78,no,LOW_RISK
29,regular,56091.35,2.05,24005.58,27269.51,35082.39,13,2,37581.13,no,LOW_RISK
26,self_employed,31173.77,2.28,27236.32,2153.55,23619.02,24,0,10329.19,no,LOW_RISK
24,regular,38798.79,1.06,101443.9,7363.56,44396.53,25,1,33528.9,yes,LOW_RISK
45,regular,25209.36,4.36,115501.18,1441.5,46977.21,37,1,35411.05,no,LOW_RISK
63,self_employed,15141.31,15.03,56556.46,1497.52,102414.41,10,0,40081.07,no,LOW_RISK
50,regular,42425.13,9.69,26348.82,2513.77,34747.42,36,0,11930.94,yes,LOW_RISK
34,self_employed,49435.38,5.27,16310.5,8280.0,47448.22,17,0,9251.68,yes,LOW_RISK
51,contractual,48840.86,13.51,24649.34,9395.5,152855.81,24,1,55493.25,no,LOW_RISK
40,regular,24525.22,0.85,7170.19,5629.72,93230.16,12,1,8485.37,no,LOW_RISK
63,regular,15134.37,12.3,25281.64,2749.83,45936.41,18,2,26071.37,yes,LOW_RISK
43,regular,31917.24,8.23,32481.96,7366.53,109700.66,11,1,4727.94,yes,LOW_RISK
30,self_employed,55531.66,2.67,34932.61,2171.57,51061.88,25,1,17563.49,no,LOW_RISK
48,self_employed,38710.16,12.15,131397.35,9251.58,31001.34,6,1,10578.83,yes,LOW_RISK
52,contractual,63487.37,14.36,8055.11,6185.41,44138.64,7,0,16573.75,no,LOW_RISK
63,regular,14076.94,6.13,30109.83,7296.02,52417.56,35,0,23756.43,yes,LOW_RISK
35,contractual,59164.16,1.94,20271.58,14723.99,84659.78,36,0,30348.5,no,LOW_RISK
40,contractual,24291.82,2.24,27856.42,3069.02,130396.18,25,1,2971.4,yes,LOW_RISK
43,regular,33427.16,8.99,25468.47,5649.37,202371.18,14,3,21588.19,yes,LOW_RISK
43,contractual,38245.56,4.55,76313.9,4929.23,132308.74,23,0,6820.33,no,LOW_RISK
27,regular,28867.64,2.29,57986.78,3758.94,32412.23,12,1,11286.87,no,LOW_RISK
36,self_employed,17584.16,8.81,8920.51,3346.59,137677.07,36,1,11259.52,yes,LOW_RISK
60,regular,67965.2,18.6,29811.12,21029.29,95709.67,14,0,7852.03,no,LOW_RISK
36,regular,35674.02,6.41,32612.59,9493.78,137765.53,18,2,15151.74,yes,LOW_RISK
33,regular,28890.69,7.39,15057.93,1996.04,115547.22,19,1,39791.09,no,LOW_RISK
59,regular,79733.94,10.51,76514.78,26595.26,287368.27,24,0,4746.76,yes,LOW_RISK
31,contractual,10575.34,1.64,32346.03,2616.83,87801.76,17,1,28891.91,no,LOW_RISK
32,regular,17770.1,7.29,54725.27,2617.76,46117.34,17,1,40552.87,no,LOW_RISK
58,contractual,33147.69,2.84,121505.48,4932.34,73716.01,24,0,20854.22,no,LOW_RISK
59,regular,47759.78,4.37,29611.29,16028.18,41688.63,26,1,13975.2,no,LOW_RISK
48,regular,32929.51,10.73,20318.48,10746.45,95627.34,12,3,35912.62,no,LOW_RISK
48,regular,29520.71,14.28,18483.06,5277.82,12201.64,25,3,6259.81,yes,LOW_RISK
29,self_employed,54694.71,2.66,40056.39,2200.39,45534.97,23,1,18094.2,no,LOW_RISK
24,regular,67867.29,0.0,8525.48,29174.47,70653.28,24,0,11228.98,yes,LOW_RISK
44,regular,28571.76,0.73,89997.4,8821.63,51448.66,13,0,28323.55,yes,LOW_RISK
31,contractual,10291.02,2.48,34100.2,2725.93,94063.9,17,1,27254.73,no,LOW_RISK
38,regular,37537.11,5.73,22127.32,8376.1,134473.77,18,2,19017.54,yes,LOW_RISK
39,self_employed,28054.19,4.07,81467.41,3419.13,25286.89,23,0,24903.85,yes,LOW_RISK
61,regular,52594.88,16.29,7658.89,13304.57,53373.45,37,1,60061.78,no,LOW_RISK
52,regular,29560.48,14.32,27120.46,347.1,166569.24,36,2,27391.86,yes,LOW_RISK
63,regular,20693.91,17.62,69641.6,4229.19,45750.37,18,0,9550.65,yes,LOW_RISK
59,regular,25603.32,17.03,30459.59,7032.35,61024.14,13,0,15578.42,no,LOW_RISK
30,regular,10546.62,4.03,18696.18,2160.72,93750.86,12,1,26362.21,yes,LOW_RISK
33,regular,25130.1,4.57,105848.85,1111.33,292434.54,7,0,19133.12,yes,LOW_RISK
25,regular,15267.88,0.37,5855.59,3726.59,34015.53,24,1,51477.51,no,LOW_RISK
37,regular,22307.26,2.07,55043.42,8827.37,44899.05,24,1,29066.11,yes,LOW_RISK
61,regular,55192.93,9.57,31992.19,9509.43,22703.84,23,0,7028.44,yes,LOW_RISK
43,contractual,42406.85,11.39,28872.89,7303.36,42442.93,23,2,62965.06,yes,LOW_RISK
40,regular,18246.33,3.93,46450.14,6917.67,15604.32,14,1,18792.26,yes,LOW_RISK
49,regular,43060.27,9.18,27702.61,4789.03,27585.72,36,0,12409.25,yes,LOW_RISK
40,regular,82251.12,4.24,50590.89,22194.44,21605.08,6,1,22145.93,no,LOW_RISK
22,regular,35980.56,0.87,19317.26,8302.2,83468.6,35,2,6273.53,yes,LOW_RISK
61,regular,74697.99,7.41,29843.89,30407.78,73708.73,23,1,2875.39,no,LOW_RISK
28,self_employed,28901.99,2.78,33723.44,3517.37,52779.41,36,2,23730.03,yes,LOW_RISK
27,self_employed,52288.73,1.74,45292.37,5269.86,106193.55,12,0,16266.75,no,LOW_RISK
42,self_employed,31779.64,5.71,25289.07,5405.22,47323.06,37,0,37265.92,no,LOW_RISK
32,self_employed,12490.73,2.12,54490.39,58.48,45714.24,13,1,51003.22,no,LOW_RISK
28,regular,31968.6,2.23,17654.57,4392.18,50912.66,12,1,36140.21,no,LOW_RISK
34,regular,42477.33,5.02,103018.71,5136.59,92396.09,12,2,7707.0,yes,LOW_RISK
55,regular,63188.82,5.52,26116.45,14833.44,257919.32,37,3,10891.27,yes,LOW_RISK
26,regular,44366.43,1.35,47850.25,700.74,27936.55,23,0,25036.64,yes,LOW_RISK
25,regular,17238.1,2.31,4449.46,6003.22,40453.54,6,0,13904.38,yes,LOW_RISK
48,contractual,14770.79,5.35,15288.33,121.36,18423.59,37,0,3140.36,no,LOW_RISK
57,regular,26815.32,17.41,36840.35,8534.19,54408.32,12,0,13583.22,no,LOW_RISK
19,regular,21803.11,0.42,39136.7,6862.76,81144.47,23,0,33012.38,no,LOW_RISK
44,regular,39735.73,4.28,26219.57,4787.09,19700.02,35,1,31949.88,yes,LOW_RISK
51,regular,8160.11,10.72,29503.66,1563.55,75271.02,7,1,14074.39,no,LOW_RISK
52,regular,41814.51,10.43,29353.57,4442.72,35792.96,36,0,13830.95,yes,LOW_RISK
32,regular,43777.12,2.38,25492.21,7929.11,60804.39,36,0,4217.09,no,LOW_RISK
20,regular,26669.99,0.09,37683.42,8329.02,24221.57,12,0,11100.38,no,LOW_RISK
37,regular,36126.4,6.1,30091.83,8307.88,142696.41,18,2,14400.26,yes,LOW_RISK
62,regular,64649.99,15.56,64848.53,10171.4,36164.28,36,0,19714.0,no,LOW_RISK
39,self_employed,41124.45,5.63,8853.35,2836.01,57548.29,24,0,40854.12,yes,LOW_RISK
41,regular,22294.77,1.89,13901.93,4753.02,94703.41,12,1,9691.45,no,LOW_RISK
41,regular,85040.98,10.76,14453.12,17446.13,319230.17,36,2,17627.68,yes,LOW_RISK
33,self_employed,63359.84,3.51,43093.91,12131.97,22642.57,6,1,28864.88,yes,LOW_RISK
64,regular,31983.08,11.28,1994.5,4324.53,60583.79,18,2,4194.47,no,LOW_RISK
23,regular,26093.99,0.8,109.85,11560.98,78591.91,12,1,3714.43,yes,LOW_RISK
58,regular,27963.24,8.29,59769.08,10384.33,33649.99,23,1,26573.18,no,LOW_RISK
55,regular,23442.99,17.47,58651.29,1771.6,48989.48,24,0,27767.01,yes,LOW_RISK
24,regular,16722.01,2.76,2683.0,5857.64,42992.55,6,0,13444.31,yes,LOW_RISK
55,regular,49420.12,16.78,20160.87,5992.38,64976.38,24,1,65798.59,yes,LOW_RISK
27,self_employed,31595.53,2.6,33629.35,4260.08,55280.41,37,2,22698.12,yes,LOW_RISK
62,regular,41756.66,17.64,56980.82,20782.44,44891.92,24,0,396.13,yes,LOW_RISK
48,regular,30997.53,6.68,59846.75,12279.13,75314.85,38,1,10050.56,no,LOW_RISK
46,self_employed,83815.91,7.96,112397.2,29263.84,34491.99,24,1,17420.51,yes,LOW_RISK
29,regular,39669.11,0.21,54609.53,0.0,23416.52,18,2,0.0,no,LOW_RISK
51,regular,33905.97,4.53,116204.72,3035.0,227495.42,18,0,39027.75,yes,LOW_RISK
44,self_employed,48679.83,6.23,10353.09,14241.76,141421.44,12,0,66115.09,no,LOW_RISK
46,regular,37111.46,9.17,32541.22,4413.25,77146.87,24,0,17269.86,no,LOW_RISK
59,regular,37475.0,13.55,35927.59,1840.7,141633.09,11,0,13276.6,no,LOW_RISK
61,regular,39871.14,14.72,21142.38,5558.72,81297.46,6,1,31216.71,yes,LOW_RISK
55,regular,29010.11,10.3,180168.34,13078.95,17857.19,17,0,19799.35,yes,LOW_RISK
59,regular,57944.83,12.47,17695.57,11689.36,68381.51,13,2,56789.29,no,LOW_RISK
41,self_employed,34328.79,10.62,26525.01,8107.0,156361.16,11,1,33901.38,yes,LOW_RISK
55,regular,23820.1,18.48,6367.31,5514.75,28628.06,12,2,27997.82,yes,LOW_RISK
62,self_employed,25296.68,9.3,7374.49,4529.77,70204.2,6,1,838.48,no,LOW_RISK
39,self_employed,30962.84,4.04,80329.2,3439.59,42353.06,24,0,24788.11,yes,LOW_RISK
64,regular,30923.5,22.13,92708.4,13537.99,85491.51,24,0,3104.76,no,LOW_RISK
57,regular,21124.83,17.27,58196.44,2371.3,183457.98,23,0,54002.78,yes,LOW_RISK
34,regular,93945.48,6.51,31602.05,31079.96,32495.94,25,3,2120.32,yes,LOW_RISK
48,regular,29532.79,7.56,60671.0,12599.2,85912.01,34,1,9986.04,no,LOW_RISK
45,self_employed,33465.73,5.86,12445.43,2783.33,49693.39,6,1,14721.93,yes,LOW_RISK
41,regular,18151.64,3.96,42052.32,6847.41,37964.23,6,1,28215.98,yes,LOW_RISK
42,contractual,43102.37,10.34,23710.68,6596.22,45320.25,25,2,58602.47,yes,LOW_RISK
56,regular,35941.75,17.72,56005.22,7046.39,35492.12,17,0,39176.47,no,LOW_RISK
41,regular,46710.49,6.93,134233.95,11015.92,54829.02,24,1,8316.59,no,LOW_RISK
31,regular,88109.96,5.6,26575.47,32806.77,33532.42,25,3,1728.17,yes,LOW_RISK
30,self_employed,52022.09,2.24,37909.84,2159.93,30965.97,25,1,13447.4,no,LOW_RISK
41,contractual,78147.85,4.89,4820.37,12863.04,95546.64,19,1,111355.98,yes,LOW_RISK
34,regular,42861.77,7.41,36349.52,12415.0,90899.95,14,0,8282.38,yes,LOW_RISK
41,self_employed,15639.02,9.92,21018.77,537.52,22204.53,12,1,6810.58,no,LOW_RISK
47,regular,32673.98,8.78,56497.33,12634.44,74236.4,36,1,14646.52,no,LOW_RISK
31,contractual,13113.62,0.94,28826.14,2509.3,87829.32,18,1,26976.72,no,LOW_RISK
46,self_employed,10306.52,8.63,29824.13,0.0,65599.59,11,0,7210.12,no,LOW_RISK
33,regular,72816.38,3.73,55029.3,2161.09,60626.54,12,0,38213.68,no,LOW_RISK
57,regular,17990.23,1.92,75629.66,4332.21,31367.21,23,1,29055.11,yes,LOW_RISK
34,contractual,42590.22,3.23,9415.82,2847.9,59996.95,36,0,31346.97,yes,LOW_RISK
48,regular,10110.51,9.66,47716.69,1848.75,166523.36,23,3,6325.66,yes,LOW_RISK
45,regular,73983.79,5.64,35992.74,20973.4,44531.09,24,1,38965.82,yes,LOW_RISK
43,self_employed,24809.25,5.71,17320.95,1202.63,56185.15,11,0,2748.4,no,LOW_RISK
36,contractual,42649.71,3.24,12062.36,3173.69,65372.59,35,0,30320.39,yes,LOW_RISK
61,regular,40965.51,13.7,97245.72,2216.87,369869.78,37,1,31391.63,yes,LOW_RISK
39,self_employed,46529.08,8.28,37178.36,16327.99,138350.59,6,0,2885.3,no,LOW_RISK
23,self_employed,61964.48,0.0,32072.18,10485.49,19793.97,12,1,4773.44,yes,LOW_RISK
49,regular,18870.63,9.71,82873.28,2817.05,76816.25,23,3,43008.62,yes,LOW_RISK
50,regular,46851.29,12.45,20589.08,28361.3,62910.94,25,0,17245.81,yes,LOW_RISK
60,regular,27234.48,17.53,31807.84,7335.18,51385.16,12,0,19311.71,no,LOW_RISK
43,self_employed,29948.22,6.28,21431.86,4862.65,59334.58,36,0,36402.21,no,LOW_RISK
35,regular,11982.02,5.68,54703.81,4854.07,57081.1,23,0,33383.89,no,LOW_RISK
56,regular,34292.37,15.98,36913.65,4790.7,97164.85,20,3,993.39,no,LOW_RISK
57,self_employed,54090.46,17.88,38467.13,20441.41,6760.96,25,1,12019.71,yes,LOW_RISK
50,regular,29943.76,4.59,116174.79,1329.07,231717.4,19,0,38144.14,yes,LOW_RISK
45,regular,26659.28,8.38,383.81,9333.38,50018.24,36,0,22944.18,no,LOW_RISK
42,regular,22301.96,8.44,0.0,8253.87,56512.12,36,0,24659.97,no,LOW_RISK
44,regular,11185.79,9.24,87734.99,184.4,40791.64,36,1,33246.36,no,LOW_RISK
47,regular,76014.92,1.92,27768.23,9929.62,60236.17,23,0,13360.43,yes,LOW_RISK
39,regular,29845.33,6.6,33875.93,3340.86,52093.76,23,2,19322.29,yes,LOW_RISK
65,regular,59526.44,16.06,62835.57,8190.38,31134.13,37,0,21088.03,no,LOW_RISK
40,regular,78860.47,2.89,49238.75,21366.72,14811.88,6,1,24055.34,no,LOW_RISK
44,regular,67347.68,12.46,19730.07,5511.84,100708.16,17,1,9902.2,no,LOW_RISK
48,regular,49751.41,12.14,16725.61,27797.07,59918.71,25,0,18579.93,yes,LOW_RISK
34,regular,23074.6,4.29,12988.17,7957.87,89510.53,12,2,58336.96,yes,LOW_RISK
26,regular,50478.23,2.53,8876.86,9511.67,48051.67,11,0,21886.7,no,LOW_RISK
26,regular,67312.2,0.98,4637.07,27094.07,72266.0,23,0,11567.27,yes,LOW_RISK
63,self_employed,42023.97,3.65,8049.45,5588.19,59255.05,24,0,0.0,no,LOW_RISK
25,self_employed,87987.98,0.53,76248.26,9851.12,92396.34,12,0,16870.51,no,LOW_RISK
47,regular,30395.41,14.02,8075.91,13047.46,62604.29,36,3,16778.32,yes,LOW_RISK
48,regular,44239.23,9.03,26852.79,3872.79,39909.75,37,0,10839.32,yes,LOW_RISK
54,contractual,52458.51,6.68,10798.84,15260.47,5898.27,18,0,47747.94,no,LOW_RISK
52,self_employed,23905.96,1.71,50222.35,1674.1,46331.76,24,0,8865.46,yes,LOW_RISK
40,self_employed,53603.26,5.05,12060.68,6468.04,53511.61,19,1,7098.73,no,LOW_RISK
51,regular,28119.44,3.3,81647.34,11107.83,106892.39,37,1,15125.8,yes,LOW_RISK
54,contractual,52161.32,5.63,52334.27,10053.4,70341.86,36,0,3933.4,no,LOW_RISK
41,regular,85658.89,10.96,16230.08,17573.61,316091.7,36,2,16455.08,yes,LOW_RISK
45,regular,22244.12,5.6,67442.16,1022.1,119207.96,36,1,7621.3,yes,LOW_RISK
51,regular,17743.18,16.04,15562.38,6377.6,28593.33,11,1,23837.18,yes,LOW_RISK
57,contractual,18639.6,10.91,13369.16,3033.11,56749.89,14,0,122440.73,no,LOW_RISK
59,self_employed,17915.22,12.37,19909.64,3170.26,106561.42,36,0,42918.1,no,LOW_RISK
39,regular,16891.54,7.33,54351.78,348.56,124038.62,24,1,0.0,yes,LOW_RISK
53,regular,39900.98,11.41,30268.12,10232.18,124841.65,17,1,26545.48,no,LOW_RISK
53,self_employed,80675.99,9.41,18811.13,25701.09,66405.76,19,0,48147.43,yes,LOW_RISK
39,regular,22836.02,5.01,969.75,6157.08,61787.39,11,2,115812.8,no,LOW_RISK
57,contractual,20052.67,11.92,4782.97,1328.92,55877.09,13,0,126450.64,no,LOW_RISK
50,self_employed,42185.46,12.64,136953.79,11134.69,31028.01,7,1,8556.12,yes,LOW_RISK
26,regular,55469.86,1.34,22921.26,9845.94,217040.31,12,0,61380.65,yes,LOW_RISK
44,regular,66179.05,4.31,8797.51,21417.3,100094.18,36,0,5211.51,yes,LOW_RISK
57,regular,34938.35,19.11,115029.4,12361.41,12080.09,12,0,23491.71,no,LOW_RISK
46,regular,36926.13,10.42,42887.04,10876.81,199585.03,12,0,31011.93,no,LOW_RISK
39,self_employed,30713.79,5.41,13851.02,1427.54,35131.92,24,1,15161.97,yes,LOW_RISK
20,regular,26964.95,0.2,34199.82,8762.92,38678.92,12,0,7908.64,no,LOW_RISK
55,contractual,27457.63,1.89,59291.86,5064.74,106373.41,37,0,20864.49,no,LOW_RISK
63,regular,38899.71,14.65,26696.33,4806.79,80426.13,6,1,29966.19,yes,LOW_RISK
63,contractual,37345.75,12.13,75245.03,8437.49,41479.43,25,0,13068.34,no,LOW_RISK
27,regular,35778.24,0.8,104212.73,5148.52,28322.62,24,1,27688.62,yes,LOW_RISK
56,regular,48577.75,15.78,20815.03,6347.09,66528.13,23,1,68591.15,yes,LOW_RISK
21,regular,70749.25,0.04,18850.03,9308.45,26414.99,6,1,25948.89,no,LOW_RISK
34,regular,52729.94,6.7,61104.7,9726.62,214616.87,36,2,6280.59,no,LOW_RISK
22,regular,38508.22,0.0,21041.09,8579.63,83775.97,35,2,2813.36,yes,LOW_RISK
33,regular,37509.68,1.82,20865.52,1861.42,108584.89,12,0,10046.68,no,LOW_RISK
40,regular,70016.28,9.04,36325.82,14377.96,55077.53,10,1,12779.6,no,LOW_RISK
56,contractual,26485.47,1.81,64625.43,4302.06,108657.64,36,0,20685.96,no,LOW_RISK
54,regular,30448.27,7.74,35482.05,11378.97,30004.31,24,1,3790.45,yes,LOW_RISK
42,regular,80310.94,2.86,51345.52,23950.85,19661.01,6,1,23253.89,no,LOW_RISK
60,regular,36100.32,12.92,10098.04,7346.15,25787.58,17,2,4073.02,no,LOW_RISK
29,regular,54270.72,2.03,24005.05,28162.51,29673.79,12,2,35608.9,no,LOW_RISK
20,regular,20943.83,0.12,14956.26,10879.49,117528.14,25,1,29316.01,no,LOW_RISK
52,regular,19893.6,4.45,5941.42,6940.97,38500.73,37,0,9430.74,yes,LOW_RISK
35,regular,53647.6,7.8,15218.31,7147.4,33746.27,6,2,5360.51,no,LOW_RISK
59,regular,19027.99,18.85,44415.64,1060.53,52693.19,37,1,78285.1,no,LOW_RISK
21,regular,22785.29,1.17,3394.09,3283.49,119003.9,36,1,32170.3,yes,LOW_RISK
25,regular,54380.8,2.46,29504.17,3337.98,24333.31,35,1,48554.28,no,LOW_RISK
48,regular,26670.82,4.39,28772.12,3222.13,1000.0,11,1,23291.41,no,LOW_RISK
56,contractual,26745.03,9.38,26860.8,841.76,39173.94,6,1,10946.29,yes,LOW_RISK
49,regular,54509.46,16.31,17763.38,11651.32,60331.55,24,0,11488.24,no,LOW_RISK
38,regular,20606.16,7.63,53231.34,495.66,124853.5,23,1,2472.56,yes,LOW_RISK
29,self_employed,31680.2,4.15,38401.27,3935.74,47589.72,36,2,21153.42,yes,LOW_RISK
45,regular,72536.18,13.23,24243.28,7740.24,90363.84,20,1,7425.61,no,LOW_RISK
42,regular,10156.25,3.28,2187.48,2403.09,22223.76,25,1,23077.59,yes,LOW_RISK
63,regular,33633.42,10.57,0.0,5345.59,57411.17,17,2,8434.74,no,LOW_RISK
42,self_employed,30117.35,10.1,21482.62,5871.71,145644.08,11,1,36966.35,yes,LOW_RISK
42,regular,30043.31,7.11,28246.07,6430.4,104280.0,13,1,3218.44,yes,LOW_RISK
35,regular,26123.85,2.44,47636.6,7168.9,47990.17,23,1,28684.31,yes,LOW_RISK
44,self_employed,80457.52,12.5,28997.64,32959.15,47142.76,7,0,61404.8,no,LOW_RISK
58,regular,52871.32,11.89,20329.05,14355.26,64451.49,14,2,56386.54,no,LOW_RISK
44,self_employed,21492.7,5.28,11848.82,793.92,44619.94,12,0,4156.91,no,LOW_RISK
60,regular,16537.47,6.67,41702.71,3870.17,148011.5,19,3,28083.9,yes,LOW_RISK
50,regular,56424.45,12.73,28702.99,4946.93,109230.58,25,2,20361.91,no,LOW_RISK
34,regular,36270.26,2.45,21014.28,2270.9,101547.24,12,0,8883.11,no,LOW_RISK
28,regular,20739.13,1.86,27097.47,5543.38,48390.39,12,1,23189.52,yes,LOW_RISK
39,self_employed,52669.44,6.36,18441.55,8511.82,129077.01,23,1,28429.96,no,LOW_RISK
44,regular,21456.78,3.7,0.0,2920.97,31991.69,25,3,26341.48,no,LOW_RISK
38,regular,10972.38,2.64,175895.84,3678.04,34665.54,11,2,26967.47,yes,LOW_RISK
49,regular,29816.62,13.99,6686.07,13872.7,71124.14,36,3,17252.61,yes,LOW_RISK
41,self_employed,30846.59,5.85,16184.77,5344.06,44809.1,37,0,36580.37,no,LOW_RISK
33,regular,27248.99,4.92,101228.54,1109.4,294418.01,6,0,22678.21,yes,LOW_RISK
29,self_employed,49891.13,4.22,88025.23,5349.59,39860.19,11,0,79633.65,yes,LOW_RISK
43,self_employed,36396.5,2.07,45938.84,6733.44,28255.23,12,0,43410.28,yes,LOW_RISK
38,self_employed,30156.15,10.12,21715.58,7991.78,143166.45,11,1,34441.96,yes,LOW_RISK
52,regular,63391.67,4.87,71276.19,28518.72,119926.13,24,1,70729.17,yes,LOW_RISK
41,contractual,36660.46,4.84,81731.51,4392.06,126700.36,23,0,4607.47,no,LOW_RISK
38,regular,19353.23,7.64,55316.22,927.27,129620.09,23,1,966.43,yes,LOW_RISK
61,regular,13920.9,13.74,30413.32,1327.42,55408.47,24,2,10195.43,yes,LOW_RISK
40,regular,23029.56,9.34,104126.5,5935.59,80208.32,18,2,16338.69,yes,LOW_RISK
52,contractual,17228.5,4.09,10371.54,2380.82,76933.21,24,1,69439.19,yes,LOW_RISK
34,regular,43312.83,1.0,9442.88,4932.18,34967.5,23,1,46946.5,yes,LOW_RISK
33,regular,33647.28,1.12,8763.55,11742.74,130482.56,37,0,2020.76,yes,LOW_RISK
61,regular,25438.85,11.67,136031.31,5303.55,38793.58,24,0,58114.98,no,LOW_RISK
64,regular,65282.73,20.82,30583.15,15071.84,75097.4,13,3,32704.55,no,LOW_RISK
51,contractual,43940.62,16.66,132055.63,7119.12,38654.17,24,0,25384.73,no,LOW_RISK
47,regular,29263.03,14.05,5406.15,13059.13,67139.9,36,3,16579.6,yes,LOW_RISK
21,regular,31178.84,0.55,13496.64,7724.71,39680.91,18,1,32543.97,yes,LOW_RISK
40,regular,35396.43,9.3,71107.19,9766.65,34368.18,36,3,7775.81,no,LOW_RISK
62,regular,33428.77,18.31,22254.33,3620.58,158130.03,26,0,7095.81,no,LOW_RISK
55,regular,27576.4,8.64,62342.7,6045.31,34465.88,36,0,10993.62,no,LOW_RISK
26,contractual,36251.64,2.69,30940.32,9479.08,149774.7,13,0,25842.13,yes,LOW_RISK
49,regular,18424.54,8.2,88629.47,2008.9,82929.39,24,3,44291.54,yes,LOW_RISK
58,regular,27347.75,8.63,60302.92,7803.38,11063.35,25,1,28965.58,no,LOW_RISK
56,regular,49725.47,3.89,81687.54,2988.13,114241.98,23,0,16183.41,no,LOW_RISK
45,regular,72167.02,5.83,35650.26,22400.08,41285.14,25,1,36596.22,yes,LOW_RISK
24,regular,65433.12,0.75,6574.38,27017.14,65094.63,24,0,9636.0,yes,LOW_RISK
32,self_employed,48826.46,4.71,86683.48,5190.85,30415.2,12,0,82429.25,yes,LOW_RISK
41,self_employed,70255.07,7.79,132125.08,10807.63,41594.22,25,0,4360.08,no,LOW_RISK
48,contractual,15408.66,5.98,12312.18,354.77,19872.45,36,0,1780.41,no,LOW_RISK
41,regular,45484.8,3.83,22190.49,6961.95,94270.38,17,3,48403.59,no,LOW_RISK
64,self_employed,19949.16,3.26,7373.0,0.0,64948.76,22,2,48128.43,yes,LOW_RISK
35,self_employed,43114.63,5.1,7414.66,6969.9,52748.07,19,0,11259.11,yes,LOW_RISK
59,regular,43496.98,8.51,37672.1,12986.85,34208.64,12,3,8666.58,yes,LOW_RISK
31,regular,37079.21,4.89,21470.0,10465.4,27166.06,24,1,21023.36,no,LOW_RISK
58,regular,60591.7,14.23,92537.26,17830.47,65618.62,24,1,50683.01,yes,LOW_RISK
63,self_employed,65312.07,14.98,50007.32,25923.23,12244.68,25,0,6644.12,no,LOW_RISK
25,regular,75361.6,2.33,9630.62,10472.01,130638.35,24,1,629.94,no,LOW_RISK
24,regular,37348.68,1.61,116151.37,6537.74,171063.2,24,1,12007.31,no,LOW_RISK
50,regular,69815.68,14.18,48404.49,2679.87,90925.82,24,0,18795.32,no,LOW_RISK
37,self_employed,20592.53,5.97,7457.73,4008.93,24925.07,11,1,7692.45,yes,LOW_RISK
58,regular,63507.09,5.96,19977.46,15135.92,256877.04,37,3,10127.27,yes,LOW_RISK
63,regular,20927.85,16.5,24686.48,4165.72,100028.32,37,2,23634.9,yes,LOW_RISK
43,regular,24304.56,5.86,176160.34,7083.75,57076.97,6,0,28403.06,no,LOW_RISK
56,self_employed,78331.64,9.06,13488.45,25826.52,61403.14,18,0,41471.77,yes,LOW_RISK
49,self_employed,44550.29,15.11,52069.65,5491.51,108737.32,24,2,9990.01,yes,LOW_RISK
66,regular,20988.79,16.48,25396.58,4373.1,78395.66,36,2,25385.75,yes,LOW_RISK
37,regular,64965.78,6.87,84525.59,20494.05,199791.65,13,0,24014.44,no,LOW_RISK
22,regular,48314.81,0.55,90444.88,4448.43,39871.22,36,0,19619.81,no,LOW_RISK
37,regular,20542.62,7.39,25462.93,11378.82,12478.06,24,0,77492.85,yes,LOW_RISK
59,regular,41198.07,13.59,99869.55,233.87,374450.15,36,1,26582.75,yes,LOW_RISK
64,self_employed,26406.12,24.53,26816.17,2870.16,56224.91,11,2,25578.13,no,LOW_RISK
56,regular,15352.46,14.51,110340.07,5011.92,7864.34,11,1,59822.1,yes,LOW_RISK
25,regular,24483.25,1.62,25587.06,11084.19,209185.49,36,0,55217.73,yes,LOW_RISK
54,self_employed,43453.33,12.05,48891.74,7160.74,169050.63,18,1,51759.97,no,LOW_RISK
40,regular,18037.45,3.64,40173.29,6580.93,22987.98,6,1,27432.76,yes,LOW_RISK
46,self_employed,30503.02,5.41,13794.82,1864.34,57007.66,6,1,15026.85,yes,LOW_RISK
37,regular,61249.73,6.5,83537.52,19914.34,205615.57,11,0,23905.47,no,LOW_RISK
59,regular,28193.68,4.86,29211.88,5855.1,79077.91,12,0,6944.15,no,LOW_RISK
34,regular,40963.13,7.8,33405.37,11234.63,98922.21,12,0,10932.67,yes,LOW_RISK
41,self_employed,18553.85,1.51,68546.4,1380.4,52818.11,36,2,27660.02,yes,LOW_RISK
62,regular,33803.48,8.13,39794.59,11052.97,95265.94,24,1,67440.62,no,LOW_RISK
35,regular,51132.66,6.79,65326.87,8670.99,215111.83,36,2,8570.92,no,LOW_RISK
40,regular,18286.29,2.0,33355.83,3237.85,60402.88,13,0,57761.56,yes,LOW_RISK
45,regular,131804.95,9.44,46412.32,45909.12,148785.93,24,0,8639.94,no,LOW_RISK
36,regular,20422.16,2.68,5930.99,2109.69,63849.31,36,2,54146.24,no,LOW_RISK
27,self_employed,51484.01,2.04,37802.84,4457.18,106434.58,11,0,17702.8,no,LOW_RISK
48,regular,31492.44,12.62,7024.94,3923.97,27166.04,25,1,2553.46,yes,LOW_RISK
38,regular,32791.9,3.63,2786.62,2497.48,173641.31,24,1,23696.14,no,LOW_RISK
37,self_employed,45287.44,4.91,9155.31,8292.91,60485.32,18,0,9233.27,yes,LOW_RISK
37,regular,18518.04,7.67,38285.53,7771.21,87625.71,23,0,22836.92,yes,LOW_RISK
46,regular,35680.8,10.15,43354.45,9836.86,190029.83,13,0,32131.55,no,LOW_RISK
50,regular,9426.29,4.29,54469.12,2920.73,51656.23,22,0,15597.76,no,LOW_RISK
28,self_employed,28313.89,2.33,38024.95,5742.54,56696.28,37,2,24434.94,yes,LOW_RISK
25,regular,40947.29,1.19,55592.13,5194.05,60421.37,36,2,8689.65,no,LOW_RISK
45,regular,9019.88,9.74,87014.13,214.16,33257.65,35,1,33064.26,no,LOW_RISK
24,regular,28939.92,0.48,61992.77,6337.47,46422.58,19,0,12303.58,no,LOW_RISK
62,regular,40408.7,14.28,28356.12,5696.92,71827.17,6,1,29380.11,yes,LOW_RISK
56,regular,27491.66,10.68,177304.72,10588.8,22120.74,16,0,19220.68,yes,LOW_RISK
47,regular,27607.82,3.83,25084.61,4321.0,4187.69,12,1,20641.09,no,LOW_RISK
22,regular,19091.06,0.43,31692.9,1533.57,38851.72,24,1,21182.06,no,LOW_RISK
26,regular,36828.76,1.67,107562.77,7475.75,36183.72,25,1,27190.35,yes,LOW_RISK
58,regular,25628.99,20.2,6818.55,647.48,171684.37,12,1,5862.01,no,LOW_RISK
47,regular,36011.33,4.22,179685.15,12297.53,135983.62,10,0,52524.25,yes,LOW_RISK
33,regular,28534.74,7.48,14563.77,2387.55,122264.93,19,1,38817.52,no,LOW_RISK
35,regular,52233.29,7.03,62377.85,9589.77,218038.89,36,2,8019.05,no,LOW_RISK
34,regular,40685.45,2.26,56849.72,2902.01,75980.82,22,1,25887.14,no,LOW_RISK
49,regular,16001.12,15.91,23775.45,3473.85,204021.93,12,0,16530.63,no,LOW_RISK
43,self_employed,85077.93,8.22,112362.66,29035.28,36002.81,24,1,19895.83,yes,LOW_RISK
23,self_employed,25807.65,0.65,52385.68,1635.07,33982.67,12,0,99024.11,no,LOW_RISK
29,self_employed,38906.17,2.04,5506.65,4763.9,71143.69,35,1,43108.62,no,LOW_RISK
46,regular,31437.85,13.02,70618.22,12060.96,143290.63,36,0,40099.15,yes,LOW_RISK
45,regular,49878.91,3.4,36483.53,17106.67,10907.48,12,0,37942.83,no,LOW_RISK
32,regular,15296.57,3.89,113564.44,2220.98,50987.58,24,1,34418.62,yes,LOW_RISK
43,regular,32855.75,7.42,28652.26,6638.25,93333.47,13,1,1215.97,yes,LOW_RISK
46,regular,34451.39,10.73,40595.78,9963.66,197201.18,10,0,29282.98,no,LOW_RISK
44,regular,20890.01,0.96,25186.17,3228.98,113353.58,24,1,7247.43,yes,LOW_RISK
64,self_employed,58561.92,24.91,33648.68,16147.78,59068.23,12,2,12046.89,yes,LOW_RISK
46,contractual,31172.61,10.39,36527.58,7761.33,107001.36,36,0,27010.01,yes,LOW_RISK
47,self_employed,30839.24,0.78,27253.87,4408.76,40162.63,12,2,6565.07,yes,LOW_RISK
26,regular,29020.7,0.18,8488.54,9201.21,96242.59,13,0,10329.66,no,LOW_RISK
54,contractual,64699.63,13.98,5456.26,5211.79,49208.56,7,0,14411.21,no,LOW_RISK
24,regular,24116.4,1.94,38510.27,6743.85,77673.9,6,0,7980.83,no,LOW_RISK
22,regular,33884.32,0.52,16333.24,7062.19,42113.14,18,1,36974.95,yes,LOW_RISK
47,contractual,55684.0,1.75,13484.67,9744.8,52801.99,13,0,11694.12,yes,LOW_RISK
27,regular,46032.32,1.63,57324.3,14276.86,39963.52,25,1,12529.66,yes,LOW_RISK
29,self_employed,34293.01,2.46,216.73,3997.52,122453.12,35,1,57392.61,no,LOW_RISK
60,regular,50200.55,14.91,17755.7,4403.04,87314.11,23,2,13731.97,yes,LOW_RISK
35,self_employed,13700.17,7.09,54579.09,5973.65,75841.43,18,0,5432.71,yes,LOW_RISK
55,self_employed,24906.32,8.42,37063.78,4798.92,84557.36,23,0,12494.49,yes,LOW_RISK
45,regular,26944.36,11.37,116150.08,2505.89,208263.62,23,0,25227.62,no,LOW_RISK
48,regular,9696.91,4.37,53673.85,2551.42,44173.61,23,0,17371.18,no,LOW_RISK
56,regular,21722.45,14.79,118079.67,5731.54,5696.34,12,1,60921.75,yes,LOW_RISK
64,regular,36752.62,6.68,104489.51,1400.39,111388.19,19,0,43942.93,yes,LOW_RISK
44,regular,52799.35,4.26,41646.23,17337.54,23969.09,11,0,39050.35,no,LOW_RISK
34,regular,92682.15,5.95,19238.31,31100.84,41408.01,24,3,3014.1,yes,LOW_RISK
44,regular,17800.6,4.57,50157.2,8020.33,17747.75,12,1,16205.15,yes,LOW_RISK
47,regular,45575.48,12.04,14408.14,27691.78,59072.19,24,0,19945.5,yes,LOW_RISK
22,regular,23024.35,0.77,16519.82,11008.78,113636.63,23,1,32163.81,no,LOW_RISK
63,regular,42784.31,6.07,111276.32,5496.49,85129.62,36,1,5756.02,no,LOW_RISK
63,regular,28880.73,21.95,97185.41,13599.53,80572.25,23,0,5055.0,no,LOW_RISK
33,regular,25592.59,5.16,14865.5,8006.79,84602.46,11,2,58078.47,yes,LOW_RISK
28,self_employed,56149.36,2.34,33786.63,3051.88,31248.91,24,1,18192.89,no,LOW_RISK
62,regular,40529.44,14.84,30298.81,5924.16,82084.86,6,1,26966.65,yes,LOW_RISK
37,self_employed,64554.53,4.69,65883.1,23958.43,174892.28,11,0,26603.59,yes,LOW_RISK
36,regular,32997.68,7.18,81121.46,6313.75,242140.44,24,0,20987.15,no,LOW_RISK
47,regular,49605.85,5.46,10637.22,15373.16,94642.19,23,1,37472.73,yes,LOW_RISK
44,regular,12181.98,9.55,94021.71,1350.02,37804.24,36,1,29659.82,no,LOW_RISK
21,regular,13977.75,0.94,22064.62,297.0,21499.85,37,1,1458.88,yes,LOW_RISK
38,self_employed,28632.1,5.7,7385.63,1082.06,53499.32,24,1,16521.63,yes,LOW_RISK
25,regular,50216.95,1.08,46961.5,5119.65,144456.35,25,0,34218.43,no,LOW_RISK
25,regular,40597.48,1.32,102899.8,6101.08,31050.54,24,1,29795.61,yes,LOW_RISK
46,contractual,29134.84,11.32,35939.98,8022.45,98399.06,37,0,27010.58,yes,LOW_RISK
62,regular,37919.02,13.32,99755.12,3049.61,32696.49,7,1,100399.08,no,LOW_RISK
27,regular,52782.97,3.42,20177.47,739.42,52193.59,12,1,17556.8,no,LOW_RISK
42,contractual,34431.45,4.77,36321.87,7525.88,4260.11,35,0,4987.94,yes,LOW_RISK
26,regular,16823.99,2.7,46454.76,4685.83,29724.6,12,2,53011.07,yes,LOW_RISK
27,regular,45863.63,2.57,56932.16,14528.68,42010.57,24,1,13734.34,yes,LOW_RISK
60,regular,58392.65,16.43,51195.09,3296.34,40234.26,18,3,46428.34,no,LOW_RISK
49,regular,10948.53,4.92,55425.71,3433.98,47014.15,24,0,16844.83,no,LOW_RISK
52,regular,27884.75,13.1,34464.22,1230.41,90931.56,23,0,13540.99,no,LOW_RISK
42,regular,22251.4,2.81,25547.38,2052.07,69559.71,11,0,61831.47,yes,LOW_RISK
34,regular,25968.24,6.46,10689.1,500.82,140113.61,35,2,906.38,no,LOW_RISK
28,self_employed,19991.95,2.93,14639.51,4442.77,10813.39,12,0,15194.48,yes,LOW_RISK
57,contractual,28462.29,19.61,15843.93,6122.52,102041.59,11,0,34247.13,no,LOW_RISK
62,regular,15974.57,6.78,50502.66,5028.53,120887.95,12,4,86381.51,yes,LOW_RISK
62,self_employed,50161.77,10.29,41120.52,5322.24,69708.31,12,0,19304.7,yes,LOW_RISK
38,regular,17741.18,4.81,40927.5,6147.43,33571.52,6,1,27444.79,yes,LOW_RISK
53,regular,30824.1,13.22,53656.22,2060.73,169946.42,36,1,7887.92,no,LOW_RISK
56,regular,20762.43,16.75,31245.61,1201.75,53210.77,23,0,49639.3,no,LOW_RISK
58,contractual,39927.24,1.56,123874.99,4971.45,70615.04,23,0,25536.37,no,LOW_RISK
41,regular,90803.05,9.17,27848.21,10478.81,153590.37,19,0,118894.8,yes,LOW_RISK
39,regular,87333.08,5.16,9579.97,26733.39,44685.66,24,2,5819.59,yes,LOW_RISK
39,regular,87027.08,5.05,13861.14,25943.54,44097.18,23,2,1431.56,yes,LOW_RISK
42,regular,20257.25,7.87,52960.69,4627.22,78504.61,12,2,19034.5,yes,LOW_RISK
39,regular,36143.91,6.05,104657.53,8173.69,126953.27,12,0,7358.87,yes,LOW_RISK
50,self_employed,30032.12,10.79,28476.48,2465.69,86319.81,12,1,60284.81,yes,LOW_RISK
52,regular,38518.74,7.24,95525.66,15854.0,25333.01,6,0,59446.78,yes,LOW_RISK
26,contractual,69009.08,0.24,18466.33,18065.63,115174.94,12,0,6008.42,no,LOW_RISK
44,self_employed,81077.92,12.12,30973.11,34169.63,37269.4,6,0,58002.19,no,LOW_RISK
23,self_employed,57037.15,0.22,24340.96,12194.65,22722.03,12,1,4132.39,yes,LOW_RISK
49,contractual,34062.68,7.8,204839.66,10081.59,39059.04,37,0,27959.82,yes,LOW_RISK
47,regular,33025.48,5.83,129225.07,11748.32,52221.1,16,2,25580.06,yes,LOW_RISK
33,regular,28075.87,6.8,15824.48,515.54,102688.62,17,1,40901.88,no,LOW_RISK
34,regular,20129.79,2.87,2286.11,5637.84,90961.87,11,2,69667.42,yes,LOW_RISK
53,self_employed,46779.86,11.64,47902.89,6765.0,157055.34,17,1,49853.76,no,LOW_RISK
41,self_employed,43429.55,7.36,4795.15,2696.7,51324.89,24,0,39612.86,yes,LOW_RISK
55,regular,17566.59,10.0,34031.24,5030.59,19228.99,24,1,412.91,no,LOW_RISK
34,regular,19829.07,7.73,56685.18,2187.34,49732.58,19,1,43916.57,no,LOW_RISK
57,regular,35204.64,16.25,27371.42,10182.51,44251.33,36,1,25748.25,no,LOW_RISK
57,regular,23568.13,19.96,7207.7,2845.8,167124.57,12,1,7261.53,no,LOW_RISK
20,self_employed,60354.87,0.0,32199.9,10769.59,18500.71,12,1,6124.36,yes,LOW_RISK
35,contractual,58019.84,2.04,20046.14,15081.16,77853.59,35,0,30954.11,no,LOW_RISK
65,self_employed,49595.52,7.16,48243.67,2118.03,61802.28,19,1,22384.2,no,LOW_RISK
30,regular,59744.67,2.17,25381.67,17495.67,122563.62,7,0,26601.77,no,LOW_RISK
58,regular,24477.52,9.07,60939.87,8466.6,13924.27,23,1,32195.45,no,LOW_RISK
47,self_employed,37227.07,12.75,128096.04,10789.43,29400.36,7,1,10157.4,yes,LOW_RISK
41,contractual,75879.4,4.79,3112.39,12186.68,93146.09,18,1,109892.27,yes,LOW_RISK
57,regular,47580.72,16.26,53314.3,19297.26,66752.65,11,0,15229.09,no,LOW_RISK
49,contractual,18498.65,11.21,19655.38,3406.44,81683.15,6,1,58916.08,no,LOW_RISK
31,self_employed,50099.5,5.13,85078.38,3695.98,39999.24,12,0,83621.39,yes,LOW_RISK
56,regular,18380.86,14.75,116231.08,5720.31,1697.54,12,1,60788.46,yes,LOW_RISK
52,regular,14165.54,7.09,77316.41,0.0,58167.26,12,1,28087.83,yes,LOW_RISK
29,regular,11318.53,4.38,16015.77,3032.0,78826.59,13,1,25760.21,yes,LOW_RISK
47,regular,35354.24,10.34,43514.27,11403.69,182238.2,12,0,33628.02,no,LOW_RISK
40,regular,29921.03,6.55,28564.9,3195.71,49971.9,24,2,23915.06,yes,LOW_RISK
44,regular,41600.38,11.62,31428.81,644.59,71210.25,13,2,14028.52,no,LOW_RISK
40,self_employed,13941.91,1.61,27571.2,4032.88,31448.55,11,0,62903.55,yes,LOW_RISK
39,contractual,36835.89,6.14,3880.36,4209.74,105301.4,24,2,57068.71,yes,LOW_RISK
64,self_employed,16554.44,14.64,57179.67,1509.71,103032.58,13,0,42934.56,no,LOW_RISK
40,regular,47238.11,9.89,48808.88,13911.75,101295.63,24,2,51865.98,yes,LOW_RISK
63,regular,19376.34,8.87,86666.9,3744.17,22746.08,37,2,8917.49,yes,LOW_RISK
56,regular,17390.89,15.84,30209.84,6976.19,37675.77,23,2,1464.52,yes,LOW_RISK
24,self_employed,40003.32,2.49,50118.46,5455.78,28599.1,24,1,32215.01,no,LOW_RISK
60,regular,41554.89,15.86,68878.96,11862.98,12792.43,24,0,8411.3,no,LOW_RISK
58,regular,34833.74,20.41,35758.32,7969.68,102478.43,26,1,33416.39,yes,LOW_RISK
55,regular,50156.84,13.5,13114.66,23876.81,142181.39,25,0,41612.11,no,LOW_RISK
56,regular,45980.91,15.1,28783.47,10185.64,21718.18,12,2,29221.1,yes,LOW_RISK
37,regular,18091.97,7.73,57739.28,1060.79,124305.25,24,1,1424.03,yes,LOW_RISK
41,self_employed,51307.4,7.44,12637.7,12538.04,57425.73,12,0,21108.9,no,LOW_RISK
28,regular,70761.45,4.64,31073.56,10138.36,99125.01,24,2,8239.13,yes,LOW_RISK
34,regular,29299.92,5.65,22636.77,9875.94,67252.74,23,0,31784.49,yes,LOW_RISK
38,regular,55508.06,7.29,62704.22,9126.51,223523.54,37,2,6999.39,no,LOW_RISK
41,self_employed,51095.93,6.46,14676.38,13577.38,42980.47,11,0,24265.38,no,LOW_RISK
51,regular,32224.04,5.08,113484.29,2329.23,235906.14,18,0,38610.84,yes,LOW_RISK
40,self_employed,31124.68,4.65,83299.97,4026.97,26319.46,23,0,23700.61,yes,LOW_RISK
45,regular,24592.79,7.39,56979.16,10163.84,88755.99,12,0,117024.57,yes,LOW_RISK
41,self_employed,24481.62,7.72,81070.77,2682.06,104045.92,13,1,8903.61,no,LOW_RISK
37,regular,30690.75,6.68,27165.14,8099.99,63319.74,23,0,32183.15,yes,LOW_RISK
62,regular,36008.8,12.68,6945.6,6386.8,19666.94,18,2,6633.06,no,LOW_RISK
29,regular,42107.46,0.69,59165.67,786.69,22152.59,17,2,0.0,no,LOW_RISK
56,regular,63059.3,4.27,21766.61,16907.71,251564.82,36,3,10405.62,yes,LOW_RISK
59,regular,59869.54,17.04,47598.5,2688.63,32101.18,17,3,48966.53,no,LOW_RISK
28,regular,32550.96,2.76,58828.55,4555.6,40631.69,12,1,10529.73,no,LOW_RISK
54,regular,11639.9,13.47,45661.5,2676.31,21133.66,18,2,45163.63,no,LOW_RISK
44,regular,46179.56,6.58,31196.96,17808.59,91325.9,13,1,6173.56,no,LOW_RISK
51,regular,30309.38,15.04,10396.55,12528.48,72241.56,37,3,19463.63,yes,LOW_RISK
62,regular,56373.2,16.37,64681.94,5752.19,62552.58,12,1,27847.56,yes,LOW_RISK
40,contractual,32888.67,8.61,32709.09,15448.84,13496.8,7,0,21868.61,yes,LOW_RISK
53,contractual,49001.51,5.04,49388.03,10552.37,72530.03,37,0,7969.59,no,LOW_RISK
63,self_employed,27265.23,9.79,3571.78,4517.77,72149.32,6,1,0.0,no,LOW_RISK
26,self_employed,38724.32,1.3,65518.69,12377.61,71303.86,13,0,9478.1,yes,LOW_RISK
30,self_employed,33317.37,4.8,10279.01,18882.46,68318.16,24,2,9488.74,yes,LOW_RISK
65,self_employed,29038.75,7.5,38965.07,11091.65,114218.76,17,0,15920.45,no,LOW_RISK
46,regular,9206.87,9.29,26765.22,3620.5,33425.45,18,0,28156.58,no,LOW_RISK
27,regular,16871.4,2.46,668.62,4434.05,27441.71,6,0,15392.88,yes,LOW_RISK
56,regular,10435.81,1.7,43630.26,212.32,44120.01,23,0,7153.48,no,LOW_RISK
53,regular,35805.93,8.91,7440.41,12002.55,38397.71,23,0,23485.62,yes,LOW_RISK
44,regular,25831.13,9.06,4315.04,8247.15,53424.07,37,0,27205.0,no,LOW_RISK
57,regular,21198.78,19.44,45980.63,1354.17,48525.65,36,1,79374.26,no,LOW_RISK
48,contractual,33599.07,10.24,39765.1,7774.95,94059.51,37,0,26972.44,yes,LOW_RISK
40,regular,79923.19,2.83,49329.68,23428.81,2648.01,6,1,27328.34,no,LOW_RISK
43,self_employed,48533.82,5.43,11859.65,13383.78,144200.45,11,0,66450.05,no,LOW_RISK
40,regular,86710.35,10.9,10730.96,16946.59,330893.59,35,2,13535.16,yes,LOW_RISK
35,regular,34178.67,5.35,37556.92,9495.13,24381.25,13,0,4321.12,yes,LOW_RISK
24,regular,30450.02,1.35,1247.9,11919.12,84441.58,12,1,5519.19,yes,LOW_RISK
33,regular,37999.91,2.11,55977.97,5303.64,74673.97,24,1,24937.89,no,LOW_RISK
59,contractual,38786.96,11.85,79356.49,7589.1,25497.3,23,0,14356.49,no,LOW_RISK
26,regular,41733.48,1.69,62529.11,5917.58,52246.23,37,2,9596.34,no,LOW_RISK
45,regular,36933.78,12.1,32707.22,2931.81,77236.61,12,2,10531.72,no,LOW_RISK
57,regular,33763.21,16.38,30122.3,9686.31,43047.95,36,1,23989.63,no,LOW_RISK
54,regular,34888.07,17.79,48175.44,4394.41,40498.36,24,3,10831.96,no,LOW_RISK
26,regular,44161.7,2.13,61934.29,13309.92,37041.78,24,1,14672.54,yes,LOW_RISK
48,regular,11820.19,7.28,29419.4,1376.58,50856.91,12,1,10185.73,no,LOW_RISK
29,regular,28853.4,1.37,20702.72,18245.14,67896.78,23,1,38808.12,no,LOW_RISK
47,contractual,51735.33,1.02,12054.6,8389.23,60197.32,12,0,11489.72,yes,LOW_RISK
34,regular,48566.3,7.13,80799.71,11159.48,48205.11,25,0,719.48,yes,LOW_RISK
56,regular,34220.97,12.42,69905.76,12844.84,138514.39,24,2,12493.47,yes,LOW_RISK
29,self_employed,30655.66,2.81,35492.51,4960.1,60655.28,37,2,21648.61,yes,LOW_RISK
43,regular,11615.51,9.56,90378.66,766.65,39124.02,37,1,31302.7,no,LOW_RISK
39,regular,16849.51,7.77,54795.1,81.03,127357.38,25,1,4099.57,yes,LOW_RISK
28,self_employed,26849.36,3.27,5191.75,2001.07,173025.97,24,1,36377.68,yes,LOW_RISK
40,regular,48414.04,4.25,22290.1,8223.27,94894.84,18,3,49729.17,no,LOW_RISK
35,regular,53465.67,4.26,32739.47,24099.4,25545.76,12,0,21702.39,yes,LOW_RISK
57,regular,47848.69,8.13,34240.64,13009.7,37090.11,12,3,7521.19,yes,LOW_RISK
41,self_employed,46552.64,6.96,57650.97,14106.97,38487.65,24,1,18732.13,no,LOW_RISK
61,regular,27760.99,5.93,20586.25,2204.26,62964.33,18,0,8066.21,no,LOW_RISK
54,regular,28042.13,6.2,37776.79,10624.21,27477.99,26,1,1306.65,yes,LOW_RISK
26,regular,15121.98,2.51,47468.22,5264.57,34662.23,12,2,54106.12,yes,LOW_RISK
51,regular,16155.39,6.54,74790.18,254.31,47322.13,13,1,28093.0,yes,LOW_RISK
59,regular,33208.91,15.59,31362.84,9334.31,47086.03,35,1,22831.61,no,LOW_RISK
54,regular,26670.79,6.62,33565.25,11299.99,20837.2,25,1,4813.86,yes,LOW_RISK
57,regular,47922.43,15.33,28267.89,10516.87,28064.34,12,2,32839.74,yes,LOW_RISK
37,regular,35499.18,5.69,30531.84,8541.11,149334.91,18,2,17018.21,yes,LOW_RISK
58,regular,42407.68,2.86,10968.39,4862.01,157341.0,35,0,21984.23,yes,LOW_RISK
36,regular,51407.58,3.7,15089.1,12511.89,99184.66,19,0,39803.12,no,LOW_RISK
25,regular,52079.02,1.23,14550.73,7588.91,60883.7,13,0,23709.2,no,LOW_RISK
38,regular,22801.36,2.31,11137.42,1973.94,72846.38,35,2,55501.58,no,LOW_RISK
37,regular,24487.78,4.81,28605.74,5842.2,47802.54,25,0,1626.4,yes,LOW_RISK
36,self_employed,44598.67,4.81,10086.99,6106.02,47871.56,17,0,9955.2,yes,LOW_RISK
34,regular,43389.03,6.2,110447.75,6156.79,96569.67,12,2,4879.49,yes,LOW_RISK
52,regular,20294.68,13.21,67623.91,4280.7,40293.97,12,0,0.0,yes,LOW_RISK
64,contractual,56445.1,2.41,20067.99,6365.24,44666.64,13,1,27008.33,yes,LOW_RISK
62,self_employed,24019.79,9.56,2318.1,4062.11,71520.23,6,1,2879.72,no,LOW_RISK
29,regular,73598.87,4.64,33518.73,9459.33,111011.52,25,2,8564.64,yes,LOW_RISK
25,regular,42174.63,1.17,8618.18,5263.86,291845.83,13,1,41421.63,no,LOW_RISK
40,regular,40208.15,4.35,29937.6,13566.26,95636.42,24,0,6111.31,yes,LOW_RISK
48,regular,12386.98,11.51,85048.56,2818.86,15069.82,12,1,34731.44,yes,LOW_RISK
49,regular,31023.77,1.95,37675.52,8804.66,93826.96,11,0,74152.8,no,LOW_RISK
60,regular,18542.94,3.31,74588.08,484.02,54112.65,24,0,14187.29,yes,LOW_RISK
31,regular,39187.38,1.67,4463.01,8420.54,95431.93,19,1,10754.03,no,LOW_RISK
53,regular,41547.92,17.41,49494.38,6452.82,27490.09,19,0,39068.13,no,LOW_RISK
21,regular,22562.27,0.0,37552.3,9316.08,30619.3,11,0,10775.12,no,LOW_RISK
46,regular,21209.33,5.51,33772.2,3025.73,51564.43,19,1,15886.17,yes,LOW_RISK
31,regular,49600.04,5.45,37358.7,10078.94,391122.03,12,2,17651.18,yes,LOW_RISK
50,contractual,14839.24,5.94,14382.3,1284.81,24565.92,37,0,3066.34,no,LOW_RISK
24,regular,21271.45,2.02,17632.81,5983.09,41401.6,18,1,40350.3,no,LOW_RISK
40,regular,19905.42,1.49,9602.31,3070.8,95164.92,12,1,9252.21,no,LOW_RISK
39,regular,47693.84,5.83,52318.99,12888.53,57951.06,6,1,1610.35,no,LOW_RISK
66,regular,12482.29,3.46,53883.4,789.93,31549.04,13,1,28316.82,yes,LOW_RISK
60,regular,43533.53,18.79,60210.63,13791.51,41604.73,22,0,17744.41,no,LOW_RISK
51,regular,61996.86,6.23,21210.07,8328.68,123873.07,13,3,7418.0,no,LOW_RISK
52,regular,29570.35,13.42,25031.72,674.91,164189.2,36,2,23281.06,yes,LOW_RISK
35,regular,21633.05,3.14,42901.16,6336.93,42569.04,7,3,26743.67,no,LOW_RISK
41,self_employed,46991.87,1.97,20476.81,1122.52,103864.73,6,1,15419.96,no,LOW_RISK
44,self_employed,49944.18,6.41,59257.3,13965.76,30936.97,25,1,15072.28,no,LOW_RISK
36,regular,32468.81,6.49,17715.81,2464.75,101802.19,24,2,6506.89,no,LOW_RISK
37,contractual,70973.86,3.52,21343.17,5808.92,77455.87,36,1,11138.7,yes,LOW_RISK
34,regular,39526.65,5.87,109805.02,5229.13,88048.47,12,2,7216.75,yes,LOW_RISK
39,regular,45498.02,8.3,28601.55,6515.35,26421.7,37,1,13797.46,no,LOW_RISK
27,regular,48998.65,3.94,13251.62,961.92,56327.11,12,1,16774.18,no,LOW_RISK
36,self_employed,45917.21,3.96,7857.26,7177.4,56099.54,17,0,12478.42,yes,LOW_RISK
49,regular,38947.69,8.28,63396.9,3496.61,91798.01,18,1,33816.67,yes,LOW_RISK
56,self_employed,56910.33,18.51,38636.95,21489.2,14950.22,24,1,12134.78,yes,LOW_RISK
37,self_employed,66041.82,5.02,61060.65,25302.25,176170.16,13,0,26495.59,yes,LOW_RISK
61,regular,14169.92,13.84,26542.67,2347.52,53982.84,23,2,7702.57,yes,LOW_RISK
33,regular,54933.24,3.63,31260.44,24309.58,34227.4,14,0,20025.36,yes,LOW_RISK
58,regular,75189.63,3.87,80699.18,10739.11,123453.27,12,1,31470.78,yes,LOW_RISK
66,regular,22951.47,16.11,28353.19,3787.44,90613.57,36,2,23304.92,yes,LOW_RISK
65,regular,66167.59,21.13,32230.96,14982.8,65978.79,11,3,31457.24,no,LOW_RISK
60,regular,43989.15,14.82,69410.41,12204.99,16409.9,25,0,6087.51,no,LOW_RISK
24,regular,9014.97,1.42,33739.46,3818.86,42071.42,12,0,9464.67,yes,LOW_RISK
51,regular,62467.77,5.22,70620.94,29126.51,117065.98,23,1,73112.27,yes,LOW_RISK
66,regular,23631.82,20.98,65974.83,4945.41,67765.38,18,0,23862.4,no,LOW_RISK
56,regular,19349.66,2.25,80120.56,5012.46,43656.46,25,1,28679.62,yes,LOW_RISK
53,self_employed,23241.21,2.02,50755.29,10903.93,137567.4,12,0,44357.31,yes,LOW_RISK
31,self_employed,10828.04,1.08,36329.31,1756.52,20373.59,11,0,14795.95,no,LOW_RISK
52,contractual,56431.87,6.31,15863.5,14335.41,16329.86,18,0,44574.0,no,LOW_RISK
49,self_employed,21623.67,2.68,47254.77,12687.31,138548.92,13,0,45669.86,yes,LOW_RISK
29,self_employed,29093.0,2.64,35001.55,4676.2,63459.06,36,2,20941.17,yes,LOW_RISK
45,regular,18861.48,10.28,65866.29,2818.82,39964.96,36,3,9097.86,no,LOW_RISK
24,regular,39976.93,0.37,2896.3,3155.05,145835.33,19,2,38740.53,yes,LOW_RISK
40,contractual,32564.09,4.93,37080.97,7544.9,27996.3,34,0,2084.3,yes,LOW_RISK
33,regular,42049.76,1.36,7477.82,5584.26,32534.0,25,1,51677.12,yes,LOW_RISK
32,regular,44246.21,6.43,52999.76,13051.55,49227.65,17,0,17324.39,yes,LOW_RISK
65,regular,38974.9,16.37,66129.02,11565.61,46412.48,24,1,44931.71,no,LOW_RISK
47,regular,48922.78,6.86,3157.88,17203.5,105826.48,25,1,36809.4,yes,LOW_RISK
46,regular,13076.45,12.75,43644.92,395.12,124017.84,7,1,9212.9,yes,LOW_RISK
63,self_employed,62097.1,14.34,47933.45,27413.36,20186.38,24,0,10573.34,no,LOW_RISK
32,regular,25962.24,4.69,100760.37,1867.2,295290.22,7,0,21055.8,yes,LOW_RISK
28,regular,26650.28,1.23,18071.04,7091.85,8367.62,19,1,0.0,no,LOW_RISK
23,regular,38070.44,0.07,22809.02,7954.92,90217.02,37,2,7225.29,yes,LOW_RISK
34,contractual,53864.53,2.78,17666.54,14574.08,86374.18,37,0,31029.09,no,LOW_RISK
38,regular,44059.05,9.73,44899.63,13358.62,98772.7,24,2,48166.48,yes,LOW_RISK
28,regular,15426.26,2.05,46107.28,5591.34,25958.65,11,2,55056.75,yes,LOW_RISK
33,regular,37848.62,0.51,13206.32,11979.09,121788.86,36,0,40.06,yes,LOW_RISK
57,regular,16406.54,15.25,18016.38,3464.92,162530.32,36,0,56118.2,no,LOW_RISK
23,self_employed,18549.77,0.0,10666.22,4096.78,42937.05,24,1,12606.39,yes,LOW_RISK
61,regular,17754.05,18.07,62390.92,2098.57,36769.47,17,0,6569.8,yes,LOW_RISK
25,self_employed,47134.7,1.86,8452.43,4149.76,54861.45,12,1,82101.33,yes,LOW_RISK
57,regular,12776.57,12.5,23160.79,2169.25,89075.17,35,0,8158.98,no,LOW_RISK
44,regular,30859.22,7.73,25771.4,7085.1,111568.51,12,1,2411.48,yes,LOW_RISK
46,regular,35240.53,10.03,43413.79,10857.14,197584.33,12,0,29962.1,no,LOW_RISK
33,regular,42420.67,2.89,24277.39,7401.81,43191.91,36,0,2931.3,no,LOW_RISK
38,regular,66949.09,9.65,35255.17,14067.71,76547.02,13,1,13565.81,no,LOW_RISK
55,regular,25305.4,6.83,38012.88,12704.76,22068.19,25,1,3612.63,yes,LOW_RISK
31,regular,41579.89,6.85,57908.73,14397.14,40907.04,20,0,19262.52,yes,LOW_RISK
32,regular,31356.5,0.97,9866.66,13109.17,110402.02,36,0,2875.14,yes,LOW_RISK
65,regular,20235.04,14.73,2028.5,7966.98,27498.31,18,0,53222.96,yes,LOW_RISK
65,self_employed,15321.5,5.26,16449.29,4672.96,27762.69,24,0,51928.17,no,LOW_RISK
22,regular,11247.96,1.15,31819.16,3002.37,41093.26,12,1,1702.11,yes,LOW_RISK
31,self_employed,9991.78,2.1,36554.23,457.94,49939.87,35,0,32898.37,no,LOW_RISK
48,regular,88898.72,8.45,20091.31,21089.34,128268.4,23,2,43227.63,no,LOW_RISK
46,self_employed,80790.56,12.6,26761.17,33989.84,39662.62,6,0,60805.34,no,LOW_RISK
34,regular,41327.32,2.13,35137.03,7612.36,15537.99,6,1,19663.27,yes,LOW_RISK
46,self_employed,34455.19,3.57,55497.08,15675.74,207247.73,6,1,8529.13,yes,LOW_RISK
61,regular,22376.84,13.87,33830.42,3091.52,66323.63,36,4,18413.77,yes,LOW_RISK
58,regular,19756.27,19.3,48358.96,2775.97,63174.85,36,1,79414.98,no,LOW_RISK
59,contractual,29632.57,19.33,17311.38,6072.5,105507.02,13,0,31562.66,no,LOW_RISK
32,regular,22157.12,2.7,38124.8,10080.71,54864.39,23,0,5863.47,no,LOW_RISK
29,contractual,68872.03,1.53,18207.91,17385.77,95023.6,13,0,2106.49,no,LOW_RISK
31,regular,20722.07,1.54,62410.57,7720.62,39544.42,24,3,56593.59,yes,LOW_RISK
38,regular,39701.79,5.22,27745.3,14217.72,96023.9,24,0,7758.7,yes,LOW_RISK
37,self_employed,19426.28,5.62,6655.06,5403.05,20753.89,12,1,8289.62,yes,LOW_RISK
43,regular,67341.46,4.55,11945.77,21826.95,112830.8,36,0,6266.07,yes,LOW_RISK
50,contractual,16141.16,15.81,22118.75,2105.33,85383.69,17,0,13600.43,yes,LOW_RISK
47,regular,29125.19,14.7,24448.31,4645.51,26595.34,24,3,3640.62,yes,LOW_RISK
65,self_employed,28235.5,6.55,40864.8,10393.66,105356.04,17,0,17402.18,no,LOW_RISK
32,regular,38059.34,3.15,47909.96,13872.9,100360.37,24,0,39386.73,yes,LOW_RISK
37,regular,56969.94,7.9,13841.2,6871.25,38860.34,6,2,4969.85,no,LOW_RISK
28,contractual,42163.51,2.87,54166.87,2808.78,46537.07,25,1,989.63,yes,LOW_RISK
30,regular,42924.24,2.48,29651.41,7100.58,25228.55,6,1,17708.45,yes,LOW_RISK
42,regular,26327.76,7.41,28626.79,5138.65,408769.84,25,1,22261.0,yes,LOW_RISK
30,regular,42648.48,1.61,2739.02,8082.36,97023.28,20,1,7872.84,no,LOW_RISK
63,regular,15579.46,8.61,85401.19,4980.42,18424.07,37,2,9211.46,yes,LOW_RISK
36,regular,31977.24,1.59,15303.32,11726.35,107318.39,36,0,2373.66,yes,LOW_RISK
40,regular,87495.11,4.65,9944.25,26589.93,47811.56,26,2,0.0,yes,LOW_RISK
44,regular,62836.55,4.23,21584.18,13051.89,62173.99,17,1,38174.82,no,LOW_RISK
35,regular,64483.71,2.72,78599.61,11855.41,96656.07,23,0,8297.25,no,LOW_RISK
63,regular,18374.48,6.74,53335.85,11244.05,21725.71,25,1,6578.6,yes,LOW_RISK
51,regular,53830.69,9.66,64792.27,7781.59,9326.03,18,3,2151.81,no,LOW_RISK
52,regular,13592.87,9.25,52440.63,6382.52,104561.76,11,1,49749.3,no,LOW_RISK
34,contractual,28077.44,6.85,69575.33,7807.94,45433.74,23,0,63612.31,yes,LOW_RISK
55,regular,35017.02,20.77,36126.03,9089.83,119202.69,24,1,34848.68,yes,LOW_RISK
27,regular,44006.06,2.33,12436.02,3675.44,282003.01,11,1,42192.56,no,LOW_RISK
44,regular,41312.05,7.89,11748.7,4724.56,50869.7,11,2,15181.77,no,LOW_RISK
61,regular,12989.87,14.11,29442.94,2930.68,45497.38,25,2,13362.03,yes,LOW_RISK
57,regular,56155.05,13.02,16705.94,24550.47,150862.64,26,0,40821.37,no,LOW_RISK
50,regular,16933.45,15.38,17721.54,6074.41,32481.91,12,1,25139.91,yes,LOW_RISK
27,regular,20110.55,1.83,52105.5,3886.38,74104.04,18,0,36281.3,yes,LOW_RISK
46,regular,51576.35,8.15,46001.35,24338.5,243566.77,25,1,8424.25,no,LOW_RISK
43,regular,21771.36,4.85,52263.53,3443.25,103067.47,24,2,26176.07,no,LOW_RISK
53,self_employed,21360.0,16.79,28183.41,5843.37,52339.59,10,2,29470.93,yes,LOW_RISK
24,regular,67186.03,0.49,10261.29,26388.88,75228.33,22,0,7786.35,yes,LOW_RISK
42,regular,66428.11,5.68,13720.03,22458.6,107577.11,36,0,5130.96,yes,LOW_RISK
26,regular,79528.5,1.33,15598.49,11286.31,131574.28,25,1,0.0,no,LOW_RISK
64,regular,71525.67,17.8,70722.4,16815.89,78437.82,18,0,48733.07,no,LOW_RISK
43,regular,17596.78,4.19,2336.7,3741.0,33187.08,25,3,26350.28,no,LOW_RISK
47,regular,22636.14,5.12,5729.83,3312.93,18313.54,19,1,24930.98,no,LOW_RISK
36,regular,33815.87,6.36,26685.41,9775.35,137249.32,19,2,16359.41,yes,LOW_RISK
32,regular,26204.97,4.68,14112.23,7571.54,88716.1,12,2,60243.48,yes,LOW_RISK
55,self_employed,19615.98,16.61,31595.8,5493.18,59867.47,12,2,28492.11,yes,LOW_RISK
26,regular,30160.68,0.46,2948.91,12785.51,70942.0,12,1,5358.27,yes,LOW_RISK
