general_average,family_monthly_income,household_size,attendance_rate,disciplinary_incidents,community_service_hours,current_year_level,complete_documents,previous_scholarship,scholarship_result
94.1,20445.07,5,92.15,1,8.0,grade_10,yes,no,NOT_ELIGIBLE
81.9,20329.12,10,88.54,3,15.9,grade_10,yes,no,ELIGIBLE
83.78,19824.51,5,81.76,0,25.0,grade_7,yes,no,FOR_REVIEW
92.71,120000.0,4,86.03,0,4.1,grade_10,yes,no,FOR_REVIEW
90.25,54132.55,9,91.58,0,26.4,grade_9,yes,no,ELIGIBLE
98.69,26311.43,8,97.72,1,19.1,grade_10,yes,no,ELIGIBLE
78.82,14623.28,8,98.28,0,8.8,grade_12,yes,yes,ELIGIBLE
88.41,22986.47,2,96.01,0,8.4,grade_9,yes,no,FOR_REVIEW
92.75,25423.93,2,90.3,1,20.5,grade_12,yes,no,ELIGIBLE
81.57,56437.76,5,82.79,0,2.6,grade_9,yes,no,FOR_REVIEW
85.92,20182.22,8,92.71,1,8.6,grade_8,yes,yes,FOR_REVIEW
84.98,20759.6,10,90.14,2,21.3,grade_7,yes,no,FOR_REVIEW
94.79,55274.43,5,84.7,0,11.2,grade_7,yes,no,FOR_REVIEW
88.89,27781.2,9,91.73,1,11.9,grade_10,yes,no,ELIGIBLE
92.72,55271.48,7,100.0,0,31.2,grade_11,yes,no,ELIGIBLE
96.02,29699.96,4,92.99,0,14.2,grade_9,yes,no,ELIGIBLE
90.06,29819.86,4,91.97,0,23.5,grade_12,yes,no,ELIGIBLE
97.9,34468.12,4,99.23,0,5.3,grade_7,yes,yes,ELIGIBLE
87.59,52742.47,10,95.95,2,2.5,grade_11,yes,yes,FOR_REVIEW
99.37,25601.74,2,85.56,1,10.7,grade_12,yes,no,ELIGIBLE
95.15,54893.19,9,87.14,1,11.3,grade_11,yes,no,FOR_REVIEW
83.59,19324.26,3,98.53,0,9.6,grade_7,yes,yes,ELIGIBLE
99.07,28855.65,7,84.68,0,9.7,grade_8,yes,yes,ELIGIBLE
92.01,15782.86,6,95.43,0,11.7,grade_8,yes,no,NOT_ELIGIBLE
90.15,56258.07,9,91.86,0,30.0,grade_11,yes,yes,ELIGIBLE
95.41,15798.07,9,92.98,1,9.2,grade_11,yes,no,ELIGIBLE
94.83,26028.2,5,99.03,1,17.4,grade_11,yes,yes,ELIGIBLE
91.81,35984.21,6,91.37,0,11.1,grade_9,yes,no,ELIGIBLE
98.3,38481.49,3,96.35,1,2.9,grade_12,yes,no,ELIGIBLE
95.91,32395.07,3,86.74,0,27.4,grade_11,yes,yes,ELIGIBLE
86.61,45555.43,2,89.0,1,20.2,grade_8,yes,no,FOR_REVIEW
90.27,63291.86,8,100.0,1,78.8,grade_11,yes,no,ELIGIBLE
86.99,13684.45,9,90.28,1,29.6,grade_11,yes,no,ELIGIBLE
93.49,38462.56,8,100.0,1,16.7,grade_9,yes,no,ELIGIBLE
96.79,32687.26,4,89.45,0,10.1,grade_10,yes,no,ELIGIBLE
94.19,21148.1,9,80.4,4,6.0,grade_10,yes,no,FOR_REVIEW
94.79,29172.64,7,85.38,0,4.8,grade_12,yes,no,ELIGIBLE
95.59,11052.76,7,89.82,1,19.6,grade_9,yes,no,NOT_ELIGIBLE
92.38,10580.01,10,92.69,0,10.7,grade_11,no,no,FOR_REVIEW
82.72,37943.82,10,81.33,0,6.8,grade_7,yes,no,FOR_REVIEW
93.35,24522.35,7,95.33,0,7.0,grade_8,yes,no,ELIGIBLE
97.07,28274.5,3,92.46,0,28.5,grade_10,yes,no,ELIGIBLE
91.73,11802.76,3,89.89,0,24.8,grade_8,yes,no,ELIGIBLE
91.62,55284.39,5,100.0,0,18.5,grade_10,yes,no,ELIGIBLE
91.16,35373.65,4,93.72,0,9.6,grade_9,no,no,NOT_ELIGIBLE
97.44,16920.97,4,92.77,0,13.7,grade_7,yes,no,ELIGIBLE
92.76,15462.8,9,81.29,1,21.9,grade_10,yes,no,ELIGIBLE
98.14,11038.27,8,100.0,1,26.8,grade_9,yes,no,ELIGIBLE
84.73,25784.77,8,90.5,0,32.8,grade_10,yes,no,ELIGIBLE
79.34,23639.86,6,95.31,2,17.9,grade_8,no,no,NOT_ELIGIBLE
93.8,11747.48,5,92.17,1,21.2,grade_12,yes,no,ELIGIBLE
94.29,18909.16,3,91.81,0,32.1,grade_12,no,no,FOR_REVIEW
91.46,59370.45,5,95.69,0,40.0,grade_10,yes,yes,ELIGIBLE
87.82,9186.78,9,85.47,1,33.1,grade_7,yes,no,ELIGIBLE
78.55,27804.02,8,100.0,1,16.9,grade_9,yes,no,ELIGIBLE
95.31,21561.64,7,96.78,1,50.5,grade_8,no,yes,FOR_REVIEW
90.07,37545.24,9,94.13,0,13.2,grade_10,no,yes,NOT_ELIGIBLE
85.1,8289.92,6,100.0,0,7.3,grade_10,yes,yes,ELIGIBLE
99.02,19873.72,5,86.69,0,19.3,grade_8,yes,no,ELIGIBLE
85.71,39921.9,10,92.54,0,38.6,grade_8,yes,no,ELIGIBLE
88.25,69913.0,5,98.66,1,9.0,grade_10,no,no,NOT_ELIGIBLE
88.04,21771.08,9,96.65,0,4.1,grade_12,yes,no,ELIGIBLE
88.77,13472.04,9,97.01,1,6.0,grade_10,yes,no,ELIGIBLE
88.58,28221.13,2,85.68,0,36.4,grade_10,yes,no,ELIGIBLE
92.69,13753.92,9,82.76,0,4.2,grade_10,yes,no,ELIGIBLE
97.12,53767.35,6,95.14,0,16.8,grade_11,yes,no,ELIGIBLE
89.52,36212.66,7,93.06,0,3.8,grade_10,yes,no,ELIGIBLE
91.51,17987.26,3,89.21,0,31.5,grade_12,yes,yes,ELIGIBLE
96.07,39187.97,8,97.54,0,2.7,grade_7,yes,no,ELIGIBLE
86.13,7276.43,2,90.09,0,34.3,grade_10,yes,no,ELIGIBLE
86.41,16229.93,6,93.42,0,31.2,grade_9,yes,no,ELIGIBLE
88.9,37722.87,4,95.81,0,24.0,grade_8,yes,no,ELIGIBLE
93.73,20832.78,4,100.0,2,16.5,grade_9,yes,no,ELIGIBLE
96.21,24776.17,10,97.72,1,2.4,grade_7,yes,no,ELIGIBLE
81.99,80155.46,7,96.4,0,16.1,grade_11,yes,no,FOR_REVIEW
85.46,26018.32,7,91.12,0,12.0,grade_8,yes,no,ELIGIBLE
87.05,36990.01,5,98.86,0,20.9,grade_11,yes,no,NOT_ELIGIBLE
89.38,12380.6,10,79.74,1,17.7,grade_8,yes,no,FOR_REVIEW
87.35,28354.77,10,86.88,0,5.7,grade_8,yes,no,ELIGIBLE
89.67,65975.2,3,92.74,0,4.4,grade_7,yes,no,FOR_REVIEW
85.63,23742.49,2,94.49,0,20.4,grade_11,yes,no,ELIGIBLE
87.16,28433.44,4,89.88,0,12.1,grade_12,yes,yes,FOR_REVIEW
92.59,23543.83,6,100.0,0,1.5,grade_9,yes,yes,ELIGIBLE
97.19,17889.78,7,94.84,0,0.5,grade_10,yes,no,FOR_REVIEW
79.36,28006.34,3,95.96,0,29.1,grade_11,yes,no,ELIGIBLE
97.27,65370.15,6,92.71,2,14.7,grade_12,yes,no,FOR_REVIEW
86.09,20794.25,2,100.0,0,16.4,grade_11,yes,no,ELIGIBLE
83.65,39351.07,6,97.96,0,20.2,grade_12,yes,no,ELIGIBLE
93.24,36037.81,8,94.58,0,35.9,grade_11,yes,no,ELIGIBLE
86.17,67203.51,4,100.0,0,20.9,grade_7,yes,no,FOR_REVIEW
97.72,18053.56,6,90.68,0,24.3,grade_9,no,no,FOR_REVIEW
85.04,8496.38,9,95.23,1,7.3,grade_9,yes,no,FOR_REVIEW
94.22,71317.59,5,88.6,0,6.6,grade_9,yes,yes,FOR_REVIEW
94.85,41119.0,5,84.74,1,13.2,grade_10,no,yes,NOT_ELIGIBLE
97.19,27793.87,3,91.45,1,9.0,grade_8,yes,no,ELIGIBLE
85.82,27840.34,8,97.37,0,12.7,grade_8,yes,no,ELIGIBLE
89.05,38663.89,7,83.68,0,27.4,grade_12,yes,no,ELIGIBLE
86.63,29809.39,2,95.66,0,14.1,grade_9,yes,yes,FOR_REVIEW
97.84,61596.87,4,87.21,1,27.3,grade_7,no,yes,NOT_ELIGIBLE
82.21,27129.89,6,95.11,2,5.0,grade_12,yes,no,FOR_REVIEW
97.28,18717.92,9,85.97,1,20.5,grade_12,no,no,FOR_REVIEW
92.44,32572.15,9,95.7,0,64.4,grade_12,yes,no,ELIGIBLE
86.59,40260.48,10,81.99,0,14.5,grade_7,yes,no,FOR_REVIEW
81.56,8508.92,10,97.09,3,13.1,grade_9,yes,no,FOR_REVIEW
85.21,18036.84,7,92.6,0,13.2,grade_12,yes,yes,ELIGIBLE
88.8,17303.65,2,86.84,1,10.6,grade_12,yes,no,ELIGIBLE
86.82,28506.05,3,89.7,0,38.7,grade_9,yes,no,ELIGIBLE
92.96,23530.26,8,96.28,1,21.7,grade_12,yes,no,ELIGIBLE
98.69,82145.22,3,93.1,0,4.5,grade_7,yes,yes,FOR_REVIEW
93.5,25165.91,7,84.76,1,1.5,grade_9,no,no,NOT_ELIGIBLE
96.79,15195.43,3,93.45,0,15.9,grade_11,yes,no,ELIGIBLE
85.34,14680.79,5,89.15,0,17.3,grade_7,yes,no,ELIGIBLE
94.28,30267.02,5,86.49,2,13.5,grade_12,yes,no,FOR_REVIEW
81.84,36983.16,2,96.0,0,16.9,grade_7,yes,no,FOR_REVIEW
94.63,41819.44,2,94.82,0,44.8,grade_7,yes,yes,ELIGIBLE
88.64,42656.11,9,80.21,0,8.5,grade_8,yes,no,FOR_REVIEW
84.29,28109.87,7,100.0,1,9.4,grade_8,yes,no,ELIGIBLE
81.18,21766.75,6,96.19,2,21.6,grade_8,no,no,NOT_ELIGIBLE
83.02,42372.64,10,93.71,1,1.8,grade_12,yes,no,FOR_REVIEW
85.62,23240.48,9,86.95,1,12.8,grade_8,yes,yes,ELIGIBLE
87.22,53660.87,3,92.48,0,45.1,grade_7,no,no,NOT_ELIGIBLE
89.27,45041.26,2,91.32,0,16.7,grade_8,yes,no,FOR_REVIEW
96.02,12137.53,10,98.25,0,6.1,grade_8,yes,no,NOT_ELIGIBLE
92.16,14671.4,3,99.99,0,14.2,grade_12,no,no,FOR_REVIEW
85.67,30847.37,5,100.0,1,19.6,grade_11,yes,no,FOR_REVIEW
97.96,43391.15,2,100.0,0,3.0,grade_9,yes,yes,ELIGIBLE
92.5,28466.95,10,95.0,1,2.2,grade_11,no,no,FOR_REVIEW
90.95,21907.09,7,93.09,0,54.7,grade_8,yes,no,ELIGIBLE
90.99,37975.45,8,88.72,2,7.4,grade_11,yes,no,FOR_REVIEW
88.58,23700.85,5,88.46,0,8.3,grade_8,yes,no,ELIGIBLE
94.89,17801.64,5,82.22,0,25.5,grade_9,yes,no,ELIGIBLE
93.79,35643.1,8,90.41,0,27.6,grade_8,yes,no,ELIGIBLE
85.89,34402.27,6,89.88,0,7.3,grade_11,yes,no,FOR_REVIEW
85.91,21663.51,6,88.18,3,4.8,grade_7,yes,yes,FOR_REVIEW
96.93,59391.24,5,86.58,0,18.1,grade_11,yes,no,FOR_REVIEW
86.49,11844.51,10,93.76,0,20.2,grade_9,yes,no,ELIGIBLE
89.7,25892.17,4,96.13,1,0.6,grade_12,yes,yes,ELIGIBLE
90.96,29750.71,4,95.86,0,10.9,grade_8,yes,no,ELIGIBLE
89.07,16315.09,6,100.0,0,1.4,grade_10,yes,no,ELIGIBLE
98.01,19970.08,10,83.26,0,6.7,grade_11,yes,yes,ELIGIBLE
85.09,37118.27,10,99.58,1,14.1,grade_7,yes,no,FOR_REVIEW
92.42,28827.34,7,99.06,0,11.3,grade_7,yes,no,ELIGIBLE
93.46,28970.8,4,93.68,0,17.4,grade_9,no,no,FOR_REVIEW
99.09,24158.56,3,90.49,1,17.3,grade_7,yes,yes,ELIGIBLE
93.44,14349.85,6,81.76,1,31.9,grade_11,no,yes,NOT_ELIGIBLE
89.35,35881.05,9,93.8,0,5.7,grade_10,yes,no,ELIGIBLE
87.63,33956.98,2,95.16,0,5.6,grade_11,yes,no,ELIGIBLE
87.41,13543.74,9,89.18,1,9.9,grade_12,yes,no,ELIGIBLE
97.12,14811.0,2,93.24,0,22.8,grade_12,no,yes,FOR_REVIEW
87.07,38774.12,10,92.71,2,12.2,grade_10,yes,no,FOR_REVIEW
97.08,11598.52,4,88.9,0,33.7,grade_9,yes,no,ELIGIBLE
89.91,66012.02,3,100.0,0,26.6,grade_8,yes,no,ELIGIBLE
85.78,46156.23,4,78.04,2,12.9,grade_10,yes,no,NOT_ELIGIBLE
87.92,10233.51,3,85.34,0,6.5,grade_12,yes,no,ELIGIBLE
93.2,33847.14,8,98.14,0,2.1,grade_12,yes,no,ELIGIBLE
91.39,36776.41,10,95.81,0,5.2,grade_7,no,no,FOR_REVIEW
86.19,11622.74,9,88.33,0,25.0,grade_12,yes,no,ELIGIBLE
92.89,46368.93,9,100.0,0,9.1,grade_8,no,no,NOT_ELIGIBLE
92.03,14155.28,7,86.9,0,16.3,grade_7,yes,no,FOR_REVIEW
93.59,15631.17,4,94.27,2,1.7,grade_11,yes,yes,ELIGIBLE
87.37,71964.2,3,87.98,1,3.8,grade_10,yes,no,NOT_ELIGIBLE
89.31,24970.49,2,91.48,1,6.2,grade_7,yes,no,ELIGIBLE
79.71,38477.27,5,94.44,1,6.3,grade_11,yes,no,FOR_REVIEW
98.99,18965.75,7,88.98,0,29.9,grade_11,no,no,FOR_REVIEW
94.13,28064.04,6,91.99,0,21.6,grade_12,yes,no,ELIGIBLE
86.07,39564.21,10,94.45,1,12.7,grade_11,yes,no,FOR_REVIEW
91.78,14396.2,5,96.82,0,13.1,grade_8,yes,yes,ELIGIBLE
93.5,62171.12,8,89.42,0,15.8,grade_11,yes,no,ELIGIBLE
95.34,96308.36,6,92.73,0,15.9,grade_8,yes,no,FOR_REVIEW
85.42,23225.57,5,100.0,1,9.6,grade_9,yes,no,ELIGIBLE
80.8,32137.51,9,100.0,0,10.3,grade_7,no,yes,NOT_ELIGIBLE
90.43,59223.03,2,79.91,0,15.6,grade_7,yes,no,FOR_REVIEW
78.77,49868.34,3,89.25,0,10.7,grade_10,yes,no,FOR_REVIEW
87.76,20442.94,7,94.41,1,3.9,grade_9,yes,no,ELIGIBLE
87.26,42070.16,7,94.37,0,6.8,grade_8,yes,yes,ELIGIBLE
83.6,9587.1,5,82.42,1,16.2,grade_7,yes,no,FOR_REVIEW
93.7,55736.52,4,88.47,0,23.8,grade_11,no,no,FOR_REVIEW
91.41,16733.07,6,96.94,1,31.9,grade_9,yes,yes,ELIGIBLE
96.76,29913.89,9,100.0,2,93.8,grade_10,no,no,FOR_REVIEW
91.78,84280.56,3,98.91,0,30.4,grade_7,yes,no,FOR_REVIEW
99.51,42618.89,2,98.46,0,9.3,grade_9,yes,yes,ELIGIBLE
93.72,73143.26,10,89.81,1,13.2,grade_8,yes,yes,FOR_REVIEW
92.76,17147.83,8,87.88,1,12.0,grade_10,yes,no,ELIGIBLE
92.49,15696.83,10,93.91,0,6.5,grade_11,no,no,ELIGIBLE
78.32,21949.04,9,100.0,0,14.8,grade_10,yes,no,ELIGIBLE
88.72,28374.95,9,87.1,1,20.6,grade_10,yes,no,ELIGIBLE
94.24,110828.66,9,90.97,1,12.8,grade_11,yes,no,FOR_REVIEW
85.84,22978.04,10,90.34,1,18.0,grade_10,yes,no,ELIGIBLE
85.0,31273.91,5,91.76,0,38.2,grade_12,yes,no,FOR_REVIEW
95.09,56920.93,4,95.54,2,0.8,grade_11,yes,no,FOR_REVIEW
91.37,11672.39,4,93.23,0,8.9,grade_7,yes,no,ELIGIBLE
81.16,20335.5,8,87.49,0,12.3,grade_8,yes,yes,ELIGIBLE
87.42,8043.23,8,88.75,1,7.8,grade_12,yes,no,ELIGIBLE
86.34,18163.88,7,92.1,1,6.7,grade_11,yes,yes,ELIGIBLE
94.59,22861.95,8,90.04,1,6.3,grade_9,yes,no,ELIGIBLE
94.49,75828.52,9,95.76,1,30.4,grade_7,yes,no,FOR_REVIEW
80.54,23380.12,9,98.57,0,16.9,grade_8,yes,no,ELIGIBLE
94.84,19820.21,2,100.0,1,12.9,grade_7,yes,no,ELIGIBLE
90.36,7366.85,8,95.75,0,11.8,grade_10,yes,no,ELIGIBLE
98.65,24265.35,9,84.26,0,53.1,grade_9,yes,no,ELIGIBLE
91.41,41568.43,7,99.02,0,16.0,grade_11,yes,no,ELIGIBLE
87.85,37065.07,8,86.48,1,5.6,grade_8,yes,yes,NOT_ELIGIBLE
86.39,17619.07,2,89.49,2,24.3,grade_11,yes,no,FOR_REVIEW
94.62,109954.25,8,97.45,0,37.3,grade_8,yes,no,ELIGIBLE
96.86,8023.42,8,91.79,0,25.1,grade_7,no,no,FOR_REVIEW
91.97,29461.17,5,90.74,0,1.1,grade_11,yes,no,ELIGIBLE
95.32,43503.23,8,80.82,0,20.1,grade_8,yes,no,FOR_REVIEW
96.79,17297.12,7,90.31,0,23.9,grade_10,no,no,FOR_REVIEW
86.85,20357.22,8,90.54,0,17.9,grade_9,yes,yes,NOT_ELIGIBLE
83.65,18179.29,6,88.99,0,6.9,grade_9,yes,no,ELIGIBLE
90.41,20662.0,5,90.86,0,46.5,grade_11,yes,no,ELIGIBLE
96.61,35192.54,7,86.47,0,4.9,grade_12,no,yes,NOT_ELIGIBLE
86.49,62850.71,10,85.21,1,39.1,grade_10,yes,no,FOR_REVIEW
94.97,68966.59,10,88.83,0,10.2,grade_10,yes,no,ELIGIBLE
95.2,44477.92,3,95.56,0,12.2,grade_9,yes,yes,ELIGIBLE
91.91,27054.49,3,81.44,1,18.5,grade_8,yes,no,FOR_REVIEW
94.71,30929.37,8,96.39,0,13.9,grade_9,yes,no,ELIGIBLE
86.92,119645.64,9,96.2,1,16.0,grade_8,yes,no,FOR_REVIEW
96.13,25916.71,9,99.49,0,25.7,grade_9,yes,no,ELIGIBLE
86.16,23677.1,8,89.79,3,23.5,grade_9,no,yes,NOT_ELIGIBLE
90.77,26771.86,6,92.72,0,5.0,grade_11,yes,no,ELIGIBLE
97.31,34890.98,2,99.63,0,15.9,grade_12,yes,no,ELIGIBLE
99.63,26077.04,6,88.32,0,13.6,grade_11,yes,no,ELIGIBLE
90.87,41759.8,7,83.67,0,55.6,grade_8,yes,yes,ELIGIBLE
88.56,29195.51,7,92.92,2,23.6,grade_12,yes,no,ELIGIBLE
93.11,15984.48,3,90.26,0,36.7,grade_12,yes,no,ELIGIBLE
80.91,12065.29,10,93.75,1,48.4,grade_8,yes,no,ELIGIBLE
80.64,33450.78,5,87.63,0,18.5,grade_12,yes,yes,FOR_REVIEW
82.62,19421.71,5,90.17,1,14.3,grade_10,yes,yes,ELIGIBLE
99.14,72339.55,3,95.0,0,8.8,grade_7,yes,yes,FOR_REVIEW
88.06,24648.77,5,93.46,0,18.7,grade_7,yes,no,ELIGIBLE
91.69,24482.63,3,92.19,0,18.8,grade_11,yes,no,ELIGIBLE
93.12,40381.52,2,80.72,0,75.3,grade_11,no,no,NOT_ELIGIBLE
91.31,34783.42,4,87.42,1,17.3,grade_8,yes,no,FOR_REVIEW
94.14,14028.2,2,86.41,1,18.5,grade_12,yes,no,ELIGIBLE
85.18,13161.47,4,100.0,1,2.7,grade_10,yes,no,ELIGIBLE
87.18,17968.5,2,91.49,0,14.8,grade_12,yes,no,ELIGIBLE
98.81,19715.95,5,89.01,1,47.1,grade_11,yes,no,ELIGIBLE
93.47,20644.1,5,95.41,1,13.7,grade_9,yes,no,ELIGIBLE
95.3,21700.97,8,83.74,1,3.8,grade_12,yes,yes,ELIGIBLE
97.85,11029.44,7,94.56,1,2.8,grade_10,yes,no,ELIGIBLE
84.98,13859.73,3,100.0,0,17.2,grade_12,yes,no,ELIGIBLE
93.15,24594.64,8,98.35,0,41.6,grade_10,yes,no,ELIGIBLE
93.36,15361.76,5,89.13,0,10.3,grade_9,yes,yes,ELIGIBLE
95.04,24542.99,2,100.0,1,31.9,grade_11,yes,no,ELIGIBLE
94.44,48610.17,5,100.0,0,28.4,grade_12,yes,no,ELIGIBLE
93.0,29464.11,2,82.15,0,20.8,grade_8,yes,no,ELIGIBLE
83.0,15507.66,9,93.01,1,1.3,grade_10,yes,no,ELIGIBLE
92.18,120000.0,8,89.82,1,18.1,grade_12,yes,no,FOR_REVIEW
94.69,18597.88,7,88.27,1,32.8,grade_12,yes,no,ELIGIBLE
92.19,20826.81,6,89.47,0,19.8,grade_11,no,no,FOR_REVIEW
89.13,25731.23,5,87.98,1,19.9,grade_8,no,no,NOT_ELIGIBLE
86.56,15565.58,7,99.79,0,2.4,grade_12,yes,yes,ELIGIBLE
96.25,33782.9,6,93.43,0,23.1,grade_12,yes,no,ELIGIBLE
90.2,63039.87,3,93.74,0,5.9,grade_9,yes,no,FOR_REVIEW
94.02,19258.37,9,100.0,1,19.8,grade_8,no,no,FOR_REVIEW
97.62,24166.68,9,91.1,0,25.6,grade_10,yes,no,ELIGIBLE
88.86,28335.02,2,94.26,0,20.5,grade_10,yes,no,ELIGIBLE
84.22,6000.0,4,87.63,1,27.3,grade_7,no,yes,NOT_ELIGIBLE
99.39,16958.62,2,94.37,1,21.4,grade_9,yes,no,ELIGIBLE
87.87,32242.59,10,100.0,0,5.5,grade_12,yes,no,FOR_REVIEW
94.32,21763.49,7,96.15,0,18.8,grade_11,yes,yes,ELIGIBLE
95.26,11919.5,9,90.03,1,16.2,grade_11,yes,no,ELIGIBLE
92.71,21568.23,4,90.44,0,18.9,grade_12,no,yes,FOR_REVIEW
90.9,12721.88,6,91.71,1,16.8,grade_12,yes,no,ELIGIBLE
89.83,55935.85,8,96.91,0,3.7,grade_11,yes,yes,ELIGIBLE
93.29,17748.62,5,89.03,0,39.0,grade_9,yes,no,ELIGIBLE
95.31,35722.91,5,94.0,0,43.9,grade_7,no,no,NOT_ELIGIBLE
90.3,20322.66,5,93.06,1,19.9,grade_12,yes,no,ELIGIBLE
93.7,28244.99,7,98.39,0,22.0,grade_12,yes,yes,ELIGIBLE
79.06,44002.83,2,90.51,2,13.0,grade_12,yes,no,NOT_ELIGIBLE
95.74,22633.77,6,100.0,0,11.2,grade_12,yes,no,ELIGIBLE
94.07,38214.17,6,95.81,1,27.1,grade_8,yes,no,ELIGIBLE
84.02,16880.62,5,87.31,0,59.8,grade_12,yes,no,ELIGIBLE
92.13,29587.02,6,86.85,0,7.7,grade_8,yes,no,ELIGIBLE
91.34,49456.0,2,88.93,0,8.9,grade_9,yes,yes,FOR_REVIEW
86.36,31242.94,8,89.44,1,0.7,grade_12,yes,yes,FOR_REVIEW
85.88,28486.58,9,88.02,0,10.4,grade_8,yes,no,ELIGIBLE
92.37,9724.28,6,98.05,0,44.6,grade_7,yes,no,ELIGIBLE
93.91,40557.05,10,97.45,1,11.8,grade_9,yes,yes,ELIGIBLE
93.99,120000.0,3,92.21,0,29.0,grade_7,yes,no,FOR_REVIEW
84.65,41613.54,8,95.1,1,36.7,grade_7,yes,no,FOR_REVIEW
83.18,32291.68,4,93.0,0,20.8,grade_10,yes,yes,ELIGIBLE
92.51,50751.47,10,98.12,3,27.5,grade_11,yes,yes,ELIGIBLE
95.98,48492.17,2,92.89,0,15.5,grade_10,yes,no,ELIGIBLE
94.04,43979.17,9,87.85,1,31.4,grade_10,yes,no,ELIGIBLE
93.0,32531.98,5,99.08,0,7.4,grade_11,no,no,NOT_ELIGIBLE
89.37,12271.15,6,94.33,2,9.4,grade_8,yes,no,ELIGIBLE
96.4,35170.58,9,98.65,0,21.3,grade_9,yes,no,ELIGIBLE
92.14,31542.92,6,85.02,0,15.0,grade_7,yes,no,ELIGIBLE
84.38,47633.58,8,96.55,0,38.3,grade_7,yes,no,ELIGIBLE
96.12,29035.22,8,100.0,0,27.0,grade_7,yes,no,ELIGIBLE
89.55,16796.14,3,87.56,1,15.5,grade_7,yes,no,ELIGIBLE
94.89,29024.09,6,93.85,0,17.7,grade_9,yes,yes,NOT_ELIGIBLE
86.24,14479.31,9,90.0,0,45.1,grade_9,yes,no,ELIGIBLE
92.48,18623.87,2,100.0,1,46.6,grade_7,yes,yes,ELIGIBLE
91.3,48465.7,2,86.44,0,47.8,grade_10,yes,no,FOR_REVIEW
91.1,6000.0,5,87.54,0,13.1,grade_11,yes,no,ELIGIBLE
93.38,26260.57,4,94.47,0,36.6,grade_11,yes,no,ELIGIBLE
95.21,21509.46,6,87.61,1,24.6,grade_12,yes,no,ELIGIBLE
89.64,35734.07,4,89.14,1,5.5,grade_8,yes,no,FOR_REVIEW
89.24,92230.41,7,99.55,0,2.2,grade_9,yes,no,FOR_REVIEW
97.62,38015.17,4,84.19,0,10.2,grade_7,yes,yes,ELIGIBLE
86.75,40480.86,10,90.74,1,6.8,grade_7,no,yes,NOT_ELIGIBLE
89.96,42365.28,3,100.0,0,7.4,grade_10,yes,no,FOR_REVIEW
97.79,10398.46,7,98.85,0,13.4,grade_9,yes,no,ELIGIBLE
91.83,46786.47,3,85.47,0,3.1,grade_8,yes,no,FOR_REVIEW
86.06,30453.71,10,95.03,1,16.9,grade_7,yes,no,FOR_REVIEW
88.48,14626.32,8,95.49,0,27.3,grade_12,yes,no,ELIGIBLE
84.21,104352.65,10,98.31,0,9.6,grade_9,yes,no,ELIGIBLE
90.44,28345.45,10,94.32,0,14.9,grade_8,yes,yes,NOT_ELIGIBLE
81.01,11587.58,7,91.93,0,5.5,grade_7,yes,no,ELIGIBLE
89.62,21212.78,3,91.33,0,16.4,grade_12,yes,no,ELIGIBLE
86.46,26679.02,5,97.92,1,31.2,grade_11,yes,no,ELIGIBLE
87.56,48573.95,3,85.69,1,17.5,grade_11,no,no,NOT_ELIGIBLE
90.26,22753.39,10,95.3,0,18.9,grade_12,yes,no,ELIGIBLE
89.99,40782.88,9,80.85,1,2.4,grade_7,yes,yes,FOR_REVIEW
89.85,16798.67,2,88.51,0,6.8,grade_7,yes,no,ELIGIBLE
77.92,28641.82,5,93.7,0,3.8,grade_11,yes,no,FOR_REVIEW
84.83,21619.41,3,100.0,0,32.2,grade_11,no,yes,NOT_ELIGIBLE
94.48,8185.06,9,84.2,1,15.6,grade_11,yes,yes,ELIGIBLE
82.15,45158.43,4,93.14,0,14.4,grade_9,yes,yes,FOR_REVIEW
94.29,15321.35,7,93.73,0,11.8,grade_9,yes,no,ELIGIBLE
81.8,12630.71,8,93.83,0,8.2,grade_10,yes,no,ELIGIBLE
82.92,34373.54,6,91.24,2,6.9,grade_11,yes,no,FOR_REVIEW
97.06,34085.83,10,98.94,2,4.6,grade_12,yes,no,ELIGIBLE
85.99,33110.94,4,89.71,2,18.5,grade_8,yes,no,NOT_ELIGIBLE
92.36,30010.01,3,96.75,0,27.7,grade_11,yes,no,ELIGIBLE
94.62,49180.29,9,90.95,1,37.9,grade_9,no,no,NOT_ELIGIBLE
88.83,9632.59,5,90.81,0,3.9,grade_9,yes,yes,ELIGIBLE
85.54,31188.36,9,97.79,1,31.7,grade_11,yes,no,ELIGIBLE
81.06,40280.72,9,94.91,0,9.6,grade_10,yes,yes,FOR_REVIEW
83.43,6000.0,7,92.2,1,15.7,grade_10,yes,no,ELIGIBLE
88.52,24586.2,3,98.7,1,20.8,grade_8,yes,no,ELIGIBLE
96.84,12682.68,6,93.65,0,3.7,grade_11,yes,no,ELIGIBLE
97.78,15263.49,8,87.51,0,3.6,grade_8,no,no,FOR_REVIEW
86.82,22089.97,5,87.45,0,8.7,grade_9,yes,no,FOR_REVIEW
81.5,36428.65,4,91.77,1,18.1,grade_12,yes,no,NOT_ELIGIBLE
92.23,60526.26,3,95.89,0,15.9,grade_11,yes,yes,ELIGIBLE
84.09,8414.83,4,84.5,1,3.4,grade_9,yes,no,FOR_REVIEW
94.65,6613.18,4,92.33,0,27.2,grade_11,yes,no,ELIGIBLE
97.6,77625.61,7,93.17,0,69.2,grade_7,yes,no,FOR_REVIEW
97.99,18570.55,9,92.42,0,58.6,grade_9,yes,no,ELIGIBLE
84.46,24270.8,7,99.56,2,9.5,grade_9,yes,no,FOR_REVIEW
92.55,49276.43,5,86.81,0,1.5,grade_11,yes,no,FOR_REVIEW
93.44,40139.38,8,100.0,0,31.3,grade_8,yes,yes,ELIGIBLE
78.08,13811.84,8,96.4,1,31.7,grade_12,yes,no,ELIGIBLE
85.89,26411.31,3,94.36,0,16.7,grade_9,no,no,NOT_ELIGIBLE
87.36,27144.15,9,99.45,0,11.3,grade_9,yes,no,ELIGIBLE
94.97,30161.93,4,89.24,0,14.0,grade_8,yes,no,ELIGIBLE
85.87,43241.02,6,89.98,0,11.0,grade_10,yes,no,FOR_REVIEW
97.58,15241.96,3,91.13,0,22.6,grade_12,yes,yes,ELIGIBLE
92.99,35806.24,6,84.39,0,8.2,grade_11,yes,no,ELIGIBLE
86.81,8827.92,6,91.21,0,10.9,grade_12,yes,no,ELIGIBLE
88.04,12755.59,5,90.24,0,25.5,grade_8,yes,no,ELIGIBLE
94.63,33624.05,8,89.05,0,21.6,grade_7,yes,no,ELIGIBLE
87.64,63212.63,8,83.26,0,19.0,grade_8,yes,no,FOR_REVIEW
88.93,42672.42,5,89.86,0,64.6,grade_12,yes,no,ELIGIBLE
97.9,13949.66,8,89.92,0,53.3,grade_10,yes,no,ELIGIBLE
91.05,42522.0,3,90.48,1,35.8,grade_11,yes,no,NOT_ELIGIBLE
94.68,26603.37,4,92.32,1,5.7,grade_8,yes,yes,ELIGIBLE
89.12,60101.65,7,89.0,0,11.4,grade_12,yes,yes,FOR_REVIEW
90.14,23139.61,6,90.91,1,35.2,grade_8,yes,no,ELIGIBLE
90.4,46466.69,8,92.89,0,7.2,grade_10,yes,no,ELIGIBLE
96.36,6000.0,10,95.04,0,31.7,grade_8,yes,no,ELIGIBLE
80.57,22424.43,10,100.0,0,1.1,grade_12,no,no,NOT_ELIGIBLE
98.18,23721.9,8,96.95,0,34.9,grade_11,yes,no,ELIGIBLE
98.71,15545.27,9,98.72,1,5.1,grade_11,yes,no,ELIGIBLE
86.49,9229.94,3,100.0,0,9.9,grade_8,yes,no,ELIGIBLE
93.98,31539.18,9,90.64,0,30.6,grade_8,yes,yes,ELIGIBLE
90.54,22056.99,6,86.86,1,20.4,grade_7,yes,no,ELIGIBLE
89.45,53460.07,3,86.95,0,13.3,grade_8,yes,no,FOR_REVIEW
97.81,11020.06,2,96.14,0,12.0,grade_12,yes,no,ELIGIBLE
93.73,38570.25,3,95.97,0,8.5,grade_12,yes,no,ELIGIBLE
88.91,8916.11,4,100.0,0,5.7,grade_10,yes,yes,ELIGIBLE
86.39,11097.28,7,93.17,0,36.2,grade_9,yes,no,ELIGIBLE
96.81,60380.44,6,84.4,0,5.3,grade_12,no,no,NOT_ELIGIBLE
85.18,15897.88,8,95.18,1,16.4,grade_8,no,no,NOT_ELIGIBLE
96.69,16955.3,3,93.32,1,19.9,grade_8,no,yes,FOR_REVIEW
95.77,17141.98,5,94.77,1,8.1,grade_10,yes,yes,ELIGIBLE
96.16,119367.1,5,94.39,0,3.0,grade_9,no,no,NOT_ELIGIBLE
97.48,21459.7,4,91.85,0,2.4,grade_8,yes,yes,FOR_REVIEW
96.71,26738.68,10,96.73,0,7.0,grade_10,yes,no,FOR_REVIEW
90.01,70465.21,10,92.89,0,2.2,grade_9,yes,yes,FOR_REVIEW
90.25,6677.44,4,95.87,1,15.8,grade_11,yes,no,FOR_REVIEW
89.54,15065.5,10,89.23,0,6.3,grade_7,yes,no,ELIGIBLE
91.78,24133.66,10,84.44,1,12.7,grade_7,yes,no,ELIGIBLE
84.33,65822.44,2,97.92,0,24.7,grade_12,no,no,ELIGIBLE
87.2,58242.39,6,84.75,0,11.4,grade_12,yes,no,ELIGIBLE
90.57,44951.29,6,97.53,0,18.9,grade_8,yes,no,ELIGIBLE
95.63,28018.35,7,88.35,0,25.9,grade_10,yes,no,ELIGIBLE
84.84,8618.62,2,92.73,0,10.6,grade_10,yes,no,ELIGIBLE
78.55,28748.24,2,84.94,2,20.9,grade_11,no,no,NOT_ELIGIBLE
94.12,18986.01,2,84.38,0,14.3,grade_7,yes,no,ELIGIBLE
95.03,20169.49,6,91.86,1,12.0,grade_7,yes,no,ELIGIBLE
80.83,42832.12,6,93.31,0,20.5,grade_7,yes,yes,ELIGIBLE
90.13,120000.0,6,83.09,1,10.5,grade_10,yes,no,FOR_REVIEW
91.29,23860.56,10,90.6,2,6.8,grade_9,yes,no,ELIGIBLE
88.46,11110.37,6,86.81,1,4.1,grade_7,yes,no,ELIGIBLE
91.19,37318.79,2,77.8,2,24.7,grade_11,yes,no,NOT_ELIGIBLE
83.6,34549.64,5,88.25,0,14.4,grade_7,yes,no,FOR_REVIEW
84.16,22944.31,5,91.29,0,19.7,grade_10,yes,no,ELIGIBLE
92.73,13918.8,2,94.48,1,10.8,grade_8,yes,no,ELIGIBLE
99.55,18484.52,7,87.5,0,13.3,grade_7,yes,yes,ELIGIBLE
85.89,22157.21,3,88.42,0,12.4,grade_11,yes,no,FOR_REVIEW
97.73,68409.43,8,97.9,0,6.8,grade_12,yes,no,ELIGIBLE
91.52,27977.33,6,100.0,1,20.9,grade_12,no,no,FOR_REVIEW
90.53,23098.26,8,83.13,0,22.3,grade_11,no,no,ELIGIBLE
96.37,14938.41,5,96.37,0,9.7,grade_8,yes,yes,ELIGIBLE
99.42,46306.59,7,93.87,0,46.8,grade_11,yes,no,FOR_REVIEW
89.01,25369.83,7,98.0,0,11.3,grade_9,yes,no,ELIGIBLE
78.46,14205.04,3,89.78,1,0.8,grade_12,yes,no,FOR_REVIEW
94.22,53128.45,2,95.58,0,3.3,grade_9,yes,no,ELIGIBLE
86.4,26221.19,2,90.43,0,7.0,grade_11,yes,yes,ELIGIBLE
85.23,32934.44,10,92.38,1,36.6,grade_10,yes,no,FOR_REVIEW
93.39,38316.9,4,93.0,1,6.4,grade_11,yes,no,NOT_ELIGIBLE
96.2,42417.47,10,93.02,0,5.7,grade_10,yes,no,ELIGIBLE
89.75,25423.94,6,90.4,0,16.9,grade_10,yes,no,ELIGIBLE
94.8,37573.24,2,85.85,1,6.4,grade_9,yes,no,FOR_REVIEW
94.75,59144.61,5,97.65,1,12.0,grade_12,yes,yes,ELIGIBLE
88.91,64494.67,10,100.0,0,28.2,grade_11,yes,no,ELIGIBLE
86.74,12274.78,6,86.23,0,4.6,grade_9,yes,no,ELIGIBLE
86.41,26971.98,10,85.84,0,0.1,grade_7,yes,no,ELIGIBLE
79.45,54834.58,8,100.0,0,25.7,grade_11,yes,no,NOT_ELIGIBLE
91.97,120000.0,4,85.84,0,27.8,grade_9,yes,no,FOR_REVIEW
85.29,31109.88,2,94.18,1,12.5,grade_12,yes,no,FOR_REVIEW
90.35,25329.81,6,85.59,0,67.1,grade_8,no,no,FOR_REVIEW
93.42,9867.2,3,100.0,1,11.2,grade_7,yes,no,ELIGIBLE
83.83,34156.14,2,94.69,0,6.2,grade_8,yes,yes,FOR_REVIEW
91.02,44141.77,5,85.68,1,21.8,grade_12,yes,no,ELIGIBLE
81.69,60627.47,9,100.0,0,23.6,grade_9,yes,yes,ELIGIBLE
84.14,37385.5,7,100.0,0,31.5,grade_8,yes,no,ELIGIBLE
93.62,77338.65,7,94.08,0,16.6,grade_10,yes,no,FOR_REVIEW
98.27,41161.14,5,99.35,0,11.7,grade_9,yes,no,ELIGIBLE
93.26,63596.36,5,92.87,1,17.0,grade_7,no,yes,NOT_ELIGIBLE
81.33,69266.5,4,90.15,1,5.3,grade_12,yes,no,FOR_REVIEW
87.03,26550.76,8,88.58,0,6.9,grade_11,yes,no,ELIGIBLE
94.28,38364.08,8,91.15,0,2.1,grade_10,yes,yes,ELIGIBLE
93.64,6000.0,7,100.0,0,7.4,grade_12,yes,no,ELIGIBLE
87.49,26429.42,2,92.57,0,18.8,grade_11,yes,no,ELIGIBLE
80.04,16508.74,8,100.0,0,6.3,grade_8,yes,no,ELIGIBLE
93.81,15901.19,3,77.8,1,24.4,grade_11,yes,no,ELIGIBLE
83.82,19591.19,7,90.72,0,3.9,grade_12,yes,no,NOT_ELIGIBLE
92.75,47498.87,2,77.28,0,19.3,grade_8,yes,no,FOR_REVIEW
91.53,30547.76,5,86.72,0,11.8,grade_12,no,no,NOT_ELIGIBLE
94.61,8341.4,4,100.0,1,34.8,grade_11,yes,no,ELIGIBLE
89.31,22337.99,2,94.86,0,2.6,grade_7,yes,no,ELIGIBLE
95.57,18933.43,3,93.46,0,3.7,grade_11,yes,no,ELIGIBLE
87.81,38394.59,4,93.78,0,25.1,grade_12,yes,yes,ELIGIBLE
95.7,28952.68,8,89.86,1,13.1,grade_8,yes,no,ELIGIBLE
94.32,32630.1,4,86.79,2,6.5,grade_9,no,no,NOT_ELIGIBLE
96.71,17532.69,10,100.0,0,6.0,grade_8,yes,no,ELIGIBLE
91.04,9100.59,5,93.8,0,49.1,grade_12,yes,no,ELIGIBLE
88.72,14779.35,6,83.72,0,33.7,grade_8,yes,no,ELIGIBLE
95.09,22661.45,7,87.79,0,11.8,grade_8,yes,no,ELIGIBLE
98.27,31348.44,10,87.51,0,18.2,grade_10,yes,no,ELIGIBLE
82.03,77705.78,8,96.98,0,21.6,grade_10,yes,no,FOR_REVIEW
88.07,11356.0,2,96.05,0,1.8,grade_7,no,no,FOR_REVIEW
88.99,12635.35,9,94.29,0,30.6,grade_12,yes,no,ELIGIBLE
85.37,106056.88,10,91.96,0,10.2,grade_7,yes,no,FOR_REVIEW
98.23,17173.68,5,88.51,0,20.5,grade_10,yes,no,ELIGIBLE
90.82,45973.92,8,88.38,0,16.0,grade_10,yes,no,NOT_ELIGIBLE
88.44,15982.37,7,91.84,2,16.5,grade_9,yes,no,ELIGIBLE
95.95,20105.01,7,95.19,0,27.0,grade_11,yes,no,ELIGIBLE
82.92,18535.88,3,92.37,0,10.6,grade_11,yes,no,ELIGIBLE
95.27,25806.92,2,93.37,0,27.4,grade_8,yes,no,ELIGIBLE
98.57,28019.25,10,89.23,1,10.8,grade_12,yes,no,ELIGIBLE
91.51,23791.31,8,95.58,0,23.4,grade_9,yes,no,ELIGIBLE
81.56,23312.23,3,97.22,0,31.9,grade_8,yes,no,ELIGIBLE
96.65,14141.14,5,84.84,0,5.6,grade_9,yes,no,ELIGIBLE
94.12,34214.83,8,96.0,0,10.5,grade_8,yes,no,ELIGIBLE
84.47,99779.26,4,96.93,0,19.2,grade_12,yes,no,FOR_REVIEW
89.9,22507.63,7,82.22,0,33.7,grade_12,yes,no,ELIGIBLE
91.85,14494.47,9,83.66,0,9.6,grade_9,yes,no,ELIGIBLE
91.51,53611.47,6,96.86,1,6.7,grade_10,yes,no,ELIGIBLE
79.88,35848.61,2,94.54,0,32.2,grade_12,yes,no,FOR_REVIEW
94.52,10431.75,10,97.08,0,3.9,grade_11,yes,no,FOR_REVIEW
96.26,21913.73,9,95.03,0,18.4,grade_8,yes,no,ELIGIBLE
86.92,42184.6,2,89.22,0,6.7,grade_11,yes,no,FOR_REVIEW
88.26,16076.77,2,89.48,0,13.9,grade_7,yes,no,ELIGIBLE
87.56,20252.15,3,85.5,0,2.5,grade_7,yes,yes,ELIGIBLE
96.45,32098.68,10,93.65,1,3.3,grade_8,yes,no,ELIGIBLE
89.23,21087.94,10,92.03,1,39.4,grade_10,yes,no,ELIGIBLE
97.64,22479.81,10,100.0,0,7.3,grade_10,yes,yes,ELIGIBLE
79.63,59070.72,10,85.36,1,20.9,grade_8,yes,no,FOR_REVIEW
85.56,15587.58,9,95.93,0,24.6,grade_11,yes,no,ELIGIBLE
89.54,17484.92,6,99.03,0,5.9,grade_11,yes,yes,ELIGIBLE
89.43,15998.5,8,90.23,0,27.2,grade_9,yes,no,ELIGIBLE
86.02,40242.35,7,90.89,1,3.1,grade_10,yes,yes,FOR_REVIEW
89.79,19967.22,6,88.17,0,19.7,grade_11,yes,no,ELIGIBLE
93.96,47450.98,8,88.03,0,42.6,grade_10,yes,no,ELIGIBLE
87.2,36263.54,2,94.09,1,23.3,grade_12,yes,no,ELIGIBLE
86.91,27446.88,3,78.0,1,10.1,grade_10,yes,no,FOR_REVIEW
94.31,40471.32,6,82.84,0,15.6,grade_7,yes,no,ELIGIBLE
89.99,8617.05,5,100.0,2,34.7,grade_10,yes,yes,ELIGIBLE
98.58,15749.0,7,87.94,0,10.1,grade_8,yes,no,ELIGIBLE
90.29,71210.3,6,88.28,0,23.7,grade_8,yes,no,NOT_ELIGIBLE
90.64,68455.99,5,87.21,0,33.3,grade_8,yes,no,FOR_REVIEW
92.86,8504.67,9,99.24,0,19.5,grade_11,yes,no,NOT_ELIGIBLE
93.4,47892.81,7,91.32,0,10.3,grade_8,no,no,NOT_ELIGIBLE
91.89,13073.27,3,98.62,0,6.8,grade_10,yes,no,ELIGIBLE
87.19,26195.67,9,99.34,1,5.7,grade_11,yes,no,ELIGIBLE
91.13,14348.67,2,80.67,0,45.5,grade_11,no,no,FOR_REVIEW
85.26,29593.35,7,93.41,0,1.0,grade_11,yes,no,ELIGIBLE
88.6,23762.63,5,90.78,0,11.2,grade_10,yes,yes,ELIGIBLE
97.2,51745.71,10,88.21,0,25.1,grade_8,yes,no,ELIGIBLE
91.44,35964.34,3,93.93,1,15.9,grade_7,no,no,NOT_ELIGIBLE
88.43,17612.96,6,92.59,1,17.1,grade_11,no,no,FOR_REVIEW
88.28,32781.97,7,95.85,1,30.3,grade_12,no,no,NOT_ELIGIBLE
94.86,18502.89,5,81.51,1,25.5,grade_8,no,yes,NOT_ELIGIBLE
97.64,27684.13,6,94.6,2,8.3,grade_10,yes,no,ELIGIBLE
84.94,48977.42,10,97.42,0,13.7,grade_9,yes,no,FOR_REVIEW
82.51,34757.32,7,92.89,0,12.0,grade_7,no,no,NOT_ELIGIBLE
81.23,91257.39,6,87.37,1,20.2,grade_12,yes,no,NOT_ELIGIBLE
95.42,35020.17,3,93.33,0,25.8,grade_10,yes,no,ELIGIBLE
80.59,31250.98,8,96.41,0,16.4,grade_10,yes,no,FOR_REVIEW
91.06,68943.77,9,100.0,0,8.6,grade_9,yes,yes,ELIGIBLE
78.08,38505.13,7,87.56,0,15.0,grade_12,no,no,NOT_ELIGIBLE
85.96,28279.84,10,92.13,0,1.3,grade_7,yes,no,ELIGIBLE
96.29,26891.14,9,91.65,0,6.0,grade_10,yes,no,ELIGIBLE
79.0,7899.63,9,90.17,1,35.8,grade_10,no,no,NOT_ELIGIBLE
83.35,18245.07,7,90.29,0,7.0,grade_10,no,no,NOT_ELIGIBLE
82.6,64408.73,10,96.16,1,14.1,grade_11,yes,no,FOR_REVIEW
91.11,57113.93,6,100.0,1,2.2,grade_10,yes,no,ELIGIBLE
96.87,44602.31,5,89.32,0,5.1,grade_12,yes,no,FOR_REVIEW
85.53,11956.87,2,93.38,1,23.4,grade_12,no,no,NOT_ELIGIBLE
86.99,120000.0,10,92.74,0,32.6,grade_11,yes,no,NOT_ELIGIBLE
81.76,6000.0,7,91.6,0,15.6,grade_8,yes,no,ELIGIBLE
99.74,99538.57,3,82.46,2,4.6,grade_7,yes,no,NOT_ELIGIBLE
87.62,19988.9,4,86.64,0,28.3,grade_10,no,no,NOT_ELIGIBLE
97.05,85859.2,4,91.98,0,24.9,grade_9,yes,no,FOR_REVIEW
88.28,16867.79,3,96.8,0,37.4,grade_9,yes,no,ELIGIBLE
78.09,27609.26,8,97.19,0,23.7,grade_8,yes,no,ELIGIBLE
94.92,51639.96,3,90.24,0,23.7,grade_10,yes,yes,ELIGIBLE
87.67,41245.82,8,100.0,1,1.0,grade_11,yes,yes,ELIGIBLE
90.05,35359.06,8,89.61,0,17.7,grade_11,yes,no,ELIGIBLE
86.64,18175.9,4,97.49,1,29.7,grade_11,yes,no,ELIGIBLE
93.85,19047.36,2,88.11,1,56.4,grade_12,yes,no,ELIGIBLE
93.18,22608.95,9,92.9,1,19.6,grade_9,no,no,FOR_REVIEW
91.94,35030.37,8,89.64,0,8.5,grade_12,yes,no,ELIGIBLE
96.86,38987.57,8,97.25,0,14.3,grade_11,yes,no,ELIGIBLE
85.06,33335.99,9,95.38,2,16.3,grade_7,yes,yes,FOR_REVIEW
94.13,50142.24,2,90.94,0,6.8,grade_9,yes,yes,ELIGIBLE
94.55,12428.63,10,100.0,1,9.8,grade_12,yes,no,ELIGIBLE
96.48,14444.71,4,95.78,0,2.8,grade_9,yes,yes,ELIGIBLE
93.88,21911.27,6,93.18,1,19.4,grade_7,yes,no,ELIGIBLE
79.12,24289.75,5,100.0,0,26.5,grade_12,yes,yes,ELIGIBLE
91.52,12404.77,6,91.12,1,8.3,grade_10,yes,yes,ELIGIBLE
87.6,18804.97,7,100.0,0,40.1,grade_8,yes,no,ELIGIBLE
90.75,13070.06,3,86.43,0,29.1,grade_10,yes,no,ELIGIBLE
87.59,12737.11,6,93.84,1,55.4,grade_12,no,no,FOR_REVIEW
98.65,41657.58,6,99.24,0,6.1,grade_7,yes,no,ELIGIBLE
86.77,27502.58,10,86.48,0,9.3,grade_11,yes,yes,ELIGIBLE
98.2,26830.43,10,99.52,0,14.3,grade_8,yes,no,ELIGIBLE
99.03,44157.0,7,83.08,1,33.9,grade_12,yes,no,ELIGIBLE
88.34,38647.11,10,95.84,0,8.1,grade_11,yes,yes,ELIGIBLE
90.88,30741.4,7,96.31,0,36.9,grade_11,yes,no,ELIGIBLE
81.37,6000.0,5,95.85,0,4.6,grade_7,yes,no,ELIGIBLE
97.7,21159.7,3,92.14,0,45.3,grade_8,yes,no,ELIGIBLE
87.24,51984.4,5,93.24,0,4.5,grade_8,no,no,NOT_ELIGIBLE
89.44,21560.06,10,91.79,0,10.4,grade_10,yes,no,ELIGIBLE
92.99,23288.42,4,83.69,1,5.9,grade_11,yes,no,ELIGIBLE
87.45,51831.17,10,95.78,0,15.5,grade_10,yes,no,ELIGIBLE
90.69,36571.96,4,95.96,0,10.2,grade_9,yes,no,ELIGIBLE
83.88,57690.75,6,92.96,1,25.8,grade_9,yes,no,FOR_REVIEW
87.51,15532.43,9,90.27,0,8.4,grade_11,yes,no,ELIGIBLE
90.45,50808.72,4,98.59,1,9.9,grade_10,yes,no,FOR_REVIEW
97.14,37533.53,6,97.73,0,25.2,grade_11,yes,yes,ELIGIBLE
97.24,10480.47,5,100.0,1,24.4,grade_8,yes,no,ELIGIBLE
96.01,41474.81,9,90.19,1,17.8,grade_7,yes,yes,ELIGIBLE
92.97,34057.22,4,84.43,1,19.8,grade_9,yes,no,FOR_REVIEW
89.88,11973.27,5,89.42,0,13.7,grade_9,yes,no,ELIGIBLE
84.69,14437.97,10,92.69,0,5.7,grade_10,no,no,ELIGIBLE
94.57,12116.72,5,95.45,2,7.6,grade_9,yes,yes,ELIGIBLE
93.18,120000.0,9,90.06,1,4.2,grade_11,yes,no,FOR_REVIEW
91.16,14786.54,2,92.43,0,5.4,grade_11,no,yes,FOR_REVIEW
94.86,49533.81,10,99.62,0,14.4,grade_10,yes,no,ELIGIBLE
87.47,25145.78,6,88.76,1,45.4,grade_9,no,no,NOT_ELIGIBLE
82.85,15507.68,9,92.69,2,37.6,grade_8,yes,yes,ELIGIBLE
83.59,21107.88,6,97.11,0,6.0,grade_10,yes,no,ELIGIBLE
98.81,20091.29,7,97.18,1,6.4,grade_8,yes,no,ELIGIBLE
91.28,18494.9,10,94.55,2,41.8,grade_10,yes,yes,ELIGIBLE
89.36,26461.75,2,89.6,2,18.4,grade_10,no,no,NOT_ELIGIBLE
81.85,12079.76,8,98.24,0,19.0,grade_7,yes,no,FOR_REVIEW
87.24,16501.68,5,91.25,0,9.8,grade_7,no,no,FOR_REVIEW
81.25,18178.8,5,86.01,0,24.7,grade_10,yes,no,FOR_REVIEW
96.45,57107.81,7,92.81,0,14.1,grade_7,yes,no,ELIGIBLE
82.74,11608.07,9,83.24,1,4.6,grade_11,yes,no,ELIGIBLE
91.81,58073.26,10,100.0,0,76.4,grade_11,yes,no,ELIGIBLE
79.38,40167.04,4,93.38,0,14.8,grade_11,yes,no,FOR_REVIEW
95.5,25444.49,5,100.0,0,8.6,grade_8,yes,no,ELIGIBLE
93.38,10746.69,3,88.78,0,1.1,grade_10,yes,no,ELIGIBLE
90.92,14859.51,10,83.89,1,34.8,grade_12,no,no,FOR_REVIEW
91.67,30255.89,10,91.36,0,34.9,grade_11,no,no,NOT_ELIGIBLE
84.58,32782.29,7,95.76,0,15.7,grade_8,yes,no,FOR_REVIEW
87.98,17143.76,8,99.38,0,38.8,grade_8,yes,no,ELIGIBLE
87.15,17087.52,10,90.96,1,20.1,grade_8,yes,no,ELIGIBLE
90.99,6000.0,3,90.26,3,28.3,grade_9,no,yes,NOT_ELIGIBLE
90.4,17889.11,2,97.86,0,29.1,grade_8,yes,no,ELIGIBLE
90.64,46770.15,6,88.76,0,18.5,grade_9,yes,yes,ELIGIBLE
85.82,16201.55,10,93.87,1,15.9,grade_10,yes,no,ELIGIBLE
85.72,52461.02,7,90.46,1,12.6,grade_11,yes,no,FOR_REVIEW
92.55,40465.55,8,96.49,0,7.5,grade_8,yes,yes,ELIGIBLE
87.0,52923.32,2,96.24,0,35.0,grade_10,yes,yes,ELIGIBLE
84.97,55236.82,2,95.69,0,10.2,grade_8,no,no,NOT_ELIGIBLE
82.65,21469.96,3,91.96,0,11.8,grade_12,no,no,ELIGIBLE
98.33,7814.05,4,81.27,0,7.6,grade_8,yes,no,ELIGIBLE
82.38,28761.37,9,94.43,0,20.3,grade_12,yes,no,ELIGIBLE
93.74,18912.47,7,93.64,0,18.9,grade_8,yes,no,ELIGIBLE
90.73,37264.08,4,98.68,0,22.2,grade_12,yes,no,ELIGIBLE
86.88,10341.24,2,97.56,1,9.1,grade_10,yes,yes,ELIGIBLE
93.44,91439.34,5,93.62,0,11.3,grade_12,yes,yes,FOR_REVIEW
85.46,6629.8,7,93.69,0,27.6,grade_10,yes,no,FOR_REVIEW
84.82,41755.49,10,100.0,1,16.6,grade_8,no,no,NOT_ELIGIBLE
79.46,32544.46,7,96.85,0,16.3,grade_8,yes,no,NOT_ELIGIBLE
84.07,28686.32,8,93.22,1,36.1,grade_9,no,yes,NOT_ELIGIBLE
82.3,14143.99,5,97.24,0,9.6,grade_8,yes,no,ELIGIBLE
94.52,13057.14,2,93.08,0,10.0,grade_11,no,no,FOR_REVIEW
94.27,13441.06,7,92.18,0,39.0,grade_11,yes,no,ELIGIBLE
93.73,36428.04,2,96.33,1,37.5,grade_10,yes,no,ELIGIBLE
94.93,39359.51,9,94.55,0,15.6,grade_8,yes,no,ELIGIBLE
95.27,11179.25,10,100.0,0,13.5,grade_9,no,no,FOR_REVIEW
85.96,28096.79,6,87.69,0,18.3,grade_9,yes,no,ELIGIBLE
92.08,32326.22,6,84.75,1,10.0,grade_7,yes,yes,ELIGIBLE
86.12,18327.42,7,98.53,2,28.6,grade_7,no,no,NOT_ELIGIBLE
93.63,12398.3,7,90.69,0,10.5,grade_11,yes,no,ELIGIBLE
89.74,13840.03,5,92.81,2,9.8,grade_7,yes,no,ELIGIBLE
96.79,22388.34,2,91.94,1,2.6,grade_11,yes,no,FOR_REVIEW
83.15,6530.55,5,93.1,0,5.5,grade_10,yes,no,ELIGIBLE
86.77,22224.37,9,85.08,0,2.5,grade_12,no,no,NOT_ELIGIBLE
79.86,8711.99,2,91.03,2,25.2,grade_10,yes,yes,FOR_REVIEW
90.58,51470.3,10,93.47,0,39.6,grade_12,yes,no,ELIGIBLE
87.88,42053.09,5,94.96,0,20.1,grade_8,yes,no,ELIGIBLE
87.97,33750.98,10,94.22,1,12.6,grade_8,yes,no,ELIGIBLE
86.34,16557.21,8,95.56,1,0.4,grade_11,yes,yes,ELIGIBLE
93.17,32117.84,8,96.0,0,1.8,grade_11,yes,yes,ELIGIBLE
84.46,37456.81,2,85.37,0,19.1,grade_9,yes,yes,FOR_REVIEW
94.34,119382.97,7,100.0,0,17.6,grade_8,yes,no,ELIGIBLE
92.1,33241.99,10,81.76,1,12.4,grade_7,yes,no,FOR_REVIEW
81.09,75601.22,5,95.32,0,19.8,grade_10,yes,no,NOT_ELIGIBLE
83.64,30154.6,6,86.99,1,15.1,grade_9,yes,no,FOR_REVIEW
89.59,24554.75,7,91.63,0,4.4,grade_8,yes,no,ELIGIBLE
93.67,27512.03,4,86.65,1,10.1,grade_8,yes,yes,ELIGIBLE
80.37,32728.28,3,95.83,2,32.0,grade_8,yes,no,FOR_REVIEW
93.32,18034.84,5,86.86,0,36.3,grade_9,yes,no,ELIGIBLE
79.44,20461.28,10,89.86,0,16.6,grade_9,yes,yes,FOR_REVIEW
90.98,44823.17,10,96.78,1,4.0,grade_8,yes,yes,ELIGIBLE
78.13,55188.75,9,84.66,0,11.7,grade_9,no,yes,NOT_ELIGIBLE
97.78,23284.31,6,95.93,0,16.4,grade_9,yes,no,ELIGIBLE
93.55,16459.26,3,91.08,0,31.2,grade_10,yes,no,ELIGIBLE
85.4,17810.47,4,90.28,1,53.9,grade_11,yes,no,ELIGIBLE
90.73,27811.49,5,86.68,1,39.5,grade_7,yes,no,ELIGIBLE
90.67,10439.05,5,98.22,1,42.6,grade_12,yes,no,ELIGIBLE
77.76,7740.57,6,98.68,0,17.0,grade_12,yes,no,FOR_REVIEW
97.1,47530.73,7,95.6,0,24.6,grade_12,yes,no,ELIGIBLE
96.94,22660.27,5,83.46,0,18.8,grade_10,yes,no,ELIGIBLE
84.34,17211.1,10,94.16,0,34.2,grade_8,yes,no,ELIGIBLE
96.14,31798.17,3,90.71,0,16.5,grade_8,yes,no,ELIGIBLE
86.57,11042.09,10,89.49,1,2.2,grade_11,no,no,NOT_ELIGIBLE
93.36,39860.51,2,98.34,0,20.0,grade_7,yes,no,ELIGIBLE
94.29,18320.65,9,89.52,0,8.6,grade_11,no,no,FOR_REVIEW
97.76,10532.3,8,92.95,0,27.2,grade_10,yes,no,ELIGIBLE
93.16,38681.54,6,93.29,0,11.1,grade_12,yes,no,ELIGIBLE
85.37,30294.28,2,91.88,1,23.2,grade_10,yes,yes,FOR_REVIEW
90.25,33083.16,5,100.0,0,14.8,grade_9,yes,yes,ELIGIBLE
98.05,21702.43,4,93.44,1,15.4,grade_10,yes,no,ELIGIBLE
93.55,24139.96,5,99.86,1,10.4,grade_11,yes,no,ELIGIBLE
86.4,18192.48,7,80.44,1,18.9,grade_10,yes,no,FOR_REVIEW
88.21,48266.17,5,86.32,0,15.0,grade_7,yes,yes,FOR_REVIEW
91.95,20865.37,5,89.92,0,8.1,grade_7,yes,no,ELIGIBLE
89.88,22168.23,8,98.18,0,19.5,grade_7,yes,no,NOT_ELIGIBLE
92.2,43605.77,9,94.92,0,15.4,grade_8,yes,no,ELIGIBLE
91.6,47343.87,10,95.6,0,18.0,grade_10,yes,yes,ELIGIBLE
94.36,16800.56,2,99.0,0,24.4,grade_8,yes,no,ELIGIBLE
93.01,30462.55,7,89.56,0,7.8,grade_7,yes,no,ELIGIBLE
89.75,20786.14,4,100.0,2,35.5,grade_12,yes,yes,ELIGIBLE
80.75,82268.14,2,89.03,0,23.5,grade_9,yes,no,NOT_ELIGIBLE
88.91,20138.92,10,100.0,1,1.7,grade_10,yes,no,ELIGIBLE
85.88,18223.67,7,100.0,0,24.8,grade_10,yes,yes,ELIGIBLE
92.39,11985.06,6,93.7,1,6.7,grade_7,yes,no,NOT_ELIGIBLE
87.01,20884.17,2,87.54,2,37.2,grade_7,yes,yes,ELIGIBLE
89.27,53848.96,3,95.67,0,36.0,grade_10,yes,no,ELIGIBLE
93.69,23426.43,3,82.52,0,14.9,grade_7,yes,no,ELIGIBLE
96.26,36418.8,9,87.35,1,17.0,grade_10,yes,no,ELIGIBLE
82.91,9298.97,4,100.0,0,7.0,grade_8,yes,no,ELIGIBLE
78.49,27570.47,7,95.18,1,18.3,grade_7,yes,no,FOR_REVIEW
88.27,29983.99,4,90.46,0,24.7,grade_9,yes,no,ELIGIBLE
83.57,120000.0,10,91.2,0,20.7,grade_7,yes,yes,FOR_REVIEW
90.78,36415.18,10,94.35,1,11.3,grade_12,yes,no,ELIGIBLE
97.53,62984.21,2,87.08,0,16.3,grade_8,yes,no,FOR_REVIEW
86.26,21624.23,7,94.56,1,1.4,grade_11,yes,no,ELIGIBLE
86.09,21096.68,3,95.58,0,10.9,grade_9,yes,no,ELIGIBLE
84.3,25799.27,2,92.12,0,6.0,grade_7,yes,yes,ELIGIBLE
83.29,23339.34,8,86.75,0,35.3,grade_11,yes,yes,ELIGIBLE
81.5,46607.36,10,82.15,2,12.7,grade_8,yes,no,NOT_ELIGIBLE
91.19,21030.35,3,95.82,1,17.0,grade_7,yes,no,ELIGIBLE
92.87,40049.75,10,94.55,1,11.1,grade_9,yes,no,FOR_REVIEW
89.33,31884.67,2,95.9,0,8.6,grade_11,no,no,NOT_ELIGIBLE
93.99,15912.75,7,95.4,0,16.7,grade_7,yes,yes,ELIGIBLE
85.87,35843.6,10,92.95,2,11.5,grade_12,yes,yes,FOR_REVIEW
96.19,18177.58,7,89.38,0,11.0,grade_8,yes,no,ELIGIBLE
91.09,32669.51,8,86.78,1,4.1,grade_12,yes,no,FOR_REVIEW
92.44,11784.42,10,88.48,0,18.5,grade_11,yes,no,ELIGIBLE
85.57,17882.73,8,90.73,0,17.5,grade_12,no,yes,FOR_REVIEW
88.79,9509.8,3,86.3,1,3.9,grade_8,yes,yes,ELIGIBLE
91.3,30968.21,4,96.96,0,11.0,grade_8,yes,no,ELIGIBLE
92.34,120000.0,6,96.44,0,1.3,grade_10,yes,yes,FOR_REVIEW
96.67,19070.61,10,98.96,2,8.9,grade_10,no,yes,FOR_REVIEW
86.45,10761.22,4,94.61,1,33.4,grade_10,yes,yes,ELIGIBLE
96.57,43113.05,4,91.85,0,7.4,grade_7,yes,no,ELIGIBLE
93.44,24000.0,8,95.43,1,11.6,grade_7,yes,no,ELIGIBLE
84.97,39999.54,2,93.81,0,39.3,grade_9,yes,yes,ELIGIBLE
88.24,9849.84,3,96.06,2,30.3,grade_11,yes,no,ELIGIBLE
89.18,44002.84,2,90.85,1,18.4,grade_10,yes,no,FOR_REVIEW
85.59,50515.01,10,88.66,0,7.3,grade_7,yes,yes,FOR_REVIEW
91.91,13430.85,3,92.83,1,32.0,grade_8,yes,yes,ELIGIBLE
96.34,33562.67,4,86.82,3,56.2,grade_8,no,yes,NOT_ELIGIBLE
85.97,9688.86,6,95.54,0,34.2,grade_10,yes,no,ELIGIBLE
90.5,71208.34,7,98.69,0,44.2,grade_7,yes,no,FOR_REVIEW
88.09,11725.38,5,95.25,1,11.0,grade_12,no,no,NOT_ELIGIBLE
91.06,11772.58,2,90.97,2,13.3,grade_10,yes,no,ELIGIBLE
93.79,23465.79,5,94.8,1,2.0,grade_7,no,no,NOT_ELIGIBLE
84.01,37590.55,2,86.78,1,31.2,grade_9,no,no,NOT_ELIGIBLE
93.77,16276.58,3,95.47,0,21.6,grade_12,no,no,FOR_REVIEW
86.27,47752.15,9,97.24,0,15.2,grade_9,yes,no,FOR_REVIEW
95.07,57064.59,6,93.92,0,0.9,grade_10,yes,no,ELIGIBLE
90.88,8260.68,3,99.68,1,3.8,grade_8,yes,no,ELIGIBLE
93.16,59373.68,2,92.84,1,20.3,grade_7,yes,no,ELIGIBLE
94.25,18101.77,7,84.12,0,6.4,grade_8,yes,no,ELIGIBLE
84.6,65742.73,6,87.3,1,14.8,grade_12,yes,yes,FOR_REVIEW
92.78,59259.52,7,94.36,0,22.2,grade_12,yes,no,ELIGIBLE
94.9,16196.82,2,94.37,1,18.4,grade_9,no,no,FOR_REVIEW
91.41,11210.58,4,94.22,1,16.0,grade_11,yes,no,ELIGIBLE
92.06,36162.39,5,98.68,1,22.2,grade_11,yes,no,ELIGIBLE
97.91,41094.89,2,94.66,0,28.5,grade_11,yes,no,ELIGIBLE
94.87,16722.61,5,91.34,0,13.2,grade_12,yes,no,ELIGIBLE
92.83,13815.93,5,95.12,0,18.2,grade_8,yes,no,NOT_ELIGIBLE
87.34,40547.12,8,95.59,1,20.1,grade_12,yes,no,ELIGIBLE
94.94,31401.16,8,95.48,1,21.8,grade_10,yes,yes,ELIGIBLE
84.31,24125.9,2,92.22,0,9.7,grade_8,yes,yes,ELIGIBLE
92.62,22491.63,6,95.69,0,20.7,grade_7,yes,no,ELIGIBLE
98.02,21219.42,8,95.35,2,3.1,grade_11,yes,no,ELIGIBLE
92.82,17478.29,9,98.14,1,4.2,grade_10,yes,no,ELIGIBLE
88.46,17685.31,10,98.55,0,8.3,grade_11,yes,no,ELIGIBLE
84.7,21355.69,6,91.2,0,13.2,grade_12,yes,no,ELIGIBLE
98.4,56276.89,10,88.4,0,35.0,grade_12,no,no,NOT_ELIGIBLE
83.59,44418.97,5,95.41,0,32.6,grade_8,yes,no,FOR_REVIEW
82.7,62212.9,4,92.64,1,17.2,grade_12,yes,no,FOR_REVIEW
85.8,52217.82,4,86.5,0,35.2,grade_9,yes,no,FOR_REVIEW
93.29,28445.74,9,98.24,2,6.5,grade_9,yes,no,ELIGIBLE
93.21,19896.13,3,92.59,0,31.5,grade_10,yes,no,ELIGIBLE
94.44,82305.15,10,96.54,0,22.5,grade_11,yes,yes,ELIGIBLE
93.18,85470.66,5,100.0,0,4.1,grade_10,yes,no,FOR_REVIEW
91.06,57313.05,8,95.36,1,5.0,grade_9,yes,no,FOR_REVIEW
93.22,50538.38,6,93.13,2,31.2,grade_9,yes,no,FOR_REVIEW
94.05,66311.17,2,94.56,0,30.9,grade_12,yes,no,ELIGIBLE
91.97,14930.3,5,86.54,0,9.0,grade_8,yes,no,ELIGIBLE
91.96,43132.84,4,93.11,0,6.7,grade_7,yes,no,ELIGIBLE
88.58,24692.56,4,91.41,1,15.5,grade_11,yes,yes,FOR_REVIEW
96.93,13212.51,2,93.71,1,31.5,grade_7,no,yes,FOR_REVIEW
96.92,26360.89,9,86.17,0,32.9,grade_9,yes,yes,ELIGIBLE
91.7,18976.91,5,93.04,0,12.5,grade_11,yes,no,FOR_REVIEW
93.11,8659.83,9,95.28,0,4.7,grade_8,yes,no,ELIGIBLE
90.7,17788.62,2,85.09,0,22.3,grade_9,yes,no,ELIGIBLE
89.15,98003.0,2,89.92,0,1.8,grade_10,yes,no,ELIGIBLE
88.48,22415.93,5,93.66,0,15.7,grade_8,yes,no,ELIGIBLE
86.07,83725.8,4,88.42,0,7.9,grade_8,yes,no,NOT_ELIGIBLE
93.51,23016.29,8,95.94,0,11.4,grade_11,yes,no,ELIGIBLE
96.33,20354.39,9,97.53,0,14.1,grade_11,yes,no,ELIGIBLE
98.45,12755.19,3,89.74,1,25.3,grade_7,yes,no,ELIGIBLE
96.49,15123.16,5,86.83,1,3.0,grade_11,yes,yes,ELIGIBLE
98.15,25037.84,4,93.52,1,48.3,grade_11,no,yes,FOR_REVIEW
90.01,21591.16,3,89.43,0,18.8,grade_7,yes,no,ELIGIBLE
96.65,12766.42,3,89.16,1,5.3,grade_7,yes,no,ELIGIBLE
80.79,48574.51,2,94.87,0,16.4,grade_9,yes,no,FOR_REVIEW
90.31,57073.77,6,96.67,0,61.1,grade_12,yes,yes,ELIGIBLE
95.57,17104.85,10,100.0,1,1.2,grade_7,no,no,NOT_ELIGIBLE
86.01,26621.71,6,98.88,0,8.9,grade_9,yes,no,ELIGIBLE
95.55,70126.75,9,88.82,0,7.6,grade_7,yes,no,NOT_ELIGIBLE
84.75,44091.7,2,92.57,1,14.0,grade_8,yes,no,NOT_ELIGIBLE
91.48,16362.12,3,94.03,1,39.0,grade_11,yes,no,ELIGIBLE
87.92,19007.43,5,95.84,2,5.7,grade_10,yes,yes,ELIGIBLE
91.9,17383.6,7,97.56,0,18.0,grade_9,yes,no,ELIGIBLE
96.29,40864.89,10,90.22,0,51.4,grade_7,yes,no,ELIGIBLE
80.54,58968.17,3,96.09,0,13.9,grade_7,yes,no,FOR_REVIEW
98.33,11485.3,8,87.54,0,7.0,grade_9,no,no,FOR_REVIEW
91.49,111053.23,9,100.0,3,38.3,grade_10,yes,no,FOR_REVIEW
93.97,13629.2,10,100.0,0,24.2,grade_10,yes,no,ELIGIBLE
95.36,18714.39,2,92.87,0,18.5,grade_7,yes,yes,ELIGIBLE
81.16,8693.54,9,95.49,0,28.8,grade_10,no,no,NOT_ELIGIBLE
93.78,15694.04,2,97.01,0,4.3,grade_11,yes,no,ELIGIBLE
81.89,21323.44,9,98.66,0,9.8,grade_8,yes,no,ELIGIBLE
93.45,41200.82,4,100.0,0,8.9,grade_9,yes,yes,ELIGIBLE
94.4,13360.52,4,90.47,0,14.4,grade_8,yes,no,ELIGIBLE
93.38,21859.06,7,90.93,1,5.9,grade_9,no,no,FOR_REVIEW
96.57,10095.37,7,99.45,1,19.2,grade_8,yes,no,ELIGIBLE
90.8,31889.32,10,83.38,0,57.4,grade_7,yes,no,ELIGIBLE
88.83,18049.69,8,94.8,0,12.2,grade_7,yes,no,ELIGIBLE
83.75,23992.04,6,87.54,0,24.8,grade_12,yes,no,FOR_REVIEW
95.72,25843.58,2,100.0,1,20.4,grade_9,yes,no,ELIGIBLE
86.4,61542.74,9,92.97,0,22.1,grade_10,yes,no,FOR_REVIEW
93.57,13988.22,6,86.67,0,6.7,grade_8,yes,no,ELIGIBLE
97.77,34891.36,5,85.23,0,2.4,grade_7,yes,no,ELIGIBLE
94.56,6214.12,2,85.37,0,41.3,grade_12,yes,yes,ELIGIBLE
93.36,35097.88,2,87.53,0,21.3,grade_7,yes,no,ELIGIBLE
88.02,40418.41,2,93.04,0,23.2,grade_11,yes,no,ELIGIBLE
88.97,21380.56,3,94.09,0,2.0,grade_11,yes,yes,ELIGIBLE
94.83,18078.66,5,92.34,0,10.6,grade_9,yes,no,ELIGIBLE
93.62,8874.11,5,96.64,1,3.1,grade_9,yes,no,ELIGIBLE
87.24,40037.86,9,88.4,1,28.0,grade_11,yes,no,ELIGIBLE
93.68,16659.7,6,90.86,0,7.0,grade_10,yes,no,ELIGIBLE
86.25,63245.56,4,91.04,0,26.5,grade_9,yes,no,FOR_REVIEW
89.41,23881.69,2,90.39,0,1.5,grade_10,yes,no,ELIGIBLE
91.6,16656.98,5,92.35,0,17.2,grade_11,yes,yes,ELIGIBLE
90.14,35064.67,5,94.05,0,30.8,grade_11,yes,yes,ELIGIBLE
81.87,10054.31,3,81.51,0,33.0,grade_11,yes,no,FOR_REVIEW
94.97,12457.91,5,94.38,0,17.0,grade_12,yes,no,ELIGIBLE
90.94,12407.77,3,91.89,0,4.4,grade_11,yes,yes,ELIGIBLE
91.03,15061.35,6,86.02,0,4.6,grade_9,yes,no,ELIGIBLE
90.35,33167.51,5,98.62,1,26.3,grade_11,yes,yes,ELIGIBLE
95.82,23714.74,9,91.15,0,11.8,grade_8,yes,no,ELIGIBLE
89.46,65881.51,9,91.19,1,4.2,grade_11,yes,no,FOR_REVIEW
85.79,46365.54,6,89.85,0,18.9,grade_7,yes,no,FOR_REVIEW
82.56,21161.78,3,93.41,1,3.2,grade_7,no,no,NOT_ELIGIBLE
88.53,50982.63,5,93.21,0,24.8,grade_9,yes,no,ELIGIBLE
88.04,110108.16,6,92.51,0,5.7,grade_11,yes,no,FOR_REVIEW
91.14,7027.05,6,98.25,1,15.1,grade_12,yes,no,ELIGIBLE
89.08,28919.98,6,92.44,0,26.2,grade_7,yes,no,ELIGIBLE
90.8,6000.0,6,82.28,2,9.9,grade_11,yes,no,ELIGIBLE
95.08,40994.38,2,90.57,1,27.4,grade_10,yes,no,ELIGIBLE
98.61,18073.59,8,86.32,0,6.0,grade_12,yes,yes,ELIGIBLE
92.42,20189.09,9,91.89,1,15.2,grade_10,yes,no,ELIGIBLE
91.25,24204.39,6,100.0,0,16.5,grade_7,yes,no,ELIGIBLE
94.34,93424.78,5,87.09,1,33.4,grade_11,yes,no,FOR_REVIEW
89.85,18505.26,10,92.77,0,17.5,grade_8,yes,no,FOR_REVIEW
92.23,14438.61,10,88.67,1,7.6,grade_11,yes,no,ELIGIBLE
78.76,72961.75,4,91.09,1,2.7,grade_8,yes,no,NOT_ELIGIBLE
85.54,25131.54,7,94.41,0,24.8,grade_9,yes,no,ELIGIBLE
94.54,32618.95,5,96.78,1,11.4,grade_12,yes,yes,ELIGIBLE
86.77,44332.14,5,91.7,1,4.2,grade_11,yes,no,FOR_REVIEW
90.74,6726.36,9,93.7,0,6.6,grade_11,no,no,FOR_REVIEW
88.4,6158.81,8,97.18,1,4.3,grade_12,yes,yes,ELIGIBLE
83.64,67031.71,6,92.32,0,12.0,grade_12,yes,no,FOR_REVIEW
84.2,11716.61,2,100.0,1,12.8,grade_10,yes,yes,ELIGIBLE
87.21,76709.19,7,100.0,0,9.2,grade_11,yes,no,FOR_REVIEW
91.42,37966.64,4,100.0,1,6.6,grade_12,yes,yes,ELIGIBLE
94.26,21632.64,4,94.3,0,27.5,grade_9,yes,yes,ELIGIBLE
82.57,26668.42,7,98.93,0,22.1,grade_11,no,no,FOR_REVIEW
95.76,18893.67,3,94.4,2,29.2,grade_7,yes,no,ELIGIBLE
86.88,33639.61,6,97.76,0,1.8,grade_9,yes,no,ELIGIBLE
89.51,37802.97,7,100.0,1,31.7,grade_12,no,no,NOT_ELIGIBLE
91.35,67490.99,3,90.06,0,4.1,grade_7,no,yes,NOT_ELIGIBLE
87.83,28647.09,10,89.77,1,11.6,grade_9,yes,no,ELIGIBLE
87.73,15239.21,9,98.08,0,6.1,grade_10,yes,yes,ELIGIBLE
87.91,12658.6,7,100.0,0,10.0,grade_9,yes,no,ELIGIBLE
87.78,11591.64,7,82.02,2,6.0,grade_7,yes,no,ELIGIBLE
80.24,39542.45,6,93.24,0,16.4,grade_7,yes,no,FOR_REVIEW
92.42,26844.47,6,88.1,0,25.3,grade_10,yes,no,ELIGIBLE
90.2,6958.45,10,91.48,0,6.3,grade_8,yes,no,NOT_ELIGIBLE
95.61,20704.13,2,83.25,2,21.9,grade_10,yes,no,ELIGIBLE
91.36,24588.6,10,95.34,1,26.9,grade_12,yes,no,ELIGIBLE
94.97,20558.64,8,99.52,1,21.7,grade_8,yes,no,ELIGIBLE
91.92,75406.11,7,100.0,1,13.0,grade_8,no,yes,NOT_ELIGIBLE
95.76,18406.54,4,94.35,1,59.0,grade_7,yes,no,ELIGIBLE
87.09,46078.24,3,95.42,1,22.0,grade_7,yes,no,FOR_REVIEW
91.94,27750.48,2,85.99,0,21.4,grade_9,yes,yes,ELIGIBLE
94.8,31581.29,6,100.0,1,23.5,grade_12,yes,no,ELIGIBLE
82.1,33337.52,2,99.74,1,8.6,grade_9,yes,no,NOT_ELIGIBLE
88.95,19505.81,7,90.0,1,23.2,grade_12,yes,yes,ELIGIBLE
93.83,45965.72,3,84.95,1,20.1,grade_7,yes,yes,ELIGIBLE
84.52,20864.07,9,98.14,1,6.0,grade_11,no,no,NOT_ELIGIBLE
79.84,16544.71,8,93.48,0,22.8,grade_8,no,no,NOT_ELIGIBLE
88.22,6565.75,10,91.58,0,36.9,grade_10,yes,yes,ELIGIBLE
92.56,40642.94,8,98.96,2,11.1,grade_10,yes,no,ELIGIBLE
80.71,11568.17,4,89.53,1,10.3,grade_10,yes,no,FOR_REVIEW
95.91,20395.7,9,93.33,0,3.6,grade_11,yes,no,FOR_REVIEW
86.95,41356.12,10,99.21,0,72.1,grade_12,yes,yes,ELIGIBLE
86.12,15848.89,5,94.1,0,1.9,grade_9,no,no,NOT_ELIGIBLE
97.15,20533.01,5,97.9,0,5.6,grade_8,no,yes,FOR_REVIEW
94.89,22183.38,8,97.67,1,2.3,grade_8,yes,no,ELIGIBLE
89.87,25140.71,8,98.96,0,25.1,grade_7,yes,yes,ELIGIBLE
82.8,76611.93,3,95.38,1,9.6,grade_10,yes,no,NOT_ELIGIBLE
93.62,41021.23,10,95.41,0,42.7,grade_9,yes,no,ELIGIBLE
87.68,8739.93,6,94.11,3,13.7,grade_11,yes,no,ELIGIBLE
83.83,7721.61,6,86.19,0,10.8,grade_7,yes,no,ELIGIBLE
96.07,37249.93,3,100.0,0,55.7,grade_9,no,no,FOR_REVIEW
87.61,11540.76,2,100.0,0,5.6,grade_10,yes,yes,ELIGIBLE
86.73,22518.38,5,85.72,0,19.0,grade_7,yes,no,FOR_REVIEW
80.3,23247.89,2,94.19,0,8.3,grade_12,yes,yes,ELIGIBLE
93.14,24017.37,2,91.53,1,4.8,grade_10,yes,yes,ELIGIBLE
89.33,41252.25,2,83.43,0,14.0,grade_12,yes,no,FOR_REVIEW
85.68,42639.81,6,90.68,0,21.8,grade_8,yes,no,ELIGIBLE
94.92,24236.68,9,80.41,0,13.3,grade_10,no,no,NOT_ELIGIBLE
93.65,14448.21,7,100.0,0,17.9,grade_7,yes,no,ELIGIBLE
91.81,7449.31,5,96.79,0,6.3,grade_12,yes,no,ELIGIBLE
92.45,15621.25,10,93.8,0,10.2,grade_12,yes,yes,ELIGIBLE
94.44,61391.13,6,94.33,0,4.9,grade_11,yes,no,ELIGIBLE
85.36,19954.53,6,99.06,0,18.9,grade_7,no,yes,FOR_REVIEW
86.69,14652.02,3,97.89,1,26.0,grade_11,yes,no,ELIGIBLE
90.24,25963.41,6,94.3,0,18.3,grade_11,yes,no,ELIGIBLE
85.28,35863.59,5,99.02,1,3.5,grade_7,yes,no,FOR_REVIEW
92.85,28803.58,8,82.85,0,27.6,grade_11,yes,no,ELIGIBLE
95.5,26046.87,3,79.56,2,10.0,grade_10,yes,no,FOR_REVIEW
95.77,6662.47,5,91.88,0,3.0,grade_11,yes,no,FOR_REVIEW
88.66,22668.05,10,89.88,0,4.7,grade_12,yes,no,ELIGIBLE
96.64,44977.82,7,89.93,1,17.3,grade_12,yes,no,ELIGIBLE
93.99,74126.36,6,97.28,0,24.1,grade_12,no,yes,NOT_ELIGIBLE
80.41,10022.3,10,89.48,2,2.9,grade_11,yes,no,FOR_REVIEW
99.42,9784.1,2,94.65,1,19.1,grade_12,yes,yes,ELIGIBLE
98.31,15441.75,5,97.93,0,11.7,grade_7,yes,no,ELIGIBLE
85.8,62047.71,7,94.79,0,5.6,grade_10,yes,no,FOR_REVIEW
93.58,37349.42,7,95.0,0,1.5,grade_11,yes,no,ELIGIBLE
89.78,16247.63,6,98.01,0,20.4,grade_10,yes,no,ELIGIBLE
92.35,21537.22,9,92.84,0,22.3,grade_9,yes,no,ELIGIBLE
90.49,20244.89,3,86.14,1,6.9,grade_7,yes,yes,ELIGIBLE
85.58,12730.34,2,89.4,1,11.5,grade_8,no,no,ELIGIBLE
89.62,12500.37,5,100.0,0,33.3,grade_9,no,no,FOR_REVIEW
88.5,42769.66,5,97.49,0,8.5,grade_11,yes,no,NOT_ELIGIBLE
94.34,26622.77,7,99.93,0,7.5,grade_12,yes,no,ELIGIBLE
89.09,19939.32,5,99.09,0,6.4,grade_7,yes,no,ELIGIBLE
83.54,41880.88,4,99.63,2,5.5,grade_9,yes,no,FOR_REVIEW
84.09,31642.2,8,100.0,0,31.7,grade_8,yes,no,ELIGIBLE
84.1,13203.48,8,98.13,0,52.7,grade_7,yes,no,ELIGIBLE
89.37,26942.53,3,94.66,2,7.3,grade_9,yes,yes,ELIGIBLE
99.11,23489.2,3,87.09,1,53.7,grade_10,yes,no,ELIGIBLE
88.52,63055.89,3,100.0,0,17.0,grade_9,yes,yes,ELIGIBLE
90.76,74954.49,5,93.66,0,17.7,grade_12,yes,yes,FOR_REVIEW
85.94,26442.81,10,93.49,0,26.3,grade_12,yes,no,ELIGIBLE
81.81,9496.2,10,87.37,0,4.0,grade_7,yes,no,ELIGIBLE
89.94,10840.06,2,100.0,0,50.2,grade_8,yes,no,ELIGIBLE
87.55,21260.88,10,90.36,0,12.9,grade_9,no,no,FOR_REVIEW
80.4,37719.56,9,86.08,0,18.4,grade_11,yes,no,FOR_REVIEW
85.16,31172.16,10,97.76,0,50.6,grade_10,yes,yes,ELIGIBLE
91.89,34298.41,9,96.57,0,51.8,grade_9,yes,no,ELIGIBLE
90.03,7705.72,5,89.97,1,23.0,grade_7,yes,no,ELIGIBLE
92.28,18624.83,3,99.24,1,27.8,grade_7,yes,no,ELIGIBLE
82.48,17630.51,7,86.11,0,6.9,grade_12,no,yes,NOT_ELIGIBLE
80.6,25491.24,7,90.99,1,20.2,grade_11,yes,no,ELIGIBLE
91.49,15306.74,10,87.92,0,16.2,grade_10,no,no,FOR_REVIEW
89.2,37030.45,9,97.42,3,6.8,grade_7,yes,no,FOR_REVIEW
92.46,14232.26,8,85.21,1,15.9,grade_11,yes,no,ELIGIBLE
87.32,14589.61,3,99.88,2,20.4,grade_12,yes,yes,ELIGIBLE
89.4,35167.55,3,97.54,0,6.4,grade_10,yes,yes,ELIGIBLE
81.95,41307.18,2,85.2,1,62.2,grade_9,yes,no,FOR_REVIEW
97.34,25003.84,2,100.0,2,15.1,grade_11,yes,no,NOT_ELIGIBLE
88.7,19107.37,9,92.4,0,27.4,grade_9,yes,no,ELIGIBLE
91.46,36732.67,8,88.61,1,1.3,grade_10,yes,no,FOR_REVIEW
78.0,12703.77,2,93.76,0,6.2,grade_10,yes,no,ELIGIBLE
80.98,50867.32,10,96.54,0,34.8,grade_10,yes,yes,ELIGIBLE
89.61,38260.38,2,89.45,2,29.9,grade_7,yes,no,FOR_REVIEW
99.01,49971.19,10,100.0,0,8.0,grade_12,no,no,NOT_ELIGIBLE
96.61,13280.97,4,87.77,1,11.2,grade_11,yes,no,ELIGIBLE
86.5,78621.89,8,85.88,0,21.6,grade_12,no,no,FOR_REVIEW
94.85,9964.45,10,91.04,0,8.8,grade_12,yes,no,ELIGIBLE
96.28,21727.01,4,93.08,2,17.5,grade_12,yes,no,ELIGIBLE
85.67,13445.52,5,95.3,1,10.5,grade_11,yes,yes,ELIGIBLE
96.23,49251.3,4,90.4,0,57.9,grade_8,yes,no,ELIGIBLE
92.55,51514.37,3,99.44,0,13.9,grade_8,yes,no,NOT_ELIGIBLE
92.38,12684.49,7,81.79,1,5.5,grade_12,yes,no,ELIGIBLE
89.02,59591.7,8,94.5,2,4.2,grade_7,yes,no,FOR_REVIEW
86.99,38946.55,5,88.42,0,5.9,grade_8,yes,no,FOR_REVIEW
84.56,37332.08,9,83.74,1,7.6,grade_9,yes,yes,ELIGIBLE
89.67,13491.66,8,100.0,0,22.4,grade_7,no,no,FOR_REVIEW
95.02,50428.54,4,87.43,1,7.7,grade_8,yes,no,FOR_REVIEW
88.18,39176.52,4,94.85,0,7.9,grade_7,yes,no,ELIGIBLE
82.83,10830.74,6,85.71,0,5.1,grade_11,yes,no,ELIGIBLE
83.63,106214.15,3,97.09,1,1.2,grade_12,yes,no,NOT_ELIGIBLE
92.21,22403.31,4,85.53,0,3.8,grade_7,yes,no,ELIGIBLE
96.41,32065.7,4,98.76,0,3.0,grade_9,yes,no,ELIGIBLE
84.37,16255.94,8,91.01,2,32.4,grade_8,yes,no,ELIGIBLE
93.46,54932.87,9,96.97,0,21.0,grade_8,yes,no,ELIGIBLE
98.21,47882.52,7,91.94,0,5.6,grade_11,yes,no,ELIGIBLE
92.34,11625.89,10,95.27,1,22.0,grade_10,yes,no,ELIGIBLE
82.73,21005.4,10,97.65,0,28.7,grade_7,yes,no,ELIGIBLE
84.98,22587.74,10,94.73,0,6.6,grade_11,yes,yes,ELIGIBLE
85.91,36414.74,10,86.82,1,70.6,grade_12,yes,no,FOR_REVIEW
96.14,46549.33,4,78.18,0,10.2,grade_10,yes,no,FOR_REVIEW
85.6,9906.26,9,87.66,0,7.0,grade_11,yes,yes,ELIGIBLE
93.96,34831.04,5,97.02,0,20.8,grade_10,yes,no,ELIGIBLE
95.9,39020.1,9,91.82,0,10.7,grade_8,yes,no,FOR_REVIEW
87.54,20422.37,3,91.04,1,60.1,grade_10,yes,no,ELIGIBLE
96.88,21985.36,7,88.16,0,5.3,grade_7,yes,no,ELIGIBLE
89.31,104512.57,7,100.0,1,39.1,grade_9,no,yes,NOT_ELIGIBLE
97.46,10328.92,7,95.79,1,15.3,grade_10,yes,no,ELIGIBLE
95.56,42205.75,6,90.16,1,18.8,grade_8,yes,no,ELIGIBLE
92.3,45283.56,10,83.62,0,6.7,grade_9,yes,no,ELIGIBLE
82.97,46098.75,3,97.41,0,5.8,grade_12,yes,no,FOR_REVIEW
89.48,19860.45,9,89.63,2,45.1,grade_8,no,no,NOT_ELIGIBLE
82.52,23272.32,6,95.03,2,0.5,grade_11,yes,yes,FOR_REVIEW
84.89,32813.39,5,84.86,1,8.7,grade_9,yes,no,FOR_REVIEW
91.0,12149.12,4,76.64,1,29.4,grade_10,yes,no,FOR_REVIEW
94.92,14948.12,7,94.18,1,16.3,grade_9,no,yes,FOR_REVIEW
98.51,28944.28,4,98.34,1,6.7,grade_12,yes,yes,NOT_ELIGIBLE
84.81,24422.31,4,92.6,2,15.4,grade_8,yes,no,FOR_REVIEW
85.45,16150.16,9,91.95,1,45.5,grade_11,yes,yes,ELIGIBLE
95.94,26561.2,5,93.11,1,14.0,grade_8,yes,yes,ELIGIBLE
95.51,33270.69,8,88.97,0,14.6,grade_7,yes,no,FOR_REVIEW
81.89,7786.02,6,92.28,0,11.0,grade_10,yes,no,NOT_ELIGIBLE
90.4,36933.2,5,97.9,2,19.8,grade_12,no,yes,NOT_ELIGIBLE
84.47,20644.77,8,90.98,0,22.9,grade_10,yes,yes,ELIGIBLE
93.67,99584.72,5,93.44,2,32.4,grade_11,yes,no,FOR_REVIEW
86.57,32173.2,8,94.97,1,11.2,grade_8,yes,no,FOR_REVIEW
86.32,25877.34,4,91.72,0,7.1,grade_12,yes,no,ELIGIBLE
95.62,39183.77,2,84.18,0,8.1,grade_12,yes,no,ELIGIBLE
95.73,39686.09,4,97.61,0,10.2,grade_7,yes,no,ELIGIBLE
95.58,24879.02,7,93.7,0,17.0,grade_7,no,no,FOR_REVIEW
86.51,18730.98,10,92.25,0,52.8,grade_8,yes,no,ELIGIBLE
97.31,40005.83,8,92.55,0,8.5,grade_8,yes,no,ELIGIBLE
94.77,27517.02,7,95.74,1,5.1,grade_12,yes,no,ELIGIBLE
91.71,42674.45,3,92.31,1,4.4,grade_7,no,no,NOT_ELIGIBLE
95.23,26170.19,10,90.7,0,5.0,grade_8,yes,yes,FOR_REVIEW
92.17,32178.84,5,89.4,0,28.7,grade_11,yes,yes,FOR_REVIEW
84.55,25274.39,3,100.0,1,19.3,grade_8,yes,no,ELIGIBLE
87.83,23823.38,5,94.96,1,26.8,grade_12,yes,no,ELIGIBLE
96.64,13104.89,2,87.86,1,37.8,grade_7,yes,yes,ELIGIBLE
93.69,15471.77,4,94.12,0,25.7,grade_8,yes,no,ELIGIBLE
90.74,32701.42,9,99.72,2,14.3,grade_8,yes,no,FOR_REVIEW
91.15,39695.5,3,100.0,0,5.9,grade_11,yes,yes,ELIGIBLE
96.84,15856.13,9,86.22,0,33.7,grade_8,yes,yes,ELIGIBLE
87.13,29823.24,2,82.04,0,9.6,grade_11,yes,no,FOR_REVIEW
89.38,61859.45,9,98.46,0,6.0,grade_11,yes,no,ELIGIBLE
87.42,15112.15,4,94.16,1,13.2,grade_10,yes,no,ELIGIBLE
93.29,21285.29,3,85.62,0,11.8,grade_11,yes,no,ELIGIBLE
94.94,38377.18,3,99.05,0,19.8,grade_7,yes,yes,ELIGIBLE
94.84,40869.15,8,91.95,0,7.8,grade_11,yes,no,ELIGIBLE
97.01,27451.7,5,99.08,0,30.0,grade_11,yes,no,ELIGIBLE
91.24,15999.13,6,97.76,0,15.2,grade_12,yes,yes,ELIGIBLE
97.43,20420.16,9,96.88,1,8.3,grade_9,yes,no,NOT_ELIGIBLE
92.7,26758.2,2,89.13,2,13.8,grade_7,no,yes,NOT_ELIGIBLE
95.96,80379.47,8,90.91,0,4.0,grade_8,no,no,NOT_ELIGIBLE
84.75,39637.75,9,100.0,1,13.2,grade_8,yes,yes,ELIGIBLE
85.76,25332.19,2,99.84,0,13.0,grade_9,yes,no,ELIGIBLE
94.29,44906.87,10,87.75,2,8.8,grade_10,yes,no,FOR_REVIEW
95.15,9638.74,9,88.52,1,28.6,grade_8,yes,yes,FOR_REVIEW
89.85,66274.02,2,93.07,0,20.9,grade_9,yes,no,ELIGIBLE
91.36,50088.67,8,88.62,0,8.3,grade_12,yes,no,FOR_REVIEW
96.75,21582.28,10,96.74,0,9.3,grade_10,yes,no,FOR_REVIEW
90.36,18734.42,5,91.61,0,8.6,grade_8,yes,no,ELIGIBLE
91.45,13591.9,3,95.62,0,9.0,grade_8,yes,yes,ELIGIBLE
97.79,15276.83,9,99.38,0,6.9,grade_12,no,no,NOT_ELIGIBLE
89.67,28424.41,3,97.26,1,9.4,grade_8,yes,no,ELIGIBLE
93.89,6040.66,6,85.0,0,5.6,grade_11,yes,no,ELIGIBLE
85.36,99428.0,2,93.16,0,34.0,grade_11,yes,no,FOR_REVIEW
98.07,42466.6,2,96.43,0,15.2,grade_7,yes,no,ELIGIBLE
82.8,120000.0,4,95.03,0,3.7,grade_10,no,no,ELIGIBLE
81.67,26176.03,6,91.93,0,4.1,grade_12,yes,no,ELIGIBLE
81.6,57104.01,2,95.47,0,29.0,grade_12,yes,no,FOR_REVIEW
86.88,29615.58,6,87.54,0,21.2,grade_11,yes,no,ELIGIBLE
88.68,26889.49,6,89.55,0,2.8,grade_8,yes,no,ELIGIBLE
97.25,24093.18,5,88.02,1,15.8,grade_8,yes,yes,ELIGIBLE
92.72,14955.21,6,87.39,0,19.6,grade_8,yes,yes,ELIGIBLE
89.39,45874.52,7,98.66,0,31.5,grade_8,yes,no,ELIGIBLE
98.27,39039.64,9,90.95,1,3.3,grade_12,yes,no,ELIGIBLE
98.15,43464.6,3,100.0,0,9.7,grade_12,yes,no,ELIGIBLE
84.15,29503.37,4,84.46,0,16.5,grade_11,yes,no,ELIGIBLE
86.31,29404.98,3,90.64,0,32.1,grade_9,no,no,NOT_ELIGIBLE
90.17,21064.64,10,95.52,0,24.2,grade_8,no,no,FOR_REVIEW
88.77,68610.66,6,87.4,1,4.9,grade_12,yes,no,FOR_REVIEW
88.71,20360.52,6,100.0,0,6.4,grade_7,yes,yes,ELIGIBLE
85.43,16775.77,8,92.77,0,2.7,grade_9,yes,no,ELIGIBLE
92.08,43045.61,9,98.05,0,48.9,grade_7,yes,no,ELIGIBLE
88.0,27780.22,4,93.55,0,18.2,grade_9,yes,no,ELIGIBLE
99.77,21698.9,3,99.84,1,17.2,grade_9,yes,no,ELIGIBLE
88.44,26793.94,2,98.34,0,28.8,grade_12,yes,yes,ELIGIBLE
86.17,21919.03,4,92.81,0,15.5,grade_12,yes,no,ELIGIBLE
99.04,41664.66,10,95.21,0,5.7,grade_7,yes,yes,ELIGIBLE
88.73,13728.18,6,100.0,0,7.0,grade_12,yes,no,ELIGIBLE
84.94,23522.1,4,95.04,2,13.4,grade_7,yes,no,FOR_REVIEW
89.45,29470.89,7,100.0,0,44.5,grade_10,yes,yes,ELIGIBLE
81.49,49067.95,4,95.99,0,13.7,grade_8,no,no,NOT_ELIGIBLE
96.98,7825.22,7,90.76,0,40.7,grade_10,yes,no,ELIGIBLE
81.74,28044.59,2,98.37,0,25.3,grade_11,no,no,NOT_ELIGIBLE
78.35,37512.45,3,93.13,0,12.9,grade_10,yes,yes,FOR_REVIEW
85.47,11793.52,10,86.51,0,13.4,grade_12,yes,no,ELIGIBLE
91.69,25825.86,2,92.81,2,20.0,grade_10,yes,no,ELIGIBLE
93.03,23907.59,7,95.21,0,8.5,grade_10,yes,no,ELIGIBLE
93.38,10417.54,8,91.88,1,36.7,grade_7,no,no,FOR_REVIEW
89.15,21117.27,10,94.84,2,9.1,grade_12,yes,no,ELIGIBLE
84.22,26873.97,3,92.46,0,5.1,grade_12,no,no,NOT_ELIGIBLE
92.66,24569.61,5,93.35,0,22.3,grade_11,yes,no,ELIGIBLE
86.38,33211.2,4,91.18,0,25.6,grade_12,yes,no,FOR_REVIEW
91.21,22654.38,3,84.87,1,11.4,grade_12,yes,no,ELIGIBLE
91.13,9202.46,2,100.0,1,6.3,grade_8,yes,yes,ELIGIBLE
88.97,16535.04,9,100.0,1,6.3,grade_8,yes,no,NOT_ELIGIBLE
97.26,28753.39,5,94.56,0,3.1,grade_7,yes,no,ELIGIBLE
92.61,22287.01,3,96.91,1,15.1,grade_9,yes,no,NOT_ELIGIBLE
85.55,25974.7,3,91.33,0,19.4,grade_8,yes,no,ELIGIBLE
91.52,18813.32,4,91.65,1,21.4,grade_7,yes,no,FOR_REVIEW
90.27,15628.96,8,96.42,1,29.1,grade_8,yes,no,ELIGIBLE
87.97,29603.21,9,100.0,0,16.1,grade_9,no,no,NOT_ELIGIBLE
86.37,50733.17,7,88.63,0,13.3,grade_9,yes,no,FOR_REVIEW
92.64,15759.03,3,92.14,0,10.5,grade_9,yes,yes,ELIGIBLE
89.33,25088.18,3,96.24,0,7.7,grade_8,yes,no,ELIGIBLE
84.28,30035.92,4,90.65,1,11.9,grade_11,yes,no,FOR_REVIEW
78.64,37738.22,2,89.7,0,11.6,grade_9,no,no,NOT_ELIGIBLE
89.65,15482.68,4,100.0,1,13.8,grade_8,yes,no,ELIGIBLE
89.85,53127.28,5,94.17,0,26.4,grade_9,yes,no,ELIGIBLE
96.95,20491.13,9,93.59,1,13.9,grade_7,yes,yes,ELIGIBLE
86.13,15912.01,6,91.62,0,67.1,grade_9,yes,no,ELIGIBLE
91.8,19534.72,5,100.0,0,35.9,grade_12,yes,no,ELIGIBLE
92.5,37344.88,3,87.73,0,22.5,grade_7,yes,no,ELIGIBLE
84.89,43185.51,3,93.27,0,6.6,grade_11,yes,yes,NOT_ELIGIBLE
81.86,92278.44,3,83.13,0,25.4,grade_11,yes,no,ELIGIBLE
80.23,50793.47,7,100.0,0,7.3,grade_12,yes,no,FOR_REVIEW
96.28,32152.54,7,87.42,0,35.8,grade_12,no,yes,FOR_REVIEW
91.01,17190.48,4,83.57,2,17.7,grade_8,yes,no,FOR_REVIEW
92.39,16774.42,2,93.73,0,93.4,grade_12,yes,no,ELIGIBLE
92.88,43231.54,6,100.0,1,43.8,grade_7,yes,no,ELIGIBLE
89.92,19829.74,8,97.06,1,25.3,grade_9,yes,no,ELIGIBLE
86.65,23772.62,2,100.0,1,37.1,grade_12,no,no,NOT_ELIGIBLE
89.83,17777.48,3,94.99,0,20.5,grade_12,no,no,FOR_REVIEW
92.02,9521.13,2,85.75,1,20.9,grade_7,no,no,FOR_REVIEW
89.17,23832.47,5,95.91,0,4.6,grade_9,yes,no,ELIGIBLE
95.38,22991.52,3,92.6,1,15.3,grade_12,yes,no,ELIGIBLE
97.96,23613.66,9,85.93,1,29.7,grade_11,yes,no,ELIGIBLE
96.16,18287.31,3,92.57,2,8.0,grade_8,yes,no,ELIGIBLE
96.85,49923.31,9,93.93,0,13.8,grade_12,yes,no,ELIGIBLE
93.28,36215.66,9,92.78,1,65.9,grade_8,yes,yes,ELIGIBLE
96.62,8011.03,10,93.44,1,2.7,grade_11,yes,no,ELIGIBLE
98.5,13019.35,6,100.0,0,29.5,grade_10,yes,yes,ELIGIBLE
92.68,6000.0,9,100.0,0,22.4,grade_8,yes,no,ELIGIBLE
94.81,51935.04,5,85.0,0,4.2,grade_9,yes,no,FOR_REVIEW
93.1,41453.27,7,88.94,0,9.1,grade_8,yes,no,ELIGIBLE
97.5,23199.89,5,95.7,0,13.1,grade_8,yes,no,ELIGIBLE
84.46,29294.5,6,88.85,1,10.6,grade_8,yes,yes,ELIGIBLE
87.29,25462.57,7,93.02,2,3.6,grade_11,yes,yes,ELIGIBLE
90.88,10739.35,2,92.58,0,16.3,grade_11,yes,yes,ELIGIBLE
86.71,39226.74,2,99.77,1,41.1,grade_9,yes,no,FOR_REVIEW
85.3,46073.94,6,93.16,1,11.7,grade_8,yes,yes,FOR_REVIEW
83.34,29792.08,6,89.76,0,3.2,grade_8,yes,no,ELIGIBLE
92.7,38117.39,2,88.6,0,15.5,grade_7,yes,no,FOR_REVIEW
94.36,35806.61,7,85.9,0,10.5,grade_9,yes,yes,ELIGIBLE
89.8,69394.82,2,89.77,0,46.6,grade_9,yes,no,FOR_REVIEW
86.39,10973.69,8,100.0,1,18.0,grade_7,no,yes,FOR_REVIEW
93.13,8700.22,9,91.51,1,11.6,grade_8,yes,no,ELIGIBLE
96.59,35300.34,9,92.69,0,14.1,grade_9,no,yes,FOR_REVIEW
83.7,56710.63,6,99.1,0,24.2,grade_9,yes,no,ELIGIBLE
91.52,13417.81,7,87.69,0,9.1,grade_11,yes,no,ELIGIBLE
91.92,39359.97,9,96.91,0,10.3,grade_7,yes,no,NOT_ELIGIBLE
98.33,43843.2,8,92.45,1,12.0,grade_8,yes,no,ELIGIBLE
91.63,9290.71,4,91.23,0,13.4,grade_8,no,no,FOR_REVIEW
79.39,19089.94,3,98.98,0,16.5,grade_8,yes,no,ELIGIBLE
92.66,16819.24,6,93.07,1,25.0,grade_8,no,no,FOR_REVIEW
87.83,30299.65,5,82.69,0,27.7,grade_12,yes,yes,ELIGIBLE
91.49,28235.28,3,100.0,0,7.0,grade_9,yes,no,ELIGIBLE
99.19,64518.86,6,99.67,0,37.5,grade_8,yes,no,FOR_REVIEW
98.59,18085.04,4,94.8,0,10.4,grade_7,yes,no,ELIGIBLE
98.57,46260.96,4,82.11,0,3.2,grade_11,yes,yes,ELIGIBLE
93.3,44341.21,9,91.2,1,68.5,grade_9,yes,no,ELIGIBLE
94.17,20608.89,9,98.29,1,25.6,grade_7,yes,yes,ELIGIBLE
90.48,59951.64,4,90.38,0,49.9,grade_12,yes,no,FOR_REVIEW
96.98,28879.54,3,87.31,0,27.0,grade_11,yes,no,ELIGIBLE
89.38,16793.19,10,98.09,1,1.6,grade_11,no,no,FOR_REVIEW
81.95,41801.88,8,95.93,0,29.8,grade_11,yes,no,FOR_REVIEW
90.88,11729.56,9,87.91,1,0.3,grade_10,yes,no,ELIGIBLE
88.61,31663.65,8,100.0,1,20.7,grade_12,yes,yes,ELIGIBLE
82.22,12371.47,5,98.66,0,14.6,grade_9,no,no,NOT_ELIGIBLE
95.02,39569.59,5,99.11,1,16.0,grade_11,yes,no,ELIGIBLE
88.69,23779.79,6,80.14,0,3.1,grade_10,no,no,NOT_ELIGIBLE
95.07,15212.7,6,100.0,0,2.8,grade_10,yes,no,ELIGIBLE
84.63,17313.72,5,85.91,1,9.0,grade_12,yes,no,FOR_REVIEW
90.65,49391.01,10,94.49,0,8.6,grade_8,yes,no,ELIGIBLE
98.11,8068.5,9,91.0,1,14.5,grade_8,yes,yes,ELIGIBLE
98.58,72941.42,10,94.84,0,15.2,grade_7,yes,no,FOR_REVIEW
86.72,17230.35,9,95.7,0,4.3,grade_11,yes,yes,ELIGIBLE
96.86,21306.76,4,94.74,1,11.2,grade_11,yes,no,ELIGIBLE
85.89,52873.18,4,98.95,0,38.4,grade_10,yes,yes,ELIGIBLE
87.61,50129.06,4,92.18,1,14.6,grade_10,yes,yes,FOR_REVIEW
87.79,18282.04,5,94.85,0,31.0,grade_9,yes,yes,ELIGIBLE
81.23,27369.03,10,93.69,1,7.3,grade_8,yes,no,FOR_REVIEW
77.37,36992.45,8,84.22,0,2.9,grade_10,yes,no,NOT_ELIGIBLE
86.15,31160.03,3,81.26,0,26.2,grade_12,yes,yes,FOR_REVIEW
86.92,13722.93,2,99.49,1,3.1,grade_10,yes,no,ELIGIBLE
86.08,26867.86,9,97.33,0,15.5,grade_10,yes,no,ELIGIBLE
96.18,10828.77,4,93.27,0,13.0,grade_11,yes,no,ELIGIBLE
81.97,15436.71,7,90.7,0,36.6,grade_8,yes,no,ELIGIBLE
84.66,34610.9,5,92.6,0,13.8,grade_8,no,yes,NOT_ELIGIBLE
95.5,12348.0,3,94.95,0,15.5,grade_8,yes,no,ELIGIBLE
90.04,17984.5,3,85.86,0,9.7,grade_9,yes,no,ELIGIBLE
82.84,61259.58,7,87.19,0,10.0,grade_8,no,no,NOT_ELIGIBLE
89.67,37672.7,6,97.67,2,7.3,grade_7,yes,no,FOR_REVIEW
90.7,19966.05,9,89.18,0,5.0,grade_9,yes,no,ELIGIBLE
91.84,25277.16,5,93.73,0,20.1,grade_7,yes,yes,ELIGIBLE
81.72,37045.73,7,92.34,0,16.5,grade_9,yes,no,FOR_REVIEW
94.4,58663.83,5,94.09,0,15.0,grade_11,yes,no,ELIGIBLE
94.5,15326.96,10,99.87,0,3.5,grade_7,yes,no,ELIGIBLE
90.12,23196.94,2,89.28,0,30.0,grade_9,yes,yes,ELIGIBLE
90.97,29705.59,5,90.41,0,9.7,grade_11,no,no,NOT_ELIGIBLE
93.95,43244.62,2,88.98,1,7.3,grade_7,yes,no,FOR_REVIEW
94.72,22175.54,9,89.92,0,5.2,grade_10,yes,no,ELIGIBLE
90.99,60448.32,7,82.85,1,26.2,grade_7,no,no,NOT_ELIGIBLE
83.1,26952.54,7,95.45,0,9.6,grade_8,yes,no,ELIGIBLE
97.13,19446.27,7,85.74,1,24.8,grade_10,yes,no,ELIGIBLE
91.55,66512.54,6,98.67,1,13.0,grade_7,yes,no,ELIGIBLE
93.45,120000.0,9,82.83,1,4.6,grade_12,yes,yes,FOR_REVIEW
95.1,8721.87,6,83.91,0,6.9,grade_11,yes,yes,ELIGIBLE
90.91,62803.48,4,93.99,0,4.6,grade_9,yes,no,FOR_REVIEW
97.9,28033.14,5,90.22,1,26.8,grade_8,yes,no,ELIGIBLE
83.47,42800.68,3,94.59,1,12.4,grade_9,no,no,NOT_ELIGIBLE
94.08,45254.1,8,91.58,0,23.7,grade_8,yes,yes,ELIGIBLE
84.24,43570.7,10,99.69,1,15.67,grade_8,no,no,NOT_ELIGIBLE
95.64,70666.4,9,88.37,0,6.37,grade_7,yes,no,NOT_ELIGIBLE
83.02,32033.64,7,92.62,0,11.86,grade_7,no,no,NOT_ELIGIBLE
88.5,70971.05,5,97.7,1,7.83,grade_10,no,no,NOT_ELIGIBLE
92.24,13344.47,6,93.26,1,6.03,grade_7,yes,no,NOT_ELIGIBLE
95.85,12472.88,7,89.49,1,20.43,grade_9,yes,no,NOT_ELIGIBLE
96.64,59275.52,6,84.67,0,6.06,grade_12,no,no,NOT_ELIGIBLE
91.57,42409.94,3,92.1,1,3.77,grade_7,no,no,NOT_ELIGIBLE
86.97,51263.45,5,93.51,0,4.22,grade_8,no,no,NOT_ELIGIBLE
89.76,33357.93,2,95.33,0,9.02,grade_11,no,no,NOT_ELIGIBLE
77.5,33892.92,8,85.21,0,2.03,grade_10,yes,no,NOT_ELIGIBLE
88.58,47800.27,3,85.32,1,15.65,grade_11,no,no,NOT_ELIGIBLE
97.77,22686.97,9,96.44,1,7.2,grade_9,yes,no,NOT_ELIGIBLE
93.39,73347.26,6,97.8,0,25.23,grade_12,no,yes,NOT_ELIGIBLE
91.77,38242.47,3,93.46,1,17.71,grade_7,no,no,NOT_ELIGIBLE
90.61,43897.81,3,90.57,1,36.21,grade_11,yes,no,NOT_ELIGIBLE
80.46,19271.64,10,100.0,0,0.0,grade_12,no,no,NOT_ELIGIBLE
78.14,37057.69,7,87.33,0,15.37,grade_12,no,no,NOT_ELIGIBLE
85.63,86952.16,4,87.62,0,8.33,grade_8,yes,no,NOT_ELIGIBLE
99.53,96678.73,3,82.46,2,5.07,grade_7,yes,no,NOT_ELIGIBLE
96.34,34176.97,7,86.18,0,6.77,grade_12,no,yes,NOT_ELIGIBLE
88.75,23954.59,6,79.74,0,4.25,grade_10,no,no,NOT_ELIGIBLE
88.25,33219.64,7,96.04,1,31.67,grade_12,no,no,NOT_ELIGIBLE
84.18,29620.07,3,92.85,0,4.37,grade_12,no,no,NOT_ELIGIBLE
79.75,42362.2,2,90.66,2,12.69,grade_12,yes,no,NOT_ELIGIBLE
97.03,60592.25,6,84.52,0,5.35,grade_12,no,no,NOT_ELIGIBLE
97.52,26277.26,2,99.36,2,16.0,grade_11,yes,no,NOT_ELIGIBLE
97.26,59853.34,6,84.16,0,5.29,grade_12,no,no,NOT_ELIGIBLE
84.98,25358.92,3,92.77,0,5.91,grade_12,no,no,NOT_ELIGIBLE
79.57,7120.09,9,89.69,1,36.94,grade_10,no,no,NOT_ELIGIBLE
87.19,17951.83,4,86.8,0,28.75,grade_10,no,no,NOT_ELIGIBLE
94.31,20413.46,5,91.75,1,10.03,grade_10,yes,no,NOT_ELIGIBLE
79.31,9704.59,9,90.51,1,35.59,grade_10,no,no,NOT_ELIGIBLE
91.58,36445.3,2,77.41,2,25.48,grade_11,yes,no,NOT_ELIGIBLE
78.07,56298.02,9,84.95,0,10.85,grade_9,no,yes,NOT_ELIGIBLE
88.72,20392.46,6,80.43,0,3.15,grade_10,no,no,NOT_ELIGIBLE
95.23,7922.16,7,89.81,1,20.55,grade_9,yes,no,NOT_ELIGIBLE
91.56,44743.9,3,92.22,1,6.18,grade_7,no,no,NOT_ELIGIBLE
94.39,18192.84,5,80.98,1,25.81,grade_8,no,yes,NOT_ELIGIBLE
87.29,22922.87,9,84.5,0,3.96,grade_12,no,no,NOT_ELIGIBLE
87.26,22640.79,6,89.6,1,47.36,grade_9,no,no,NOT_ELIGIBLE
91.29,28639.15,10,91.0,0,34.93,grade_11,no,no,NOT_ELIGIBLE
82.01,9731.23,6,91.47,0,12.41,grade_10,yes,no,NOT_ELIGIBLE
82.26,12272.33,5,98.75,0,16.25,grade_9,no,no,NOT_ELIGIBLE
90.71,61493.05,7,82.61,1,26.02,grade_7,no,no,NOT_ELIGIBLE
96.49,33580.16,4,86.83,3,57.05,grade_8,no,yes,NOT_ELIGIBLE
89.95,8890.74,10,91.45,0,4.36,grade_8,yes,no,NOT_ELIGIBLE
92.13,38406.95,9,96.39,0,8.22,grade_7,yes,no,NOT_ELIGIBLE
86.64,19900.32,2,99.14,1,35.82,grade_12,no,no,NOT_ELIGIBLE
83.56,41171.14,3,94.54,1,12.75,grade_9,no,no,NOT_ELIGIBLE
88.09,70806.21,5,99.11,1,9.76,grade_10,no,no,NOT_ELIGIBLE
79.07,24053.24,6,95.13,2,15.98,grade_8,no,no,NOT_ELIGIBLE
81.6,46134.71,10,82.21,2,12.46,grade_8,yes,no,NOT_ELIGIBLE
86.73,73910.51,3,88.26,1,3.64,grade_10,yes,no,NOT_ELIGIBLE
98.35,14237.47,9,99.11,0,5.55,grade_12,no,no,NOT_ELIGIBLE
88.31,40791.41,5,97.14,0,8.15,grade_11,yes,no,NOT_ELIGIBLE
81.65,33570.41,9,99.74,0,11.4,grade_7,no,yes,NOT_ELIGIBLE
81.07,30948.39,9,100.0,0,10.31,grade_7,no,yes,NOT_ELIGIBLE
85.74,46521.96,4,78.21,2,13.97,grade_10,yes,no,NOT_ELIGIBLE
91.28,28089.19,5,86.8,0,12.69,grade_12,no,no,NOT_ELIGIBLE
97.64,17896.5,9,96.34,1,8.93,grade_9,yes,no,NOT_ELIGIBLE
78.74,27617.87,2,85.68,2,20.78,grade_11,no,no,NOT_ELIGIBLE
92.1,79088.79,7,100.0,1,13.36,grade_8,no,yes,NOT_ELIGIBLE
78.47,55956.26,9,84.53,0,10.59,grade_9,no,yes,NOT_ELIGIBLE
88.14,11236.66,5,95.49,1,12.36,grade_12,no,no,NOT_ELIGIBLE
87.52,36282.22,5,99.1,0,22.87,grade_11,yes,no,NOT_ELIGIBLE
78.45,73334.75,4,91.02,1,1.38,grade_8,yes,no,NOT_ELIGIBLE
99.66,99752.93,3,82.7,2,3.38,grade_7,yes,no,NOT_ELIGIBLE
87.1,21543.95,8,91.31,0,17.87,grade_9,yes,yes,NOT_ELIGIBLE
86.25,14437.09,10,89.7,1,0.81,grade_11,no,no,NOT_ELIGIBLE
93.81,22908.72,5,94.68,1,2.61,grade_7,no,no,NOT_ELIGIBLE
87.99,76386.32,3,87.52,1,2.45,grade_10,yes,no,NOT_ELIGIBLE
85.01,52011.18,2,95.23,0,12.71,grade_8,no,no,NOT_ELIGIBLE
91.34,30915.33,5,86.37,0,13.91,grade_12,no,no,NOT_ELIGIBLE
94.45,72902.54,6,97.0,0,24.87,grade_12,no,yes,NOT_ELIGIBLE
84.36,42628.27,10,99.47,1,16.07,grade_8,no,no,NOT_ELIGIBLE
79.21,21396.81,6,95.17,2,19.21,grade_8,no,no,NOT_ELIGIBLE
91.62,35929.66,2,77.71,2,24.26,grade_11,yes,no,NOT_ELIGIBLE
89.57,22218.25,8,97.73,0,18.49,grade_7,yes,no,NOT_ELIGIBLE
78.18,36207.27,7,86.83,0,12.87,grade_12,no,no,NOT_ELIGIBLE
91.02,47765.45,3,90.83,1,34.86,grade_11,yes,no,NOT_ELIGIBLE
78.72,40451.7,7,87.83,0,16.67,grade_12,no,no,NOT_ELIGIBLE
92.68,64975.9,5,92.71,1,18.59,grade_7,no,yes,NOT_ELIGIBLE
95.8,12795.43,10,98.24,0,6.75,grade_8,yes,no,NOT_ELIGIBLE
90.07,7805.93,10,91.51,0,6.27,grade_8,yes,no,NOT_ELIGIBLE
89.48,31640.28,2,96.16,0,7.01,grade_11,no,no,NOT_ELIGIBLE
86.34,18746.29,7,98.73,2,27.95,grade_7,no,no,NOT_ELIGIBLE
93.67,24769.18,7,84.68,1,0.95,grade_9,no,no,NOT_ELIGIBLE
83.14,19398.69,3,93.2,1,3.0,grade_7,no,no,NOT_ELIGIBLE
81.77,46292.64,10,81.82,2,11.69,grade_8,yes,no,NOT_ELIGIBLE
88.79,106945.21,7,100.0,1,39.87,grade_9,no,yes,NOT_ELIGIBLE
86.63,54210.85,3,93.19,0,44.34,grade_7,no,no,NOT_ELIGIBLE
93.04,66334.66,5,92.89,1,16.36,grade_7,no,yes,NOT_ELIGIBLE
80.88,77303.18,5,95.62,0,20.44,grade_10,yes,no,NOT_ELIGIBLE
87.67,40887.12,8,86.92,1,6.08,grade_8,yes,yes,NOT_ELIGIBLE
93.13,27147.2,2,89.09,2,14.99,grade_7,no,yes,NOT_ELIGIBLE
94.36,49476.51,9,90.18,1,37.06,grade_9,no,no,NOT_ELIGIBLE
85.63,15219.43,8,94.89,1,17.33,grade_8,no,no,NOT_ELIGIBLE
88.75,34843.31,7,96.24,1,28.46,grade_12,no,no,NOT_ELIGIBLE
81.19,21067.9,6,96.1,2,21.31,grade_8,no,no,NOT_ELIGIBLE
84.01,7104.81,4,88.07,1,26.14,grade_7,no,yes,NOT_ELIGIBLE
79.97,51992.27,8,99.64,0,25.51,grade_11,yes,no,NOT_ELIGIBLE
94.55,28263.46,6,94.06,0,19.12,grade_9,yes,yes,NOT_ELIGIBLE
79.19,10327.56,9,89.85,1,33.33,grade_10,no,no,NOT_ELIGIBLE
86.18,84617.53,4,88.12,0,9.31,grade_8,yes,no,NOT_ELIGIBLE
94.32,25750.09,5,95.06,1,3.32,grade_7,no,no,NOT_ELIGIBLE
86.46,28560.91,3,90.88,0,31.6,grade_9,no,no,NOT_ELIGIBLE
96.62,34837.59,7,85.9,0,3.97,grade_12,no,yes,NOT_ELIGIBLE
86.5,80920.24,4,88.71,0,8.2,grade_8,yes,no,NOT_ELIGIBLE
93.95,20446.73,5,92.18,1,5.94,grade_10,yes,no,NOT_ELIGIBLE
94.33,21845.91,5,92.42,1,9.44,grade_10,yes,no,NOT_ELIGIBLE
97.48,20056.25,9,97.18,1,10.29,grade_9,yes,no,NOT_ELIGIBLE
93.41,48068.4,7,91.4,0,9.43,grade_8,no,no,NOT_ELIGIBLE
99.14,97959.99,3,82.86,2,3.96,grade_7,yes,no,NOT_ELIGIBLE
86.31,27992.0,3,90.46,0,32.75,grade_9,no,no,NOT_ELIGIBLE
91.98,12012.52,6,94.07,1,5.81,grade_7,yes,no,NOT_ELIGIBLE
91.57,68806.52,3,89.17,0,3.35,grade_7,no,yes,NOT_ELIGIBLE
90.27,103916.65,8,99.93,1,39.9,grade_9,no,yes,NOT_ELIGIBLE
84.66,45285.79,2,92.31,1,13.95,grade_8,yes,no,NOT_ELIGIBLE
88.87,44721.38,5,97.51,0,9.22,grade_11,yes,no,NOT_ELIGIBLE
81.21,31349.47,9,100.0,0,11.89,grade_7,no,yes,NOT_ELIGIBLE
95.49,78456.71,8,91.47,0,3.04,grade_8,no,no,NOT_ELIGIBLE
78.37,34753.46,7,87.97,0,15.22,grade_12,no,no,NOT_ELIGIBLE
79.32,55253.39,8,100.0,0,24.42,grade_11,yes,no,NOT_ELIGIBLE
92.94,39165.44,2,79.96,0,76.37,grade_11,no,no,NOT_ELIGIBLE
93.33,32683.74,5,99.21,0,7.25,grade_11,no,no,NOT_ELIGIBLE
85.93,22559.35,8,89.88,3,23.7,grade_9,no,yes,NOT_ELIGIBLE
91.8,15370.17,6,95.23,0,13.22,grade_8,yes,no,NOT_ELIGIBLE
97.12,61024.38,6,84.2,0,3.68,grade_12,no,no,NOT_ELIGIBLE
95.38,17897.51,5,82.2,1,25.88,grade_8,no,yes,NOT_ELIGIBLE
82.25,14085.24,5,99.13,0,13.39,grade_9,no,no,NOT_ELIGIBLE
88.36,10409.33,5,95.07,1,11.53,grade_12,no,no,NOT_ELIGIBLE
87.92,41709.16,5,97.83,0,6.46,grade_11,yes,no,NOT_ELIGIBLE
80.71,81586.19,2,89.23,0,22.98,grade_9,yes,no,NOT_ELIGIBLE
89.49,105234.57,7,99.97,1,38.61,grade_9,no,yes,NOT_ELIGIBLE
81.15,47238.83,4,95.7,0,15.0,grade_8,no,no,NOT_ELIGIBLE
89.23,18454.26,9,100.0,1,6.72,grade_8,yes,no,NOT_ELIGIBLE
90.51,33946.88,5,97.81,2,18.49,grade_12,no,yes,NOT_ELIGIBLE
91.47,67199.25,3,89.3,0,3.33,grade_7,no,yes,NOT_ELIGIBLE
91.47,6577.37,3,90.24,3,29.45,grade_9,no,yes,NOT_ELIGIBLE
89.65,23217.16,5,88.66,1,19.53,grade_8,no,no,NOT_ELIGIBLE
86.88,72574.32,3,87.49,1,4.0,grade_10,yes,no,NOT_ELIGIBLE
91.65,40740.77,9,97.13,0,9.75,grade_7,yes,no,NOT_ELIGIBLE
85.19,55626.54,2,96.02,0,11.13,grade_8,no,no,NOT_ELIGIBLE
89.36,19746.21,9,89.41,2,46.25,grade_8,no,no,NOT_ELIGIBLE
79.45,37588.63,2,89.97,0,13.99,grade_9,no,no,NOT_ELIGIBLE
81.63,21732.24,6,97.03,2,20.87,grade_8,no,no,NOT_ELIGIBLE
81.16,50656.86,4,96.17,0,12.98,grade_8,no,no,NOT_ELIGIBLE
84.87,15458.44,8,95.25,1,16.55,grade_8,no,no,NOT_ELIGIBLE
82.04,20340.49,3,93.42,1,2.77,grade_7,no,no,NOT_ELIGIBLE
87.77,21438.19,4,87.06,0,26.58,grade_10,no,no,NOT_ELIGIBLE
84.5,45079.58,2,92.75,1,14.97,grade_8,yes,no,NOT_ELIGIBLE
91.39,32012.86,10,91.6,0,36.08,grade_11,no,no,NOT_ELIGIBLE
89.89,35038.12,5,97.65,2,18.22,grade_12,no,yes,NOT_ELIGIBLE
92.28,41220.77,9,96.74,0,9.77,grade_7,yes,no,NOT_ELIGIBLE
89.21,37514.91,7,100.0,1,32.94,grade_12,no,no,NOT_ELIGIBLE
80.86,89713.78,6,88.28,1,17.84,grade_12,yes,no,NOT_ELIGIBLE
92.06,15094.99,5,95.63,0,18.34,grade_8,yes,no,NOT_ELIGIBLE
89.29,26286.08,5,88.31,1,20.09,grade_8,no,no,NOT_ELIGIBLE
82.6,32951.93,7,92.57,0,11.33,grade_7,no,no,NOT_ELIGIBLE
83.1,76219.91,3,95.61,1,9.95,grade_10,yes,no,NOT_ELIGIBLE
95.44,19567.49,5,81.28,1,25.98,grade_8,no,yes,NOT_ELIGIBLE
83.55,39848.29,3,95.12,1,10.83,grade_9,no,no,NOT_ELIGIBLE
91.53,31164.49,10,91.17,0,36.01,grade_11,no,no,NOT_ELIGIBLE
80.84,48719.36,4,95.13,0,13.46,grade_8,no,no,NOT_ELIGIBLE
81.53,49925.82,4,97.05,0,15.31,grade_8,no,no,NOT_ELIGIBLE
84.97,17909.46,3,100.0,0,30.67,grade_11,no,yes,NOT_ELIGIBLE
95.67,19767.11,10,99.93,1,0.66,grade_7,no,no,NOT_ELIGIBLE
81.43,11350.97,5,98.86,0,13.75,grade_9,no,no,NOT_ELIGIBLE
82.39,6812.2,6,91.6,0,10.35,grade_10,yes,no,NOT_ELIGIBLE
91.92,29856.08,10,91.22,0,37.25,grade_11,no,no,NOT_ELIGIBLE
84.81,56151.59,2,95.3,0,9.72,grade_8,no,no,NOT_ELIGIBLE
83.51,105977.03,3,96.71,1,1.17,grade_12,yes,no,NOT_ELIGIBLE
85.99,24813.24,9,84.77,0,2.34,grade_12,no,no,NOT_ELIGIBLE
81.22,75208.97,5,95.63,0,19.23,grade_10,yes,no,NOT_ELIGIBLE
90.06,9698.13,10,91.55,0,5.59,grade_8,yes,no,NOT_ELIGIBLE
90.53,60109.84,7,82.83,1,26.92,grade_7,no,no,NOT_ELIGIBLE
92.15,67501.65,3,89.8,0,3.27,grade_7,no,yes,NOT_ELIGIBLE
85.45,39103.72,10,99.81,1,17.0,grade_8,no,no,NOT_ELIGIBLE
90.73,27004.22,10,94.12,0,15.58,grade_8,yes,yes,NOT_ELIGIBLE
96.15,119858.19,5,94.52,0,2.73,grade_9,no,no,NOT_ELIGIBLE
84.38,40764.16,3,93.53,0,6.91,grade_11,yes,yes,NOT_ELIGIBLE
91.7,45488.88,3,92.34,1,3.53,grade_7,no,no,NOT_ELIGIBLE
87.75,48931.75,3,85.65,1,17.32,grade_11,no,no,NOT_ELIGIBLE
90.78,45379.29,8,88.71,0,14.2,grade_10,yes,no,NOT_ELIGIBLE
84.74,43942.67,2,92.95,1,13.04,grade_8,yes,no,NOT_ELIGIBLE
86.15,86514.66,4,88.27,0,8.16,grade_8,yes,no,NOT_ELIGIBLE
89.82,72512.77,6,88.19,0,25.2,grade_8,yes,no,NOT_ELIGIBLE
92.25,72241.26,7,100.0,1,13.55,grade_8,no,yes,NOT_ELIGIBLE
97.22,59683.12,6,84.98,0,5.77,grade_12,no,no,NOT_ELIGIBLE
88.79,18065.22,9,100.0,1,7.1,grade_8,yes,no,NOT_ELIGIBLE
83.19,41382.86,3,94.85,1,11.51,grade_9,no,no,NOT_ELIGIBLE
81.43,23020.03,11,100.0,0,0.78,grade_12,no,no,NOT_ELIGIBLE
79.22,69175.37,4,90.65,1,2.24,grade_8,yes,no,NOT_ELIGIBLE
85.63,10061.51,10,89.14,1,0.3,grade_11,no,no,NOT_ELIGIBLE
85.14,16081.57,8,95.27,1,14.9,grade_8,no,no,NOT_ELIGIBLE
97.98,57486.42,10,88.28,0,35.39,grade_12,no,no,NOT_ELIGIBLE
79.47,15740.41,8,93.67,0,24.05,grade_8,no,no,NOT_ELIGIBLE
84.54,43299.07,10,100.0,1,16.96,grade_8,no,no,NOT_ELIGIBLE
94.01,71645.92,6,97.65,0,22.89,grade_12,no,yes,NOT_ELIGIBLE
82.17,12060.13,5,98.29,0,15.65,grade_9,no,no,NOT_ELIGIBLE
89.76,71517.35,6,88.37,0,23.13,grade_8,yes,no,NOT_ELIGIBLE
89.85,68591.28,6,87.62,0,22.24,grade_8,yes,no,NOT_ELIGIBLE
85.81,25925.84,2,99.86,1,37.77,grade_12,no,no,NOT_ELIGIBLE
92.51,52000.35,3,99.85,0,14.64,grade_8,yes,no,NOT_ELIGIBLE
84.77,32766.11,5,92.22,0,15.75,grade_8,no,yes,NOT_ELIGIBLE
88.85,43691.32,5,97.42,0,8.06,grade_11,yes,no,NOT_ELIGIBLE
91.45,41127.3,3,90.02,1,37.2,grade_11,yes,no,NOT_ELIGIBLE
80.79,81182.06,2,89.13,0,23.3,grade_9,yes,no,NOT_ELIGIBLE
79.68,14260.13,8,94.32,0,23.39,grade_8,no,no,NOT_ELIGIBLE
93.73,7902.11,9,98.72,0,21.27,grade_11,yes,no,NOT_ELIGIBLE
94.51,25360.94,6,93.7,0,18.15,grade_9,yes,yes,NOT_ELIGIBLE
85.57,16208.09,5,94.36,0,2.86,grade_9,no,no,NOT_ELIGIBLE
90.25,31430.66,10,94.77,0,16.28,grade_8,yes,yes,NOT_ELIGIBLE
84.74,33867.45,5,92.78,0,15.12,grade_8,no,yes,NOT_ELIGIBLE
97.89,21163.35,2,100.0,2,14.49,grade_11,yes,no,NOT_ELIGIBLE
89.12,103712.63,7,99.66,1,40.83,grade_9,no,yes,NOT_ELIGIBLE
81.56,12255.16,5,98.74,0,14.46,grade_9,no,no,NOT_ELIGIBLE
78.94,37991.12,2,89.6,0,10.91,grade_9,no,no,NOT_ELIGIBLE
90.81,5889.62,3,89.88,3,28.36,grade_9,no,yes,NOT_ELIGIBLE
92.42,11040.07,9,99.19,0,21.52,grade_11,yes,no,NOT_ELIGIBLE
93.02,38002.45,4,92.69,1,5.75,grade_11,yes,no,NOT_ELIGIBLE
79.89,15883.51,8,93.06,0,23.75,grade_8,no,no,NOT_ELIGIBLE
96.09,60961.47,6,84.47,0,5.01,grade_12,no,no,NOT_ELIGIBLE
90.8,7698.92,10,92.26,0,8.77,grade_8,yes,no,NOT_ELIGIBLE
99.67,99182.24,3,81.93,2,3.08,grade_7,yes,no,NOT_ELIGIBLE
84.85,21212.62,3,99.52,0,30.75,grade_11,no,yes,NOT_ELIGIBLE
86.5,82640.27,4,88.52,0,6.31,grade_8,yes,no,NOT_ELIGIBLE
96.3,36407.01,7,85.83,0,4.67,grade_12,no,yes,NOT_ELIGIBLE
78.66,35147.54,2,89.38,0,12.01,grade_9,no,no,NOT_ELIGIBLE
85.14,16092.25,8,95.39,1,14.92,grade_8,no,no,NOT_ELIGIBLE
95.11,25715.12,9,80.15,0,11.07,grade_10,no,no,NOT_ELIGIBLE
90.87,22073.72,8,98.17,0,18.93,grade_7,yes,no,NOT_ELIGIBLE
81.04,46165.2,4,96.65,0,14.95,grade_8,no,no,NOT_ELIGIBLE
94.89,23962.06,9,80.65,0,11.21,grade_10,no,no,NOT_ELIGIBLE
89.36,43980.48,5,96.92,0,7.5,grade_11,yes,no,NOT_ELIGIBLE
86.4,22602.89,9,84.83,0,3.55,grade_12,no,no,NOT_ELIGIBLE
84.01,16438.8,7,91.0,0,6.75,grade_10,no,no,NOT_ELIGIBLE
93.47,18156.82,6,81.72,1,31.97,grade_11,no,yes,NOT_ELIGIBLE
89.11,25330.02,6,79.6,0,1.6,grade_10,no,no,NOT_ELIGIBLE
86.8,11296.08,10,89.69,1,2.51,grade_11,no,no,NOT_ELIGIBLE
93.92,28084.67,5,95.01,1,2.33,grade_7,no,no,NOT_ELIGIBLE
88.61,16047.56,9,100.0,1,7.22,grade_8,yes,no,NOT_ELIGIBLE
99.68,97019.57,3,82.64,2,5.5,grade_7,yes,no,NOT_ELIGIBLE
88.53,69634.54,5,99.0,1,8.88,grade_10,no,no,NOT_ELIGIBLE
78.6,73074.17,4,91.62,1,3.4,grade_8,yes,no,NOT_ELIGIBLE
83.78,3379.11,4,86.99,1,25.93,grade_7,no,yes,NOT_ELIGIBLE
93.59,75278.15,6,97.23,0,23.6,grade_12,no,yes,NOT_ELIGIBLE
79.34,74602.99,4,90.99,1,3.46,grade_8,yes,no,NOT_ELIGIBLE
81.4,79897.18,2,88.99,0,21.5,grade_9,yes,no,NOT_ELIGIBLE
77.79,37419.87,6,87.48,0,13.64,grade_12,no,no,NOT_ELIGIBLE
91.66,28213.89,10,91.18,0,34.16,grade_11,no,no,NOT_ELIGIBLE
79.57,41827.98,2,90.88,2,13.58,grade_12,yes,no,NOT_ELIGIBLE
88.09,30336.56,9,99.8,0,16.54,grade_9,no,no,NOT_ELIGIBLE
91.08,42672.24,3,91.02,1,34.62,grade_11,yes,no,NOT_ELIGIBLE
85.07,41386.68,10,99.6,1,16.75,grade_8,no,no,NOT_ELIGIBLE
86.77,54174.06,3,92.23,0,46.44,grade_7,no,no,NOT_ELIGIBLE
80.81,74953.67,5,94.42,0,21.16,grade_10,yes,no,NOT_ELIGIBLE
88.28,28515.83,9,99.38,0,14.15,grade_9,no,no,NOT_ELIGIBLE
86.73,23106.51,2,100.0,1,36.61,grade_12,no,no,NOT_ELIGIBLE
92.58,11569.11,6,93.2,1,7.73,grade_7,yes,no,NOT_ELIGIBLE
77.41,37022.25,8,84.26,0,4.14,grade_10,yes,no,NOT_ELIGIBLE
97.31,62448.15,4,87.49,1,26.88,grade_7,no,yes,NOT_ELIGIBLE
95.72,68904.4,9,88.99,0,7.25,grade_7,yes,no,NOT_ELIGIBLE
93.08,51025.07,3,100.0,0,14.77,grade_8,yes,no,NOT_ELIGIBLE
83.56,17284.0,7,91.25,0,8.73,grade_10,no,no,NOT_ELIGIBLE
85.27,54192.78,2,95.6,0,9.69,grade_8,no,no,NOT_ELIGIBLE
86.47,21672.99,8,90.41,0,16.29,grade_9,yes,yes,NOT_ELIGIBLE
89.26,25279.63,2,90.03,2,17.99,grade_10,no,no,NOT_ELIGIBLE
93.26,14090.46,6,81.49,1,32.72,grade_11,no,yes,NOT_ELIGIBLE
95.75,78676.09,8,90.23,0,1.41,grade_8,no,no,NOT_ELIGIBLE
90.94,38490.1,2,77.93,2,23.62,grade_11,yes,no,NOT_ELIGIBLE
91.29,44356.1,3,90.2,1,36.22,grade_11,yes,no,NOT_ELIGIBLE
92.24,16065.43,6,95.23,0,10.81,grade_8,yes,no,NOT_ELIGIBLE
90.41,40771.12,9,93.86,0,12.89,grade_10,no,yes,NOT_ELIGIBLE
98.16,16907.43,9,96.77,1,8.54,grade_9,yes,no,NOT_ELIGIBLE
92.93,7348.26,9,99.35,0,19.47,grade_11,yes,no,NOT_ELIGIBLE
87.75,49665.49,3,85.31,1,17.17,grade_11,no,no,NOT_ELIGIBLE
91.04,27108.72,5,91.63,0,8.98,grade_11,no,no,NOT_ELIGIBLE
92.46,40100.58,2,79.78,0,76.44,grade_11,no,no,NOT_ELIGIBLE
93.01,14468.66,6,82.3,1,33.24,grade_11,no,yes,NOT_ELIGIBLE
91.18,5584.93,3,90.13,3,29.6,grade_9,no,yes,NOT_ELIGIBLE
95.41,10976.91,7,89.52,1,20.81,grade_9,yes,no,NOT_ELIGIBLE
86.05,85140.7,4,88.32,0,9.07,grade_8,yes,no,NOT_ELIGIBLE
96.03,36996.79,7,86.87,0,4.08,grade_12,no,yes,NOT_ELIGIBLE
90.19,35194.01,9,93.97,0,13.16,grade_10,no,yes,NOT_ELIGIBLE
88.85,14331.93,9,99.95,1,8.43,grade_8,yes,no,NOT_ELIGIBLE
80.88,32877.05,9,99.9,0,8.86,grade_7,no,yes,NOT_ELIGIBLE
91.75,28295.37,10,91.0,0,33.9,grade_11,no,no,NOT_ELIGIBLE
76.71,40175.05,8,84.67,0,2.75,grade_10,yes,no,NOT_ELIGIBLE
85.11,34438.97,5,92.86,0,13.18,grade_8,no,yes,NOT_ELIGIBLE
93.28,23849.74,5,94.88,1,3.3,grade_7,no,no,NOT_ELIGIBLE
95.84,80085.38,8,91.32,0,3.54,grade_8,no,no,NOT_ELIGIBLE
86.46,23159.94,2,100.0,1,36.42,grade_12,no,no,NOT_ELIGIBLE
81.58,7473.46,9,95.61,0,27.75,grade_10,no,no,NOT_ELIGIBLE
86.79,43292.67,10,90.64,1,6.54,grade_7,no,yes,NOT_ELIGIBLE
78.94,29355.66,2,84.93,2,20.44,grade_11,no,no,NOT_ELIGIBLE
89.39,101151.91,7,100.0,1,38.84,grade_9,no,yes,NOT_ELIGIBLE
77.36,35931.97,8,84.71,0,2.73,grade_10,yes,no,NOT_ELIGIBLE
96.28,36076.31,7,86.48,0,4.81,grade_12,no,yes,NOT_ELIGIBLE
86.12,30104.08,3,90.93,0,32.58,grade_9,no,no,NOT_ELIGIBLE
92.85,15861.89,5,95.37,0,17.75,grade_8,yes,no,NOT_ELIGIBLE
85.29,16345.56,8,94.57,1,17.97,grade_8,no,no,NOT_ELIGIBLE
89.05,104088.68,7,99.47,1,38.25,grade_9,no,yes,NOT_ELIGIBLE
87.62,36698.72,5,99.42,0,21.96,grade_11,yes,no,NOT_ELIGIBLE
89.25,26216.79,5,87.84,1,20.41,grade_8,no,no,NOT_ELIGIBLE
81.65,34243.69,2,99.37,1,8.63,grade_9,yes,no,NOT_ELIGIBLE
96.63,11071.43,10,98.85,0,5.64,grade_8,yes,no,NOT_ELIGIBLE
91.87,50971.51,3,98.88,0,13.55,grade_8,yes,no,NOT_ELIGIBLE
95.73,18053.67,10,100.0,1,1.3,grade_7,no,no,NOT_ELIGIBLE
96.12,33802.28,4,87.1,3,58.07,grade_8,no,yes,NOT_ELIGIBLE
90.0,26286.93,2,89.71,2,19.79,grade_10,no,no,NOT_ELIGIBLE
90.63,72608.37,6,87.9,0,22.52,grade_8,yes,no,NOT_ELIGIBLE
80.62,74366.58,5,95.63,0,20.71,grade_10,yes,no,NOT_ELIGIBLE
83.88,43807.8,3,94.28,1,11.93,grade_9,no,no,NOT_ELIGIBLE
90.53,69528.92,3,90.28,0,4.14,grade_7,no,yes,NOT_ELIGIBLE
97.68,24991.81,2,100.0,2,16.36,grade_11,yes,no,NOT_ELIGIBLE
97.41,20269.92,9,96.97,1,7.96,grade_9,yes,no,NOT_ELIGIBLE
92.18,49753.44,3,99.06,0,14.37,grade_8,yes,no,NOT_ELIGIBLE
86.47,83114.72,4,87.88,0,8.76,grade_8,yes,no,NOT_ELIGIBLE
98.11,14174.93,9,99.28,0,6.5,grade_12,no,no,NOT_ELIGIBLE
90.48,38598.66,5,98.14,2,18.73,grade_12,no,yes,NOT_ELIGIBLE
94.44,32196.36,4,86.63,2,6.76,grade_9,no,no,NOT_ELIGIBLE
83.01,60785.4,8,86.59,0,9.89,grade_8,no,no,NOT_ELIGIBLE
95.17,37523.33,5,94.16,0,42.79,grade_7,no,no,NOT_ELIGIBLE
91.22,60319.96,7,82.89,1,27.83,grade_7,no,no,NOT_ELIGIBLE
91.25,16701.93,6,95.46,0,13.9,grade_8,yes,no,NOT_ELIGIBLE
86.91,32183.39,7,95.81,1,31.31,grade_12,no,no,NOT_ELIGIBLE
80.03,17188.94,8,92.95,0,21.49,grade_8,no,no,NOT_ELIGIBLE
94.78,48887.22,9,90.66,1,39.35,grade_9,no,no,NOT_ELIGIBLE
90.17,30487.7,10,94.26,0,14.78,grade_8,yes,yes,NOT_ELIGIBLE
97.35,15663.04,9,99.69,0,6.16,grade_12,no,no,NOT_ELIGIBLE
88.51,27264.95,9,100.0,0,14.99,grade_9,no,no,NOT_ELIGIBLE
93.05,62784.99,5,92.94,1,17.6,grade_7,no,yes,NOT_ELIGIBLE
84.93,13793.22,8,96.04,1,17.65,grade_8,no,no,NOT_ELIGIBLE
88.92,105411.08,7,100.0,1,38.86,grade_9,no,yes,NOT_ELIGIBLE
92.25,76715.96,7,99.68,1,14.85,grade_8,no,yes,NOT_ELIGIBLE
93.99,29452.5,6,93.93,0,16.16,grade_9,yes,yes,NOT_ELIGIBLE
89.05,24889.68,5,86.91,1,18.44,grade_8,no,no,NOT_ELIGIBLE
83.93,4103.0,4,87.6,1,27.24,grade_7,no,yes,NOT_ELIGIBLE
87.16,53583.84,3,92.4,0,46.58,grade_7,no,no,NOT_ELIGIBLE
83.62,17134.65,7,89.65,0,6.82,grade_10,no,no,NOT_ELIGIBLE
78.44,39287.28,2,89.07,0,11.07,grade_9,no,no,NOT_ELIGIBLE
88.17,32132.33,7,96.15,1,30.77,grade_12,no,no,NOT_ELIGIBLE
89.68,29106.6,10,94.2,0,15.51,grade_8,yes,yes,NOT_ELIGIBLE
80.96,20967.57,6,95.96,2,20.7,grade_8,no,no,NOT_ELIGIBLE
96.91,26825.88,2,100.0,2,14.1,grade_11,yes,no,NOT_ELIGIBLE
88.78,22087.7,6,80.25,0,2.74,grade_10,no,no,NOT_ELIGIBLE
93.02,39790.39,2,81.03,0,76.13,grade_11,no,no,NOT_ELIGIBLE
93.08,64562.68,5,92.63,1,16.13,grade_7,no,yes,NOT_ELIGIBLE
93.45,41108.97,4,93.05,1,7.09,grade_11,yes,no,NOT_ELIGIBLE
92.52,43984.72,9,100.0,0,9.58,grade_8,no,no,NOT_ELIGIBLE
86.29,38363.07,10,90.91,1,8.05,grade_7,no,yes,NOT_ELIGIBLE
93.57,49963.59,9,90.82,1,37.7,grade_9,no,no,NOT_ELIGIBLE
81.2,93888.45,6,87.69,1,20.89,grade_12,yes,no,NOT_ELIGIBLE
93.5,26565.33,7,85.03,1,1.1,grade_9,no,no,NOT_ELIGIBLE
98.48,30137.68,4,99.12,1,5.74,grade_12,yes,yes,NOT_ELIGIBLE
89.64,20390.97,8,98.1,0,19.33,grade_7,yes,no,NOT_ELIGIBLE
91.77,67927.33,3,90.17,0,6.27,grade_7,no,yes,NOT_ELIGIBLE
83.32,107065.43,3,97.46,1,0.0,grade_12,yes,no,NOT_ELIGIBLE
96.31,11407.14,7,90.0,1,19.38,grade_9,yes,no,NOT_ELIGIBLE
82.44,21668.76,3,93.28,1,3.26,grade_7,no,no,NOT_ELIGIBLE
88.79,26986.98,5,88.5,1,20.19,grade_8,no,no,NOT_ELIGIBLE
94.69,14446.71,5,80.67,1,26.82,grade_8,no,yes,NOT_ELIGIBLE
82.18,8978.01,5,98.7,0,14.81,grade_9,no,no,NOT_ELIGIBLE
99.16,47989.55,10,100.0,0,8.09,grade_12,no,no,NOT_ELIGIBLE
84.23,42944.61,3,94.08,1,12.91,grade_9,no,no,NOT_ELIGIBLE
78.13,37856.51,7,87.73,0,15.15,grade_12,no,no,NOT_ELIGIBLE
88.37,9504.05,5,95.12,1,11.9,grade_12,no,no,NOT_ELIGIBLE
92.38,18481.36,6,95.13,0,12.34,grade_8,yes,no,NOT_ELIGIBLE
95.03,18156.99,5,81.35,1,25.5,grade_8,no,yes,NOT_ELIGIBLE
82.0,91584.56,6,88.09,1,21.44,grade_12,yes,no,NOT_ELIGIBLE
81.6,29600.41,2,98.59,0,27.61,grade_11,no,no,NOT_ELIGIBLE
92.63,49916.9,9,99.14,0,8.66,grade_8,no,no,NOT_ELIGIBLE
86.25,40381.96,10,90.91,1,6.5,grade_7,no,yes,NOT_ELIGIBLE
96.49,35501.34,7,86.5,0,4.51,grade_12,no,yes,NOT_ELIGIBLE
77.22,36430.8,7,87.35,0,13.34,grade_12,no,no,NOT_ELIGIBLE
87.1,20277.68,8,90.47,0,18.46,grade_9,yes,yes,NOT_ELIGIBLE
80.8,73501.3,5,94.94,0,18.94,grade_10,yes,no,NOT_ELIGIBLE
78.81,27992.91,2,85.1,2,20.54,grade_11,no,no,NOT_ELIGIBLE
79.6,33813.81,7,96.62,0,14.68,grade_8,yes,no,NOT_ELIGIBLE
92.76,64192.25,5,92.75,1,15.24,grade_7,no,yes,NOT_ELIGIBLE
85.74,44763.55,3,92.85,0,4.83,grade_11,yes,yes,NOT_ELIGIBLE
81.18,47025.92,10,82.75,2,12.63,grade_8,yes,no,NOT_ELIGIBLE
91.09,37905.82,3,92.95,1,18.36,grade_7,no,no,NOT_ELIGIBLE
86.48,22136.36,2,99.87,1,37.37,grade_12,no,no,NOT_ELIGIBLE
93.05,10531.15,9,97.99,0,19.35,grade_11,yes,no,NOT_ELIGIBLE
88.89,30931.87,2,95.99,0,8.06,grade_11,no,no,NOT_ELIGIBLE
99.33,49342.4,10,99.55,0,7.96,grade_12,no,no,NOT_ELIGIBLE
97.48,19898.74,9,97.04,1,7.93,grade_9,yes,no,NOT_ELIGIBLE
97.35,23471.51,9,96.57,1,9.54,grade_9,yes,no,NOT_ELIGIBLE
82.41,60001.42,7,87.96,0,10.8,grade_8,no,no,NOT_ELIGIBLE
96.65,35994.16,7,87.11,0,5.68,grade_12,no,yes,NOT_ELIGIBLE
86.0,19024.43,7,98.21,2,29.59,grade_7,no,no,NOT_ELIGIBLE
82.8,106375.93,3,97.6,1,0.0,grade_12,yes,no,NOT_ELIGIBLE
93.56,13032.94,6,82.0,1,31.42,grade_11,no,yes,NOT_ELIGIBLE
79.45,14635.48,8,93.59,0,23.86,grade_8,no,no,NOT_ELIGIBLE
86.91,35070.78,5,98.49,0,20.52,grade_11,yes,no,NOT_ELIGIBLE
92.18,53325.21,3,99.33,0,12.76,grade_8,yes,no,NOT_ELIGIBLE
97.28,19102.19,9,97.03,1,7.99,grade_9,yes,no,NOT_ELIGIBLE
85.92,13829.06,5,94.59,0,1.43,grade_9,no,no,NOT_ELIGIBLE
98.24,57865.94,10,88.03,0,35.97,grade_12,no,no,NOT_ELIGIBLE
94.12,33651.27,4,86.88,2,7.05,grade_9,no,no,NOT_ELIGIBLE
90.7,5937.37,3,89.69,3,28.38,grade_9,no,yes,NOT_ELIGIBLE
91.75,66603.55,3,90.39,0,3.63,grade_7,no,yes,NOT_ELIGIBLE
80.01,11978.6,8,93.68,0,23.81,grade_8,no,no,NOT_ELIGIBLE
85.98,44844.34,4,78.18,2,12.88,grade_10,yes,no,NOT_ELIGIBLE
94.62,20143.42,5,92.29,1,7.79,grade_10,yes,no,NOT_ELIGIBLE
83.99,25067.59,3,92.24,0,5.11,grade_12,no,no,NOT_ELIGIBLE
92.86,24954.18,2,89.35,2,13.09,grade_7,no,yes,NOT_ELIGIBLE
94.62,21908.65,5,81.65,1,26.37,grade_8,no,yes,NOT_ELIGIBLE
84.16,18002.41,9,97.95,1,6.92,grade_11,no,no,NOT_ELIGIBLE
97.33,60849.02,6,84.15,0,4.21,grade_12,no,no,NOT_ELIGIBLE
80.72,74240.15,5,95.75,0,20.88,grade_10,yes,no,NOT_ELIGIBLE
87.98,120288.11,10,92.52,0,33.12,grade_11,yes,no,NOT_ELIGIBLE
79.71,70904.85,4,91.34,1,2.96,grade_8,yes,no,NOT_ELIGIBLE
87.2,13684.01,5,94.98,1,11.26,grade_12,no,no,NOT_ELIGIBLE
96.7,32966.13,4,86.57,3,55.66,grade_8,no,yes,NOT_ELIGIBLE
93.63,76935.75,6,97.55,0,24.17,grade_12,no,yes,NOT_ELIGIBLE
87.21,122240.64,10,93.53,0,31.29,grade_11,yes,no,NOT_ELIGIBLE
93.56,23609.95,7,84.85,1,1.68,grade_9,no,no,NOT_ELIGIBLE
83.92,53517.01,2,95.69,0,10.3,grade_8,no,no,NOT_ELIGIBLE
96.64,32968.62,7,86.75,0,4.0,grade_12,no,yes,NOT_ELIGIBLE
94.62,18746.16,5,91.82,1,7.93,grade_10,yes,no,NOT_ELIGIBLE
93.21,42393.76,2,80.8,0,74.13,grade_11,no,no,NOT_ELIGIBLE
85.51,46768.32,2,92.37,1,14.22,grade_8,yes,no,NOT_ELIGIBLE
84.22,19838.94,9,97.55,1,6.25,grade_11,no,no,NOT_ELIGIBLE
91.74,31489.0,5,91.1,0,11.19,grade_11,no,no,NOT_ELIGIBLE
91.04,42402.5,3,90.35,1,36.73,grade_11,yes,no,NOT_ELIGIBLE
84.99,11468.36,2,93.1,1,23.37,grade_12,no,no,NOT_ELIGIBLE
81.72,36150.68,4,91.61,1,16.56,grade_12,yes,no,NOT_ELIGIBLE
81.49,33427.3,10,99.61,0,12.43,grade_7,no,yes,NOT_ELIGIBLE
93.57,21780.82,7,84.64,1,2.81,grade_9,no,no,NOT_ELIGIBLE
86.16,83081.99,4,87.3,0,7.62,grade_8,yes,no,NOT_ELIGIBLE
95.59,69070.87,9,88.93,0,7.37,grade_7,yes,no,NOT_ELIGIBLE
86.1,121338.73,10,92.06,0,31.48,grade_11,yes,no,NOT_ELIGIBLE
86.72,27633.99,3,93.57,0,15.84,grade_9,no,no,NOT_ELIGIBLE
93.89,42050.9,2,81.23,0,74.13,grade_11,no,no,NOT_ELIGIBLE
96.57,81433.45,8,91.17,0,2.93,grade_8,no,no,NOT_ELIGIBLE
87.65,25728.81,5,88.23,1,43.35,grade_9,no,no,NOT_ELIGIBLE
90.24,5577.98,10,91.94,0,7.1,grade_8,yes,no,NOT_ELIGIBLE
96.48,35619.99,7,86.65,0,5.79,grade_12,no,yes,NOT_ELIGIBLE
86.95,28778.07,3,90.59,0,33.7,grade_9,no,no,NOT_ELIGIBLE
98.85,28060.45,4,98.28,1,6.59,grade_12,yes,yes,NOT_ELIGIBLE
78.87,19917.44,6,94.91,2,16.59,grade_8,no,no,NOT_ELIGIBLE
91.48,32056.38,10,91.18,0,35.99,grade_11,no,no,NOT_ELIGIBLE
90.96,44344.07,8,89.29,0,17.43,grade_10,yes,no,NOT_ELIGIBLE
93.77,74065.4,6,97.23,0,22.63,grade_12,no,yes,NOT_ELIGIBLE
84.51,30036.85,3,92.17,0,3.34,grade_12,no,no,NOT_ELIGIBLE
88.19,73476.32,3,88.19,1,2.24,grade_10,yes,no,NOT_ELIGIBLE
92.83,14994.02,6,95.53,0,11.37,grade_8,yes,no,NOT_ELIGIBLE
87.51,57846.72,3,92.06,0,43.65,grade_7,no,no,NOT_ELIGIBLE
87.2,50324.39,3,85.53,1,18.92,grade_11,no,no,NOT_ELIGIBLE
93.1,25358.24,2,88.66,2,13.17,grade_7,no,yes,NOT_ELIGIBLE
90.32,45214.87,8,89.12,0,15.23,grade_10,yes,no,NOT_ELIGIBLE
85.33,13707.13,2,93.59,1,24.82,grade_12,no,no,NOT_ELIGIBLE
78.27,30166.45,1,84.53,2,19.94,grade_11,no,no,NOT_ELIGIBLE
97.25,25696.43,2,100.0,2,15.85,grade_11,yes,no,NOT_ELIGIBLE
85.03,41177.12,3,93.88,0,5.98,grade_11,yes,yes,NOT_ELIGIBLE
97.92,41474.97,2,99.81,0,1.23,grade_9,yes,yes,ELIGIBLE
91.42,47134.62,10,95.66,0,17.46,grade_10,yes,yes,ELIGIBLE
94.52,15579.12,7,93.73,0,11.09,grade_9,yes,no,ELIGIBLE
98.52,13293.04,5,98.4,0,11.73,grade_7,yes,no,ELIGIBLE
90.09,49507.42,10,94.5,0,8.3,grade_8,yes,no,ELIGIBLE
95.28,40083.36,6,82.93,0,15.39,grade_7,yes,no,ELIGIBLE
90.97,21996.24,6,86.34,1,21.34,grade_7,yes,no,ELIGIBLE
82.92,17035.18,3,92.08,0,11.17,grade_11,yes,no,ELIGIBLE
92.5,11560.11,7,81.51,1,2.4,grade_12,yes,no,ELIGIBLE
94.75,28854.03,4,91.69,1,6.56,grade_8,yes,yes,ELIGIBLE
94.1,39489.8,10,95.46,0,43.81,grade_9,yes,no,ELIGIBLE
93.01,15180.62,3,90.54,0,36.55,grade_12,yes,no,ELIGIBLE
90.47,19659.55,2,85.16,0,22.55,grade_9,yes,no,ELIGIBLE
95.36,17158.86,2,92.75,0,16.21,grade_7,yes,yes,ELIGIBLE
87.0,17719.64,7,100.0,0,39.8,grade_8,yes,no,ELIGIBLE
96.67,21052.69,10,82.76,0,4.49,grade_11,yes,yes,ELIGIBLE
85.86,19511.8,7,99.3,0,24.6,grade_10,yes,yes,ELIGIBLE
98.39,20836.94,4,93.09,1,16.13,grade_10,yes,no,ELIGIBLE
93.83,110149.47,8,97.4,0,36.16,grade_8,yes,no,ELIGIBLE
92.57,25061.58,8,95.79,1,21.78,grade_12,yes,no,ELIGIBLE
90.65,21979.46,7,92.95,0,56.0,grade_8,yes,no,ELIGIBLE
92.01,22238.88,5,93.63,0,19.97,grade_7,yes,yes,ELIGIBLE
90.81,47032.71,8,93.01,0,9.94,grade_10,yes,no,ELIGIBLE
96.42,35353.08,6,93.37,0,23.7,grade_12,yes,no,ELIGIBLE
87.35,15754.63,4,94.38,1,13.15,grade_10,yes,no,ELIGIBLE
94.54,81707.12,10,96.33,0,21.26,grade_11,yes,yes,ELIGIBLE
90.62,15666.9,8,96.64,1,28.69,grade_8,yes,no,ELIGIBLE
89.58,11688.98,6,93.99,2,10.0,grade_8,yes,no,ELIGIBLE
88.79,12070.64,9,94.81,0,31.19,grade_12,yes,no,ELIGIBLE
97.05,68587.03,8,98.24,0,6.7,grade_12,yes,no,ELIGIBLE
85.74,23027.28,10,95.23,0,6.04,grade_11,yes,yes,ELIGIBLE
89.0,64613.33,2,93.29,0,20.46,grade_9,yes,no,ELIGIBLE
93.87,32280.39,8,95.81,0,0.96,grade_11,yes,yes,ELIGIBLE
85.16,31167.93,10,98.14,0,50.31,grade_10,yes,yes,ELIGIBLE
94.84,21192.43,8,89.97,1,5.95,grade_9,yes,no,ELIGIBLE
88.64,18471.8,7,91.09,2,17.95,grade_9,yes,no,ELIGIBLE
90.28,23277.95,6,90.8,1,35.41,grade_8,yes,no,ELIGIBLE
84.36,38828.74,7,100.0,0,31.86,grade_8,yes,no,ELIGIBLE
91.23,12408.89,6,90.9,1,9.23,grade_10,yes,yes,ELIGIBLE
93.76,39749.69,7,94.49,0,0.0,grade_11,yes,no,ELIGIBLE
92.76,21728.32,5,95.87,1,14.59,grade_9,yes,no,ELIGIBLE
97.07,14740.48,3,89.05,1,4.84,grade_7,yes,no,ELIGIBLE
96.21,26319.97,9,85.92,0,32.69,grade_9,yes,yes,ELIGIBLE
89.55,18321.88,2,88.14,0,6.02,grade_7,yes,no,ELIGIBLE
86.14,51257.22,4,99.5,0,39.7,grade_10,yes,yes,ELIGIBLE
93.98,21832.1,3,85.45,0,10.72,grade_11,yes,no,ELIGIBLE
97.17,20855.31,5,84.28,0,15.52,grade_10,yes,no,ELIGIBLE
89.28,57253.89,9,91.48,0,29.62,grade_11,yes,yes,ELIGIBLE
89.38,55426.54,3,96.6,0,35.57,grade_10,yes,no,ELIGIBLE
93.06,31829.44,9,98.3,2,4.96,grade_9,yes,no,ELIGIBLE
85.0,14283.31,3,99.98,0,17.48,grade_12,yes,no,ELIGIBLE
92.55,9190.86,5,97.08,0,7.41,grade_12,yes,no,ELIGIBLE
90.02,63856.15,2,93.7,0,21.59,grade_9,yes,no,ELIGIBLE
92.13,14487.6,10,88.31,1,7.71,grade_11,yes,no,ELIGIBLE
94.57,21824.48,6,87.04,1,24.18,grade_12,yes,no,ELIGIBLE
90.41,20303.66,7,93.3,0,54.21,grade_8,yes,no,ELIGIBLE
90.29,31963.29,5,98.59,1,26.23,grade_11,yes,yes,ELIGIBLE
96.79,44198.56,4,92.18,0,7.49,grade_7,yes,no,ELIGIBLE
88.63,24560.35,5,88.21,0,8.97,grade_8,yes,no,ELIGIBLE
94.07,63176.07,6,94.54,0,3.96,grade_11,yes,no,ELIGIBLE
89.72,46821.54,7,97.86,0,32.51,grade_8,yes,no,ELIGIBLE
93.23,15668.62,7,99.94,0,16.54,grade_7,yes,no,ELIGIBLE
81.69,7267.19,7,91.37,0,15.35,grade_8,yes,no,ELIGIBLE
83.34,122576.22,4,95.9,0,1.91,grade_10,no,no,ELIGIBLE
96.71,13863.17,4,89.08,0,31.7,grade_9,yes,no,ELIGIBLE
98.47,47193.03,4,82.32,0,5.29,grade_11,yes,yes,ELIGIBLE
84.49,64311.25,2,98.03,0,24.45,grade_12,no,no,ELIGIBLE
95.8,12247.25,2,88.06,1,38.91,grade_7,yes,yes,ELIGIBLE
88.76,22113.14,6,100.0,0,7.49,grade_7,yes,yes,ELIGIBLE
99.18,22386.36,3,87.34,1,54.82,grade_10,yes,no,ELIGIBLE
91.99,14973.21,6,86.86,0,20.29,grade_8,yes,yes,ELIGIBLE
86.74,18059.74,4,97.25,1,30.27,grade_11,yes,no,ELIGIBLE
82.02,19805.2,10,97.34,0,27.36,grade_7,yes,no,ELIGIBLE
96.21,22374.65,2,83.49,2,22.5,grade_10,yes,no,ELIGIBLE
85.72,42731.87,6,91.57,0,22.1,grade_8,yes,no,ELIGIBLE
87.0,15968.15,9,90.43,0,10.07,grade_11,yes,no,ELIGIBLE
85.64,25868.36,5,97.37,1,31.15,grade_11,yes,no,ELIGIBLE
93.76,30878.66,7,89.18,0,7.7,grade_7,yes,no,ELIGIBLE
96.73,16562.23,10,100.0,0,5.79,grade_8,yes,no,ELIGIBLE
94.34,10256.32,7,90.92,0,10.95,grade_11,yes,no,ELIGIBLE
84.87,25275.86,3,90.83,0,20.33,grade_8,yes,no,ELIGIBLE
99.23,24476.42,3,87.62,1,54.02,grade_10,yes,no,ELIGIBLE
87.09,31958.06,6,87.31,0,22.01,grade_11,yes,no,ELIGIBLE
96.24,3480.89,10,94.91,0,30.97,grade_8,yes,no,ELIGIBLE
95.92,29337.76,10,93.5,1,3.91,grade_8,yes,no,ELIGIBLE
87.52,25228.1,2,91.73,0,18.08,grade_11,yes,no,ELIGIBLE
87.8,18997.21,5,96.4,2,4.07,grade_10,yes,yes,ELIGIBLE
93.97,55156.0,9,96.81,0,20.94,grade_8,yes,no,ELIGIBLE
79.87,14690.29,8,100.0,0,7.4,grade_8,yes,no,ELIGIBLE
88.7,15014.58,6,83.17,0,33.56,grade_8,yes,no,ELIGIBLE
90.2,52600.9,9,92.28,0,30.26,grade_11,yes,yes,ELIGIBLE
82.5,21778.97,9,99.69,0,9.96,grade_8,yes,no,ELIGIBLE
92.06,21488.09,5,99.06,0,35.88,grade_12,yes,no,ELIGIBLE
85.82,28305.76,9,97.05,1,30.62,grade_11,yes,no,ELIGIBLE
86.3,27587.6,3,89.69,0,39.58,grade_9,yes,no,ELIGIBLE
92.78,26733.79,2,85.59,0,23.49,grade_9,yes,yes,ELIGIBLE
88.72,56075.03,3,96.25,0,35.01,grade_10,yes,no,ELIGIBLE
97.3,24361.26,5,87.34,1,16.27,grade_8,yes,yes,ELIGIBLE
97.78,6325.69,4,81.79,0,7.05,grade_8,yes,no,ELIGIBLE
84.73,24461.89,2,92.51,0,10.86,grade_8,yes,yes,ELIGIBLE
97.67,21720.48,10,82.75,0,4.27,grade_11,yes,yes,ELIGIBLE
87.64,16518.21,2,89.29,0,13.78,grade_7,yes,no,ELIGIBLE
88.43,26640.88,2,85.68,0,35.49,grade_10,yes,no,ELIGIBLE
93.56,45370.07,9,91.83,1,69.3,grade_9,yes,no,ELIGIBLE
85.34,9415.51,6,100.0,0,8.13,grade_10,yes,yes,ELIGIBLE
90.01,12446.59,6,91.68,1,16.37,grade_12,yes,no,ELIGIBLE
96.51,51190.33,10,88.25,0,25.54,grade_8,yes,no,ELIGIBLE
88.54,26351.89,3,98.56,1,21.0,grade_8,yes,no,ELIGIBLE
86.14,14410.42,9,96.25,0,21.86,grade_11,yes,no,ELIGIBLE
98.93,42356.46,6,100.0,0,5.62,grade_7,yes,no,ELIGIBLE
87.73,29966.36,4,90.39,0,24.11,grade_9,yes,no,ELIGIBLE
88.61,24792.17,2,91.07,1,4.2,grade_7,yes,no,ELIGIBLE
93.88,16488.65,2,86.18,1,18.7,grade_12,yes,no,ELIGIBLE
94.58,69738.61,10,88.96,0,8.35,grade_10,yes,no,ELIGIBLE
90.28,13031.48,5,89.02,0,13.39,grade_9,yes,no,ELIGIBLE
93.9,28269.13,4,86.39,1,10.23,grade_8,yes,yes,ELIGIBLE
87.17,27715.81,10,90.79,1,13.05,grade_9,yes,no,ELIGIBLE
95.09,44652.93,3,95.1,0,14.96,grade_9,yes,yes,ELIGIBLE
88.26,13133.22,6,87.39,1,4.22,grade_7,yes,no,ELIGIBLE
92.19,11610.63,10,88.46,0,20.44,grade_11,yes,no,ELIGIBLE
96.04,18676.95,3,93.55,0,3.35,grade_11,yes,no,ELIGIBLE
94.62,13974.9,10,100.0,0,2.88,grade_7,yes,no,ELIGIBLE
92.81,9281.05,7,82.03,1,5.54,grade_12,yes,no,ELIGIBLE
84.04,27391.09,4,84.41,0,15.54,grade_11,yes,no,ELIGIBLE
99.4,19285.1,5,88.87,1,46.33,grade_11,yes,no,ELIGIBLE
83.48,22075.19,8,91.08,0,23.58,grade_10,yes,yes,ELIGIBLE
81.35,22923.96,9,98.71,0,8.61,grade_8,yes,no,ELIGIBLE
95.94,22637.94,4,92.72,2,17.93,grade_12,yes,no,ELIGIBLE
84.01,27292.72,7,100.0,1,10.31,grade_8,yes,no,ELIGIBLE
90.94,2908.42,5,87.37,0,13.42,grade_11,yes,no,ELIGIBLE
81.99,12541.65,7,93.59,0,7.87,grade_10,yes,no,ELIGIBLE
85.83,39055.09,10,92.09,0,37.18,grade_8,yes,no,ELIGIBLE
95.98,36670.76,2,83.37,0,8.51,grade_12,yes,no,ELIGIBLE
96.12,24391.37,10,96.59,1,2.12,grade_7,yes,no,ELIGIBLE
87.01,42409.4,9,87.69,1,28.68,grade_11,yes,no,ELIGIBLE
90.82,22650.78,3,85.0,1,11.8,grade_12,yes,no,ELIGIBLE
87.48,17655.97,2,91.6,0,14.27,grade_12,yes,no,ELIGIBLE
84.67,27686.36,2,92.43,0,7.29,grade_7,yes,yes,ELIGIBLE
90.23,23400.44,7,81.61,0,35.38,grade_12,yes,no,ELIGIBLE
97.37,16316.67,9,92.53,0,59.96,grade_9,yes,no,ELIGIBLE
98.23,6293.16,9,91.26,1,14.69,grade_8,yes,yes,ELIGIBLE
90.49,58748.11,6,96.11,0,60.65,grade_12,yes,yes,ELIGIBLE
97.22,17971.27,9,93.39,1,14.52,grade_7,yes,yes,ELIGIBLE
83.48,20058.8,3,98.88,0,9.25,grade_7,yes,yes,ELIGIBLE
94.08,37004.12,7,94.46,0,2.98,grade_11,yes,no,ELIGIBLE
91.74,13586.6,3,95.44,0,9.6,grade_8,yes,yes,ELIGIBLE
91.52,15417.38,3,95.07,0,9.07,grade_8,yes,yes,ELIGIBLE
93.37,27752.17,7,97.78,0,22.59,grade_12,yes,yes,ELIGIBLE
97.85,20889.18,5,86.43,0,20.28,grade_8,yes,no,ELIGIBLE
87.69,56346.04,6,83.7,0,12.58,grade_12,yes,no,ELIGIBLE
91.89,12220.73,3,92.48,1,31.75,grade_8,yes,yes,ELIGIBLE
92.01,27444.06,5,93.27,0,20.46,grade_7,yes,yes,ELIGIBLE
99.29,23335.59,3,90.81,1,16.14,grade_7,yes,yes,ELIGIBLE
91.56,69858.76,6,98.75,1,12.7,grade_7,yes,no,ELIGIBLE
87.74,32882.56,2,94.0,0,5.85,grade_11,yes,no,ELIGIBLE
85.19,22201.27,7,91.38,0,11.31,grade_8,yes,no,ELIGIBLE
90.1,15178.6,6,99.39,0,6.73,grade_11,yes,yes,ELIGIBLE
92.56,23170.0,10,83.76,1,11.84,grade_7,yes,no,ELIGIBLE
82.03,60533.9,9,100.0,0,22.63,grade_9,yes,yes,ELIGIBLE
89.26,13262.0,2,86.95,1,16.61,grade_7,yes,no,ELIGIBLE
84.8,23947.48,9,87.45,1,11.82,grade_8,yes,yes,ELIGIBLE
88.31,23660.59,5,95.1,1,26.43,grade_12,yes,no,ELIGIBLE
87.48,33015.21,2,95.1,0,4.68,grade_11,yes,no,ELIGIBLE
92.77,22952.46,3,92.48,0,30.01,grade_10,yes,no,ELIGIBLE
87.79,15458.7,9,97.57,0,3.65,grade_10,yes,yes,ELIGIBLE
95.83,34949.26,3,92.93,0,25.98,grade_10,yes,no,ELIGIBLE
85.62,13230.73,8,92.76,0,4.51,grade_9,yes,no,ELIGIBLE
91.72,21210.72,3,88.43,0,31.6,grade_12,yes,yes,ELIGIBLE
94.52,35670.92,3,95.99,1,37.22,grade_10,yes,no,ELIGIBLE
85.15,8988.66,6,100.0,0,8.09,grade_10,yes,yes,ELIGIBLE
92.11,31290.89,6,84.77,0,14.34,grade_7,yes,no,ELIGIBLE
96.41,48892.15,4,90.02,0,58.74,grade_8,yes,no,ELIGIBLE
92.99,32932.34,8,95.67,0,3.87,grade_11,yes,yes,ELIGIBLE
83.91,54429.04,6,99.21,0,22.23,grade_9,yes,no,ELIGIBLE
92.01,42125.25,3,99.89,0,5.59,grade_11,yes,yes,ELIGIBLE
94.45,17945.92,2,99.39,0,24.74,grade_8,yes,no,ELIGIBLE
83.51,30133.82,6,90.22,0,3.32,grade_8,yes,no,ELIGIBLE
85.52,20866.56,7,99.5,0,24.2,grade_10,yes,yes,ELIGIBLE
90.99,16076.28,3,88.96,0,32.49,grade_12,yes,yes,ELIGIBLE
86.28,27957.79,6,87.39,0,15.88,grade_9,yes,no,ELIGIBLE
88.49,22802.47,10,91.74,1,40.45,grade_10,yes,no,ELIGIBLE
81.53,21439.62,8,87.68,0,10.66,grade_8,yes,yes,ELIGIBLE
98.13,21185.71,10,82.9,0,7.03,grade_11,yes,yes,ELIGIBLE
90.09,13266.68,4,99.14,1,12.68,grade_8,yes,no,ELIGIBLE
90.29,54012.92,6,99.59,1,3.29,grade_10,yes,no,ELIGIBLE
94.93,23509.42,8,90.96,1,7.2,grade_9,yes,no,ELIGIBLE
90.29,13858.57,5,93.24,2,11.26,grade_7,yes,no,ELIGIBLE
85.41,30039.6,9,97.04,1,31.97,grade_11,yes,no,ELIGIBLE
82.67,12205.64,6,86.49,0,6.43,grade_11,yes,no,ELIGIBLE
91.29,65630.61,6,99.13,1,10.48,grade_7,yes,no,ELIGIBLE
92.34,29588.81,5,90.43,0,0.62,grade_11,yes,no,ELIGIBLE
87.78,28352.94,10,86.35,0,9.77,grade_11,yes,yes,ELIGIBLE
82.27,16642.58,5,98.04,0,7.56,grade_8,yes,no,ELIGIBLE
96.9,44541.54,4,91.78,0,5.46,grade_7,yes,no,ELIGIBLE
84.59,15467.64,10,92.77,0,6.76,grade_10,no,no,ELIGIBLE
98.6,41096.12,10,95.21,0,5.98,grade_7,yes,yes,ELIGIBLE
92.36,14460.37,7,81.88,1,7.17,grade_12,yes,no,ELIGIBLE
87.05,10573.45,3,99.06,2,20.44,grade_12,yes,yes,ELIGIBLE
81.76,13582.4,7,91.02,0,35.41,grade_8,yes,no,ELIGIBLE
98.29,24186.88,9,84.46,0,50.94,grade_9,yes,no,ELIGIBLE
94.85,7064.47,4,91.81,0,25.39,grade_11,yes,no,ELIGIBLE
94.5,19662.76,9,98.43,1,25.61,grade_7,yes,yes,ELIGIBLE
87.26,29384.98,9,100.0,0,10.96,grade_9,yes,no,ELIGIBLE
95.43,27179.36,7,99.53,0,7.25,grade_12,yes,no,ELIGIBLE
90.19,22952.65,6,86.8,1,19.58,grade_7,yes,no,ELIGIBLE
94.09,17989.45,5,92.54,0,11.1,grade_9,yes,no,ELIGIBLE
90.88,47334.2,5,85.8,1,21.85,grade_12,yes,no,ELIGIBLE
94.13,19603.21,7,83.11,0,6.78,grade_8,yes,no,ELIGIBLE
86.26,12753.24,6,86.6,0,7.45,grade_9,yes,no,ELIGIBLE
93.92,38801.25,8,98.91,0,2.93,grade_12,yes,no,ELIGIBLE
88.99,8930.96,5,90.31,0,4.9,grade_9,yes,yes,ELIGIBLE
87.98,12214.9,2,100.0,0,3.47,grade_10,yes,yes,ELIGIBLE
97.12,9688.13,2,96.58,0,12.04,grade_12,yes,no,ELIGIBLE
95.12,46109.55,5,100.0,0,27.62,grade_12,yes,no,ELIGIBLE
85.3,25973.74,10,93.26,0,26.22,grade_12,yes,no,ELIGIBLE
96.41,19501.3,7,89.05,0,11.3,grade_8,yes,no,ELIGIBLE
94.71,19839.7,7,87.38,0,12.22,grade_8,yes,no,ELIGIBLE
96.84,13571.45,3,89.33,1,6.13,grade_7,yes,no,ELIGIBLE
92.55,13942.82,10,94.31,0,5.79,grade_11,no,no,ELIGIBLE
84.18,39990.23,6,98.01,0,20.37,grade_12,yes,no,ELIGIBLE
91.33,14603.51,6,97.56,1,35.27,grade_9,yes,yes,ELIGIBLE
95.09,23808.01,3,92.27,1,14.86,grade_12,yes,no,ELIGIBLE
94.87,65630.67,10,89.36,0,10.73,grade_10,yes,no,ELIGIBLE
86.98,9282.77,8,88.79,1,8.45,grade_12,yes,no,ELIGIBLE
92.74,11503.94,10,95.34,1,23.85,grade_10,yes,no,ELIGIBLE
88.97,10768.87,9,94.46,0,32.48,grade_12,yes,no,ELIGIBLE
91.96,23484.68,3,91.97,0,19.14,grade_11,yes,no,ELIGIBLE
99.89,17953.47,2,94.02,1,21.74,grade_9,yes,no,ELIGIBLE
87.21,15270.53,9,97.93,0,5.0,grade_10,yes,yes,ELIGIBLE
92.59,42787.46,10,84.53,0,6.62,grade_9,yes,no,ELIGIBLE
95.23,25581.43,5,100.0,0,7.61,grade_8,yes,no,ELIGIBLE
94.07,51963.94,2,95.59,0,1.77,grade_9,yes,no,ELIGIBLE
88.6,21729.18,5,88.16,0,8.57,grade_8,yes,no,ELIGIBLE
95.77,43327.03,10,93.36,0,5.28,grade_10,yes,no,ELIGIBLE
84.07,21906.44,6,91.74,0,12.0,grade_12,yes,no,ELIGIBLE
97.01,24401.72,3,91.63,0,28.61,grade_10,yes,no,ELIGIBLE
90.61,49661.33,6,88.8,0,18.06,grade_9,yes,yes,ELIGIBLE
79.53,25255.4,5,99.63,0,25.26,grade_12,yes,yes,ELIGIBLE
91.72,17599.09,7,97.35,0,17.2,grade_9,yes,no,ELIGIBLE
92.68,39620.37,7,89.43,0,9.79,grade_8,yes,no,ELIGIBLE
93.84,18889.25,2,88.46,1,57.64,grade_12,yes,no,ELIGIBLE
90.39,5491.68,6,82.68,2,9.24,grade_11,yes,no,ELIGIBLE
89.68,25421.07,5,95.72,0,3.84,grade_9,yes,no,ELIGIBLE
95.5,44324.01,6,89.89,1,18.78,grade_8,yes,no,ELIGIBLE
84.67,31725.95,6,88.83,1,10.78,grade_8,yes,yes,ELIGIBLE
92.93,61969.73,2,92.71,1,22.13,grade_7,yes,no,ELIGIBLE
91.9,8055.1,5,97.4,0,7.29,grade_12,yes,no,ELIGIBLE
88.82,19135.74,9,92.83,0,27.4,grade_9,yes,no,ELIGIBLE
91.91,12135.36,3,93.57,1,31.15,grade_8,yes,yes,ELIGIBLE
93.96,26136.97,4,86.85,1,10.17,grade_8,yes,yes,ELIGIBLE
96.42,11672.56,5,96.23,0,9.8,grade_8,yes,yes,ELIGIBLE
91.53,52826.86,6,96.63,1,5.78,grade_10,yes,no,ELIGIBLE
96.44,20781.46,4,92.82,2,16.97,grade_12,yes,no,ELIGIBLE
94.36,39408.56,8,92.04,0,7.28,grade_11,yes,no,ELIGIBLE
94.11,26301.18,7,98.17,0,21.11,grade_12,yes,yes,ELIGIBLE
87.6,28877.06,10,89.61,1,10.51,grade_9,yes,no,ELIGIBLE
95.18,25491.53,2,100.0,1,32.54,grade_11,yes,no,ELIGIBLE
96.07,19271.24,4,95.21,1,60.55,grade_7,yes,no,ELIGIBLE
87.92,29407.17,9,99.75,0,9.02,grade_9,yes,no,ELIGIBLE
84.85,22833.64,8,90.48,0,31.3,grade_10,yes,no,ELIGIBLE
89.93,18789.22,3,87.64,1,15.47,grade_7,yes,no,ELIGIBLE
96.25,16774.37,5,95.96,0,8.71,grade_8,yes,yes,ELIGIBLE
91.61,53816.9,6,96.34,1,5.67,grade_10,yes,no,ELIGIBLE
89.74,20452.75,3,90.83,0,17.15,grade_12,yes,no,ELIGIBLE
92.95,25422.15,7,99.45,0,10.0,grade_7,yes,no,ELIGIBLE
88.02,11782.91,2,99.61,0,5.23,grade_10,yes,yes,ELIGIBLE
90.32,14493.61,5,92.95,2,9.71,grade_7,yes,no,ELIGIBLE
99.18,23002.4,3,90.2,1,18.4,grade_7,yes,yes,ELIGIBLE
85.31,25951.37,4,92.09,0,8.68,grade_12,yes,no,ELIGIBLE
94.08,38288.98,3,99.27,0,19.06,grade_7,yes,yes,ELIGIBLE
93.48,39315.48,10,97.05,1,10.76,grade_9,yes,yes,ELIGIBLE
91.02,33203.52,4,95.58,0,10.6,grade_8,yes,no,ELIGIBLE
90.28,39611.66,5,85.78,1,20.63,grade_12,yes,no,ELIGIBLE
93.57,7547.38,3,99.73,1,11.19,grade_7,yes,no,ELIGIBLE
91.31,21524.24,9,88.9,0,5.72,grade_9,yes,no,ELIGIBLE
87.46,24673.95,5,94.52,1,27.73,grade_12,yes,no,ELIGIBLE
95.95,35003.93,9,87.96,1,16.56,grade_10,yes,no,ELIGIBLE
91.03,19001.12,6,85.19,0,1.5,grade_9,yes,no,ELIGIBLE
82.6,9760.1,9,83.21,1,2.84,grade_11,yes,no,ELIGIBLE
94.72,8726.85,4,99.47,1,34.53,grade_11,yes,no,ELIGIBLE
99.09,14228.31,7,87.69,0,9.28,grade_8,yes,no,ELIGIBLE
88.98,61398.52,9,97.86,0,6.09,grade_11,yes,no,ELIGIBLE
95.36,49969.92,10,99.91,0,13.58,grade_10,yes,no,ELIGIBLE
86.21,12228.25,5,95.75,1,10.35,grade_11,yes,yes,ELIGIBLE
89.16,23527.16,5,95.88,0,3.87,grade_9,yes,no,ELIGIBLE
92.71,31982.32,6,85.21,0,16.32,grade_7,yes,no,ELIGIBLE
98.21,20873.26,5,88.97,1,46.19,grade_11,yes,no,ELIGIBLE
78.24,26526.48,8,96.79,0,25.7,grade_8,yes,no,ELIGIBLE
85.9,10678.66,4,94.6,1,32.82,grade_10,yes,yes,ELIGIBLE
93.37,57802.15,9,97.18,0,22.8,grade_8,yes,no,ELIGIBLE
91.85,31579.68,2,85.4,0,21.09,grade_9,yes,yes,ELIGIBLE
86.93,8309.83,6,85.28,0,4.29,grade_9,yes,no,ELIGIBLE
92.6,13302.49,10,88.79,1,7.38,grade_11,yes,no,ELIGIBLE
97.94,42893.66,2,96.8,0,15.9,grade_7,yes,no,ELIGIBLE
90.58,21076.93,5,90.58,0,45.35,grade_11,yes,no,ELIGIBLE
95.75,15203.62,4,93.38,1,58.67,grade_7,yes,no,ELIGIBLE
88.45,5193.35,10,91.47,0,35.43,grade_10,yes,yes,ELIGIBLE
86.78,13468.64,6,85.22,0,4.12,grade_9,yes,no,ELIGIBLE
90.89,17169.44,9,87.92,1,0.0,grade_10,yes,no,ELIGIBLE
93.27,47073.09,10,83.27,0,6.95,grade_9,yes,no,ELIGIBLE
87.77,18796.55,8,99.23,0,39.12,grade_8,yes,no,ELIGIBLE
95.63,17967.53,3,94.48,0,2.68,grade_11,yes,no,ELIGIBLE
87.69,14526.07,2,88.8,0,15.26,grade_7,yes,no,ELIGIBLE
84.14,11991.11,2,99.83,1,14.11,grade_10,yes,yes,ELIGIBLE
93.66,61194.96,5,93.16,0,14.57,grade_11,yes,no,ELIGIBLE
98.53,13455.09,3,90.81,0,23.4,grade_12,yes,yes,ELIGIBLE
94.94,60776.18,6,93.65,0,3.95,grade_11,yes,no,ELIGIBLE
85.69,10290.3,7,93.35,0,33.86,grade_9,yes,no,ELIGIBLE
92.6,18249.52,3,98.28,1,27.91,grade_7,yes,no,ELIGIBLE
97.22,39757.36,8,97.1,0,14.44,grade_11,yes,no,ELIGIBLE
90.0,7436.19,8,95.63,0,11.39,grade_10,yes,no,ELIGIBLE
94.93,21192.12,8,90.92,1,5.86,grade_9,yes,no,ELIGIBLE
88.64,27047.04,2,94.04,0,19.87,grade_10,yes,no,ELIGIBLE
80.63,50595.48,10,96.12,0,35.21,grade_10,yes,yes,ELIGIBLE
85.17,15880.28,8,92.65,0,3.17,grade_9,yes,no,ELIGIBLE
91.26,23934.05,8,83.7,0,22.37,grade_11,no,no,ELIGIBLE
97.89,70097.05,8,97.28,0,6.03,grade_12,yes,no,ELIGIBLE
89.48,23521.02,7,90.02,1,23.97,grade_12,yes,yes,ELIGIBLE
94.28,48283.96,8,88.2,0,43.78,grade_10,yes,no,ELIGIBLE
90.72,28093.35,7,96.44,0,38.35,grade_11,yes,no,ELIGIBLE
85.26,24802.49,10,90.18,1,18.56,grade_10,yes,no,ELIGIBLE
86.25,16754.9,10,91.91,0,50.5,grade_8,yes,no,ELIGIBLE
87.49,19190.43,3,84.85,0,1.8,grade_7,yes,yes,ELIGIBLE
90.86,10448.47,5,93.41,0,48.62,grade_12,yes,no,ELIGIBLE
82.57,18168.13,3,92.73,0,11.15,grade_11,yes,no,ELIGIBLE
94.24,11743.5,10,100.0,1,11.61,grade_12,yes,no,ELIGIBLE
94.49,22338.71,5,99.24,1,14.87,grade_11,yes,yes,ELIGIBLE
92.98,29647.21,7,89.33,0,9.0,grade_7,yes,no,ELIGIBLE
91.5,44077.09,10,96.63,1,2.91,grade_8,yes,yes,ELIGIBLE
94.5,60176.11,6,94.72,0,5.48,grade_11,yes,no,ELIGIBLE
93.14,40803.69,7,89.04,0,8.21,grade_8,yes,no,ELIGIBLE
89.3,27493.23,7,100.0,0,43.17,grade_10,yes,yes,ELIGIBLE
96.84,11780.56,5,84.87,0,5.39,grade_9,yes,no,ELIGIBLE
97.36,46267.9,8,95.26,0,26.52,grade_12,yes,no,ELIGIBLE
93.59,24200.25,3,81.54,0,14.05,grade_7,yes,no,ELIGIBLE
93.58,20640.06,5,99.88,1,9.42,grade_11,yes,no,ELIGIBLE
96.96,16149.02,5,86.59,1,2.99,grade_11,yes,yes,ELIGIBLE
82.41,15114.25,5,97.92,0,9.45,grade_8,yes,no,ELIGIBLE
93.4,28227.02,4,94.54,0,37.46,grade_11,yes,no,ELIGIBLE
97.01,11710.72,6,93.63,0,4.51,grade_11,yes,no,ELIGIBLE
93.02,25339.36,2,90.17,1,22.28,grade_12,yes,no,ELIGIBLE
95.96,22114.21,8,95.19,0,28.06,grade_11,yes,no,ELIGIBLE
84.76,21170.73,10,94.29,0,6.45,grade_11,yes,yes,ELIGIBLE
96.79,9856.76,6,93.52,0,3.85,grade_11,yes,no,ELIGIBLE
84.26,7697.0,6,86.25,0,9.85,grade_7,yes,no,ELIGIBLE
93.69,36519.85,7,95.15,0,0.8,grade_11,yes,no,ELIGIBLE
92.78,23243.81,8,96.51,0,10.06,grade_11,yes,no,ELIGIBLE
94.22,20286.26,6,93.42,1,17.97,grade_7,yes,no,ELIGIBLE
81.74,91420.24,3,83.04,0,26.24,grade_11,yes,no,ELIGIBLE
85.32,26579.69,3,91.78,0,20.92,grade_8,yes,no,ELIGIBLE
90.19,16385.63,6,97.87,0,21.57,grade_10,yes,no,ELIGIBLE
88.64,29740.14,4,90.33,0,24.17,grade_9,yes,no,ELIGIBLE
95.64,13423.89,5,94.9,1,7.79,grade_10,yes,yes,ELIGIBLE
93.73,38781.92,6,82.52,0,16.42,grade_7,yes,no,ELIGIBLE
97.04,8402.74,7,99.28,0,13.09,grade_9,yes,no,ELIGIBLE
89.63,21283.06,2,88.24,0,6.46,grade_7,yes,no,ELIGIBLE
82.67,8843.15,4,100.0,0,5.89,grade_8,yes,no,ELIGIBLE
83.08,55502.1,6,98.93,0,23.81,grade_9,yes,no,ELIGIBLE
93.31,26153.93,2,90.78,1,19.89,grade_12,yes,no,ELIGIBLE
88.83,13510.69,6,100.0,0,0.76,grade_10,yes,no,ELIGIBLE
89.75,12743.13,6,94.3,2,9.76,grade_8,yes,no,ELIGIBLE
88.82,38454.29,7,93.85,0,5.59,grade_10,yes,no,ELIGIBLE
88.91,40282.73,8,84.11,0,26.19,grade_12,yes,no,ELIGIBLE
93.23,7529.27,9,91.26,1,12.64,grade_8,yes,no,ELIGIBLE
91.83,30771.89,2,86.15,0,21.31,grade_9,yes,yes,ELIGIBLE
96.33,17977.28,5,86.39,1,3.03,grade_11,yes,yes,ELIGIBLE
95.59,32521.74,7,85.73,0,10.89,grade_9,yes,yes,ELIGIBLE
88.87,16870.59,3,96.31,0,36.92,grade_9,yes,no,ELIGIBLE
83.97,31327.42,4,92.73,0,20.73,grade_10,yes,yes,ELIGIBLE
91.7,13497.61,5,86.09,0,8.4,grade_8,yes,no,ELIGIBLE
88.08,14169.81,9,98.04,0,6.38,grade_10,yes,yes,ELIGIBLE
85.39,21720.88,9,87.32,1,13.07,grade_8,yes,yes,ELIGIBLE
88.42,14811.83,5,90.05,0,24.38,grade_8,yes,no,ELIGIBLE
83.66,37461.05,9,83.88,1,6.38,grade_9,yes,yes,ELIGIBLE
87.0,18192.07,2,91.37,0,13.36,grade_12,yes,no,ELIGIBLE
86.6,35993.21,6,98.09,0,0.83,grade_9,yes,no,ELIGIBLE
95.49,41843.52,10,93.0,0,6.02,grade_10,yes,no,ELIGIBLE
87.13,26811.94,2,93.12,0,18.65,grade_11,yes,no,ELIGIBLE
90.55,61664.98,8,99.5,1,79.4,grade_11,yes,no,ELIGIBLE
86.39,21209.1,2,100.0,0,15.06,grade_11,yes,no,ELIGIBLE
85.58,34832.33,10,97.63,0,51.52,grade_10,yes,yes,ELIGIBLE
96.67,22260.26,4,94.73,1,11.59,grade_11,yes,no,ELIGIBLE
93.14,18996.92,3,92.32,0,30.09,grade_10,yes,no,ELIGIBLE
88.87,16091.02,3,96.41,0,35.75,grade_9,yes,no,ELIGIBLE
92.35,30070.35,7,89.63,0,7.46,grade_7,yes,no,ELIGIBLE
92.9,16140.74,6,87.86,0,21.02,grade_8,yes,yes,ELIGIBLE
97.35,38803.57,8,92.83,0,9.57,grade_8,yes,no,ELIGIBLE
91.67,12032.23,9,87.72,1,0.62,grade_10,yes,no,ELIGIBLE
94.73,59162.05,5,97.61,1,11.23,grade_12,yes,yes,ELIGIBLE
94.02,121014.99,7,99.62,0,18.23,grade_8,yes,no,ELIGIBLE
78.07,11948.47,2,93.52,0,6.31,grade_10,yes,no,ELIGIBLE
98.3,44390.25,6,99.19,0,7.57,grade_7,yes,no,ELIGIBLE
80.58,24099.2,2,94.4,0,7.46,grade_12,yes,yes,ELIGIBLE
93.66,24538.12,4,94.37,0,35.66,grade_11,yes,no,ELIGIBLE
97.39,21420.68,6,95.61,0,14.92,grade_9,yes,no,ELIGIBLE
82.31,10374.01,9,83.4,1,4.79,grade_11,yes,no,ELIGIBLE
90.8,45691.63,6,88.93,0,18.26,grade_9,yes,yes,ELIGIBLE
84.09,27994.69,4,84.18,0,18.0,grade_11,yes,no,ELIGIBLE
94.71,18329.12,2,98.67,0,26.31,grade_8,yes,no,ELIGIBLE
97.26,30226.37,3,87.71,0,24.17,grade_11,yes,no,ELIGIBLE
97.02,9855.89,7,99.34,1,21.24,grade_8,yes,no,ELIGIBLE
83.79,19959.35,3,98.55,0,9.62,grade_7,yes,yes,ELIGIBLE
88.14,21770.73,9,96.51,0,3.02,grade_12,yes,no,ELIGIBLE
97.39,16791.16,3,90.88,0,22.37,grade_12,yes,yes,ELIGIBLE
94.21,43946.35,9,88.02,1,32.53,grade_10,yes,no,ELIGIBLE
92.16,33469.83,8,89.61,0,7.66,grade_12,yes,no,ELIGIBLE
84.94,27173.19,2,100.0,0,12.19,grade_9,yes,no,ELIGIBLE
91.8,28154.67,2,85.47,0,22.18,grade_9,yes,yes,ELIGIBLE
87.31,35349.55,6,97.09,0,2.02,grade_9,yes,no,ELIGIBLE
89.63,18670.05,10,91.98,1,38.49,grade_10,yes,no,ELIGIBLE
96.93,19362.65,3,93.06,2,8.38,grade_8,yes,no,ELIGIBLE
93.58,15813.72,7,92.12,0,36.18,grade_11,yes,no,ELIGIBLE
98.5,42194.76,8,92.34,1,10.91,grade_8,yes,no,ELIGIBLE
88.47,11368.5,6,86.58,1,6.29,grade_7,yes,no,ELIGIBLE
96.5,23867.13,10,97.58,1,3.41,grade_7,yes,no,ELIGIBLE
85.89,30938.86,9,88.39,0,8.94,grade_8,yes,no,ELIGIBLE
92.61,26839.36,7,98.87,0,11.21,grade_7,yes,no,ELIGIBLE
88.74,36069.51,4,95.99,0,24.78,grade_8,yes,no,ELIGIBLE
83.2,6974.32,5,92.8,0,6.09,grade_10,yes,no,ELIGIBLE
89.32,8001.3,5,90.56,0,3.2,grade_9,yes,yes,ELIGIBLE
92.88,22256.22,3,82.66,0,14.14,grade_7,yes,no,ELIGIBLE
97.43,12313.8,7,95.58,1,14.54,grade_10,yes,no,ELIGIBLE
83.44,20275.92,5,91.29,0,19.19,grade_10,yes,no,ELIGIBLE
98.92,45576.5,4,81.87,0,3.3,grade_11,yes,yes,ELIGIBLE
87.11,18381.06,9,97.79,0,4.2,grade_10,yes,yes,ELIGIBLE
90.29,21600.15,8,96.84,1,25.18,grade_9,yes,no,ELIGIBLE
91.36,5979.06,3,99.22,1,3.78,grade_8,yes,no,ELIGIBLE
92.86,25210.96,8,98.02,0,42.14,grade_10,yes,no,ELIGIBLE
91.21,25236.31,3,91.83,0,18.83,grade_11,yes,no,ELIGIBLE
94.11,49060.25,8,87.83,0,43.15,grade_10,yes,no,ELIGIBLE
91.62,24882.5,3,91.97,0,17.95,grade_11,yes,no,ELIGIBLE
89.07,26566.23,6,89.15,0,2.7,grade_8,yes,no,ELIGIBLE
92.28,18119.51,3,98.88,1,26.78,grade_7,yes,no,ELIGIBLE
99.05,25649.94,3,90.97,1,16.33,grade_7,yes,yes,ELIGIBLE
87.2,23248.13,7,92.95,2,3.18,grade_11,yes,yes,ELIGIBLE
88.19,11806.2,6,86.83,1,3.81,grade_7,yes,no,ELIGIBLE
94.74,27902.44,6,100.0,1,23.4,grade_12,yes,no,ELIGIBLE
94.38,13853.37,6,99.46,0,2.85,grade_10,yes,no,ELIGIBLE
90.08,23351.82,6,90.81,1,35.93,grade_8,yes,no,ELIGIBLE
90.98,10991.1,5,100.0,2,36.15,grade_10,yes,yes,ELIGIBLE
88.39,25116.45,9,91.18,1,12.27,grade_10,yes,no,ELIGIBLE
92.85,33890.74,8,97.63,0,1.75,grade_12,yes,no,ELIGIBLE
83.97,26021.6,2,91.91,0,4.73,grade_7,yes,yes,ELIGIBLE
93.86,62421.13,7,89.8,0,15.95,grade_11,yes,no,ELIGIBLE
89.86,53316.94,3,95.61,0,36.92,grade_10,yes,no,ELIGIBLE
84.09,19978.83,6,89.18,0,8.02,grade_9,yes,no,ELIGIBLE
86.04,32642.46,6,98.18,0,1.17,grade_9,yes,no,ELIGIBLE
89.78,37348.31,7,92.43,0,3.68,grade_10,yes,no,ELIGIBLE
95.33,38737.22,9,95.29,0,15.71,grade_8,yes,no,ELIGIBLE
91.88,12766.89,2,92.87,1,34.31,grade_8,yes,yes,ELIGIBLE
96.02,12278.18,4,92.09,0,11.81,grade_11,yes,no,ELIGIBLE
89.79,66589.97,3,100.0,0,25.91,grade_8,yes,no,ELIGIBLE
95.04,30686.79,8,96.38,0,12.72,grade_9,yes,no,ELIGIBLE
86.33,9004.24,2,90.52,0,34.11,grade_10,yes,no,ELIGIBLE
93.49,41397.26,4,99.97,0,10.1,grade_9,yes,yes,ELIGIBLE
84.74,24354.97,7,90.54,0,13.12,grade_8,yes,no,ELIGIBLE
98.87,22584.43,9,84.19,0,54.29,grade_9,yes,no,ELIGIBLE
96.45,5627.39,10,94.85,0,31.15,grade_8,yes,no,ELIGIBLE
95.62,30574.51,4,93.11,0,13.2,grade_9,yes,no,ELIGIBLE
91.01,41568.49,5,85.74,1,22.0,grade_12,yes,no,ELIGIBLE
83.88,56506.32,6,98.5,0,24.9,grade_9,yes,no,ELIGIBLE
85.39,16608.8,8,96.0,1,0.0,grade_11,yes,yes,ELIGIBLE
91.26,5824.65,5,87.64,0,12.31,grade_11,yes,no,ELIGIBLE
80.73,27478.62,7,91.26,1,19.93,grade_11,yes,no,ELIGIBLE
97.69,25919.71,3,91.15,1,10.44,grade_8,yes,no,ELIGIBLE
83.08,11911.78,4,99.55,0,7.1,grade_8,yes,no,ELIGIBLE
90.59,19764.11,5,91.79,0,9.9,grade_8,yes,no,ELIGIBLE
97.07,54180.3,6,94.78,0,15.77,grade_11,yes,no,ELIGIBLE
85.16,15114.95,4,99.7,1,1.75,grade_10,yes,no,ELIGIBLE
96.26,11964.99,2,87.23,1,36.54,grade_7,yes,yes,ELIGIBLE
93.05,40285.97,4,100.0,0,10.58,grade_9,yes,yes,ELIGIBLE
83.04,26384.97,7,96.18,0,10.83,grade_8,yes,no,ELIGIBLE
84.05,21518.5,2,91.87,0,9.35,grade_8,yes,yes,ELIGIBLE
86.72,29074.74,6,87.65,0,19.82,grade_11,yes,no,ELIGIBLE
89.01,63657.5,10,99.85,0,28.44,grade_11,yes,no,ELIGIBLE
96.68,37792.57,8,97.33,0,14.06,grade_11,yes,no,ELIGIBLE
83.98,36400.09,6,97.46,0,21.21,grade_12,yes,no,ELIGIBLE
88.08,39465.98,2,93.41,0,24.61,grade_11,yes,no,ELIGIBLE
97.56,18514.63,7,85.82,1,25.16,grade_10,yes,no,ELIGIBLE
92.54,37699.34,8,100.0,1,17.69,grade_9,yes,no,ELIGIBLE
82.16,20122.08,10,88.71,3,16.0,grade_10,yes,no,ELIGIBLE
98.68,42180.03,2,99.6,0,1.68,grade_9,yes,yes,ELIGIBLE
92.06,26212.05,6,88.24,0,25.88,grade_10,yes,no,ELIGIBLE
93.86,48577.78,5,99.67,0,27.34,grade_12,yes,no,ELIGIBLE
90.14,9234.06,5,99.95,2,33.8,grade_10,yes,yes,ELIGIBLE
88.46,22842.3,6,99.96,0,3.91,grade_7,yes,yes,ELIGIBLE
94.02,16889.38,2,97.31,0,4.94,grade_11,yes,no,ELIGIBLE
85.53,12493.86,4,95.27,1,34.26,grade_10,yes,yes,ELIGIBLE
96.23,34022.32,3,90.52,0,18.06,grade_8,yes,no,ELIGIBLE
83.53,20392.66,6,97.08,0,7.53,grade_10,yes,no,ELIGIBLE
90.31,8979.78,2,100.0,0,50.5,grade_8,yes,no,ELIGIBLE
98.55,17884.27,5,89.61,1,48.52,grade_11,yes,no,ELIGIBLE
92.27,26374.97,2,90.4,1,19.99,grade_12,yes,no,ELIGIBLE
98.71,28919.82,10,89.52,1,11.78,grade_12,yes,no,ELIGIBLE
89.2,24608.59,2,95.38,0,1.7,grade_7,yes,no,ELIGIBLE
92.91,8751.52,9,91.45,1,10.07,grade_8,yes,no,ELIGIBLE
78.59,25199.65,8,99.49,1,16.08,grade_9,yes,no,ELIGIBLE
84.78,66483.8,2,97.88,0,25.27,grade_12,no,no,ELIGIBLE
87.11,9325.87,3,99.61,0,11.26,grade_8,yes,no,ELIGIBLE
89.1,15315.31,6,83.88,0,34.0,grade_8,yes,no,ELIGIBLE
96.81,20911.48,9,93.78,1,13.26,grade_7,yes,yes,ELIGIBLE
87.65,35913.91,2,93.85,1,21.87,grade_12,yes,no,ELIGIBLE
86.56,17042.84,6,91.47,0,68.03,grade_9,yes,no,ELIGIBLE
85.32,39887.71,10,93.07,0,39.3,grade_8,yes,no,ELIGIBLE
90.87,19364.55,10,94.38,2,41.61,grade_10,yes,yes,ELIGIBLE
88.43,5425.09,10,90.66,0,35.37,grade_10,yes,yes,ELIGIBLE
89.1,18967.29,10,92.27,0,11.88,grade_10,yes,no,ELIGIBLE
86.43,17403.58,6,91.41,0,66.93,grade_9,yes,no,ELIGIBLE
89.72,17467.38,9,88.71,0,4.82,grade_9,yes,no,ELIGIBLE
86.91,53203.96,10,95.34,0,15.58,grade_10,yes,no,ELIGIBLE
94.8,21251.94,7,87.6,0,11.42,grade_8,yes,no,ELIGIBLE
89.65,22254.91,2,95.08,0,1.22,grade_7,yes,no,ELIGIBLE
90.97,6660.45,5,94.18,0,47.28,grade_12,yes,no,ELIGIBLE
89.23,61883.84,10,100.0,0,26.16,grade_11,yes,no,ELIGIBLE
92.68,12338.47,7,81.92,1,6.15,grade_12,yes,no,ELIGIBLE
90.49,22846.17,10,95.18,0,17.73,grade_12,yes,no,ELIGIBLE
89.11,21552.58,7,92.3,0,2.92,grade_8,yes,no,ELIGIBLE
93.67,9139.42,3,99.64,1,12.35,grade_7,yes,no,ELIGIBLE
89.2,14438.92,6,99.86,0,1.46,grade_10,yes,no,ELIGIBLE
86.88,22075.89,5,97.56,1,30.43,grade_11,yes,no,ELIGIBLE
89.51,18527.91,6,87.87,0,19.26,grade_11,yes,no,ELIGIBLE
91.86,42527.89,9,97.45,0,48.38,grade_7,yes,no,ELIGIBLE
84.17,18486.58,7,92.54,0,12.26,grade_12,yes,yes,ELIGIBLE
92.51,5783.42,5,96.81,0,6.1,grade_12,yes,no,ELIGIBLE
97.94,6426.45,4,80.87,0,7.38,grade_8,yes,no,ELIGIBLE
90.07,17730.66,6,98.16,0,19.56,grade_10,yes,no,ELIGIBLE
92.25,38943.68,6,91.27,0,10.46,grade_9,yes,no,ELIGIBLE
99.17,13970.72,2,94.57,1,22.14,grade_9,yes,no,ELIGIBLE
88.62,24782.1,5,91.14,0,12.32,grade_10,yes,yes,ELIGIBLE
87.95,28045.12,4,93.93,0,17.33,grade_9,yes,no,ELIGIBLE
87.36,15057.34,9,89.3,1,9.28,grade_12,yes,no,ELIGIBLE
84.52,15281.41,8,91.06,2,32.5,grade_8,yes,no,ELIGIBLE
90.15,54913.23,9,91.99,0,24.6,grade_9,yes,no,ELIGIBLE
93.69,5263.62,6,84.95,0,9.18,grade_11,yes,no,ELIGIBLE
91.86,37777.8,4,99.52,1,6.53,grade_12,yes,yes,ELIGIBLE
77.81,21949.57,9,99.84,0,13.6,grade_10,yes,no,ELIGIBLE
98.84,19721.62,5,88.36,1,45.95,grade_11,yes,no,ELIGIBLE
87.04,39760.13,8,95.31,1,20.95,grade_12,yes,no,ELIGIBLE
90.58,24607.21,6,92.64,0,3.48,grade_11,yes,no,ELIGIBLE
89.15,19458.59,8,94.7,0,12.08,grade_7,yes,no,ELIGIBLE
92.81,25685.64,6,99.21,0,1.85,grade_9,yes,yes,ELIGIBLE
89.38,13948.12,8,90.12,0,27.41,grade_9,yes,no,ELIGIBLE
97.51,13272.19,5,97.85,0,13.3,grade_7,yes,no,ELIGIBLE
90.68,20909.88,2,85.06,0,20.98,grade_9,yes,no,ELIGIBLE
96.44,20490.62,5,83.82,0,19.98,grade_10,yes,no,ELIGIBLE
92.31,18982.26,3,99.56,1,29.18,grade_7,yes,no,ELIGIBLE
99.19,7541.32,2,94.42,1,18.09,grade_12,yes,yes,ELIGIBLE
83.46,14150.71,2,99.98,1,11.11,grade_10,yes,yes,ELIGIBLE
97.51,24677.02,9,91.2,0,24.1,grade_10,yes,no,ELIGIBLE
91.02,28523.47,7,97.28,0,37.52,grade_11,yes,no,ELIGIBLE
98.16,56009.34,6,95.23,0,16.68,grade_11,yes,no,ELIGIBLE
92.84,43717.16,10,95.92,0,40.38,grade_9,yes,no,ELIGIBLE
94.59,13957.07,10,100.0,0,23.61,grade_10,yes,no,ELIGIBLE
94.3,34541.82,5,97.01,1,11.85,grade_12,yes,yes,ELIGIBLE
94.22,13589.14,10,100.0,0,23.58,grade_10,yes,no,ELIGIBLE
86.04,17360.02,7,99.65,0,26.24,grade_10,yes,yes,ELIGIBLE
97.33,26344.15,6,95.12,2,7.87,grade_10,yes,no,ELIGIBLE
91.02,19685.25,3,86.44,1,7.28,grade_7,yes,yes,ELIGIBLE
91.39,62902.39,5,95.91,0,41.96,grade_10,yes,yes,ELIGIBLE
98.0,43712.32,8,92.14,1,12.18,grade_8,yes,no,ELIGIBLE
84.32,24221.78,8,91.63,0,22.39,grade_10,yes,yes,ELIGIBLE
91.67,9834.19,10,89.18,1,8.34,grade_11,yes,no,ELIGIBLE
93.59,34408.38,2,88.27,0,20.39,grade_7,yes,no,ELIGIBLE
85.56,18982.81,2,94.58,0,18.6,grade_11,yes,no,ELIGIBLE
84.35,19454.43,6,91.26,0,12.85,grade_12,yes,no,ELIGIBLE
88.06,22685.85,7,95.67,1,2.98,grade_9,yes,no,ELIGIBLE
93.56,16464.26,3,76.87,1,21.08,grade_11,yes,no,ELIGIBLE
94.25,27651.1,4,86.94,1,10.59,grade_8,yes,yes,ELIGIBLE
93.34,20132.33,3,91.65,0,30.93,grade_10,yes,no,ELIGIBLE
86.78,41119.36,7,94.9,0,7.06,grade_8,yes,yes,ELIGIBLE
86.74,19002.12,2,87.76,2,37.0,grade_7,yes,yes,ELIGIBLE
93.74,8364.62,6,85.17,0,6.15,grade_11,yes,no,ELIGIBLE
88.3,39417.49,4,95.14,0,8.63,grade_7,yes,no,ELIGIBLE
96.39,24982.49,3,91.63,1,10.69,grade_8,yes,no,ELIGIBLE
88.72,14403.81,7,91.04,2,16.0,grade_9,yes,no,ELIGIBLE
96.24,30135.81,3,90.24,0,15.76,grade_8,yes,no,ELIGIBLE
88.99,30126.59,6,92.77,0,28.23,grade_7,yes,no,ELIGIBLE
92.93,41479.57,10,97.47,1,12.06,grade_9,yes,yes,ELIGIBLE
83.18,19715.98,3,98.39,0,9.95,grade_7,yes,yes,ELIGIBLE
82.34,9181.45,10,87.76,0,4.79,grade_7,yes,no,ELIGIBLE
94.5,8605.98,10,90.83,0,8.27,grade_12,yes,no,ELIGIBLE
91.45,9809.96,4,93.95,1,16.02,grade_11,yes,no,ELIGIBLE
83.77,16529.62,5,87.72,0,59.03,grade_12,yes,no,ELIGIBLE
86.17,43302.95,6,90.65,0,23.18,grade_8,yes,no,ELIGIBLE
84.29,13013.2,8,97.0,0,53.56,grade_7,yes,no,ELIGIBLE
96.6,7937.16,7,91.72,0,40.69,grade_10,yes,no,ELIGIBLE
93.23,11256.05,7,90.48,0,12.85,grade_11,yes,no,ELIGIBLE
89.54,36993.25,7,92.42,0,5.38,grade_10,yes,no,ELIGIBLE
96.89,51201.2,9,94.51,0,12.93,grade_12,yes,no,ELIGIBLE
78.88,25536.45,3,96.35,0,28.2,grade_11,yes,no,ELIGIBLE
94.61,28427.06,7,95.57,1,5.39,grade_12,yes,no,ELIGIBLE
89.42,17189.26,8,90.45,0,27.18,grade_9,yes,no,ELIGIBLE
94.08,41990.44,8,91.58,0,22.48,grade_8,yes,yes,ELIGIBLE
97.35,29857.68,4,88.95,0,9.16,grade_10,yes,no,ELIGIBLE
90.63,38433.67,4,99.19,0,20.95,grade_12,yes,no,ELIGIBLE
95.55,17609.35,5,94.55,1,9.58,grade_10,yes,yes,ELIGIBLE
89.47,52217.15,5,93.36,0,24.92,grade_9,yes,no,ELIGIBLE
90.26,42375.82,7,83.61,0,56.51,grade_8,yes,yes,ELIGIBLE
97.67,14097.75,3,92.07,0,22.22,grade_12,yes,yes,ELIGIBLE
93.36,14918.84,3,90.11,0,36.5,grade_12,yes,no,ELIGIBLE
93.59,14527.75,2,99.32,0,23.68,grade_8,yes,no,ELIGIBLE
95.23,35217.93,3,92.78,0,27.24,grade_10,yes,no,ELIGIBLE
97.64,13656.08,8,90.61,0,53.03,grade_10,yes,no,ELIGIBLE
97.4,10085.37,7,90.81,0,39.28,grade_10,yes,no,ELIGIBLE
80.81,48553.08,10,96.17,0,34.85,grade_10,yes,yes,ELIGIBLE
86.6,15538.5,3,98.49,1,25.83,grade_11,yes,no,ELIGIBLE
95.23,44031.48,6,90.07,1,20.23,grade_8,yes,no,ELIGIBLE
82.62,26112.61,7,94.87,0,11.1,grade_8,yes,no,ELIGIBLE
96.23,40836.19,9,90.06,1,17.57,grade_7,yes,yes,ELIGIBLE
93.92,36902.74,8,91.18,0,1.31,grade_10,yes,yes,ELIGIBLE
87.61,7681.34,9,85.16,1,33.33,grade_7,yes,no,ELIGIBLE
91.33,66841.63,6,98.52,1,13.54,grade_7,yes,no,ELIGIBLE
92.52,12606.01,8,88.56,1,11.44,grade_10,yes,no,ELIGIBLE
83.29,18030.4,6,97.8,0,6.03,grade_10,yes,no,ELIGIBLE
86.75,17264.99,2,99.18,1,2.52,grade_10,yes,no,ELIGIBLE
95.39,48001.82,10,99.72,0,13.4,grade_10,yes,no,ELIGIBLE
99.09,44832.64,4,82.15,0,3.62,grade_11,yes,yes,ELIGIBLE
93.74,33890.45,8,90.3,0,29.58,grade_8,yes,no,ELIGIBLE
87.35,31505.24,6,87.37,0,20.46,grade_11,yes,no,ELIGIBLE
96.27,24266.31,10,97.7,1,1.85,grade_7,yes,no,ELIGIBLE
94.9,29217.7,7,96.13,1,5.14,grade_12,yes,no,ELIGIBLE
92.32,7919.77,9,100.0,0,23.02,grade_8,yes,no,ELIGIBLE
94.56,11591.6,10,99.94,0,2.95,grade_7,yes,no,ELIGIBLE
94.8,57187.74,6,93.7,0,0.0,grade_10,yes,no,ELIGIBLE
93.13,31446.47,8,95.98,0,1.03,grade_11,yes,yes,ELIGIBLE
90.9,35122.33,4,96.43,0,9.18,grade_9,yes,no,ELIGIBLE
94.5,61673.51,6,94.23,0,5.98,grade_11,yes,no,ELIGIBLE
90.31,54006.89,9,91.15,0,26.83,grade_9,yes,no,ELIGIBLE
94.54,19459.63,7,88.23,1,33.21,grade_12,yes,no,ELIGIBLE
97.38,10469.95,8,89.85,0,51.98,grade_10,yes,no,ELIGIBLE
86.13,28582.47,6,87.75,0,18.76,grade_9,yes,no,ELIGIBLE
87.42,27888.82,8,87.85,0,7.62,grade_11,yes,no,ELIGIBLE
85.62,18004.86,7,92.89,0,14.25,grade_12,yes,yes,ELIGIBLE
96.86,27173.45,3,86.3,0,25.02,grade_11,yes,no,ELIGIBLE
91.46,16833.29,6,97.29,1,32.67,grade_9,yes,yes,ELIGIBLE
93.22,42054.1,10,96.04,0,45.41,grade_9,yes,no,ELIGIBLE
98.22,26521.48,9,83.94,0,52.55,grade_9,yes,no,ELIGIBLE
93.83,18995.18,5,95.45,1,15.83,grade_9,yes,no,ELIGIBLE
83.07,19157.92,5,89.58,1,16.13,grade_10,yes,yes,ELIGIBLE
93.84,34423.66,5,97.47,0,20.69,grade_10,yes,no,ELIGIBLE
90.89,65654.32,6,99.66,1,12.27,grade_7,yes,no,ELIGIBLE
98.67,38219.18,9,91.2,1,2.6,grade_12,yes,no,ELIGIBLE
87.76,34913.32,2,95.46,0,4.14,grade_11,yes,no,ELIGIBLE
98.65,42124.81,9,90.67,1,3.48,grade_12,yes,no,ELIGIBLE
91.76,6334.12,5,97.53,0,6.98,grade_12,yes,no,ELIGIBLE
94.82,31515.0,8,95.05,1,20.52,grade_10,yes,yes,ELIGIBLE
94.85,51561.76,3,90.57,0,24.17,grade_10,yes,yes,ELIGIBLE
87.77,41628.48,5,94.46,0,19.6,grade_8,yes,no,ELIGIBLE
86.54,22683.74,4,90.96,0,7.84,grade_12,yes,no,ELIGIBLE
80.67,21453.97,9,98.42,0,16.15,grade_8,yes,no,ELIGIBLE
93.59,17726.42,5,87.25,0,37.68,grade_9,yes,no,ELIGIBLE
97.52,69560.02,8,98.81,0,7.1,grade_12,yes,no,ELIGIBLE
90.46,9529.29,3,98.6,1,3.73,grade_8,yes,no,ELIGIBLE
88.81,25957.86,2,98.28,0,29.02,grade_12,yes,yes,ELIGIBLE
98.63,13408.94,2,94.83,1,18.02,grade_12,yes,yes,ELIGIBLE
80.69,41806.21,6,93.0,0,19.78,grade_7,yes,yes,ELIGIBLE
94.62,18159.58,2,99.0,0,23.97,grade_8,yes,no,ELIGIBLE
98.98,40184.82,10,95.25,0,5.36,grade_7,yes,yes,ELIGIBLE
92.07,11596.18,10,95.31,1,21.3,grade_10,yes,no,ELIGIBLE
96.91,27861.0,3,87.34,0,28.09,grade_11,yes,no,ELIGIBLE
98.07,29320.69,5,89.63,1,26.99,grade_8,yes,no,ELIGIBLE
91.66,12346.56,10,95.32,1,22.43,grade_10,yes,no,ELIGIBLE
91.83,6824.79,5,96.17,0,6.84,grade_12,yes,no,ELIGIBLE
87.18,23162.87,2,87.9,2,36.41,grade_7,yes,yes,ELIGIBLE
91.98,20375.57,5,99.35,0,36.54,grade_12,yes,no,ELIGIBLE
97.65,23337.9,6,95.46,0,16.74,grade_9,yes,no,ELIGIBLE
86.95,29020.24,2,92.35,0,18.02,grade_11,yes,no,ELIGIBLE
94.94,15228.88,9,92.54,1,8.37,grade_11,yes,no,ELIGIBLE
95.87,26774.86,9,90.91,0,11.99,grade_8,yes,no,ELIGIBLE
95.98,21001.41,3,93.58,1,16.22,grade_12,yes,no,ELIGIBLE
89.84,25396.31,8,98.95,0,24.08,grade_7,yes,yes,ELIGIBLE
94.82,60553.3,5,94.04,0,14.39,grade_11,yes,no,ELIGIBLE
88.61,25805.23,9,91.75,1,11.46,grade_10,yes,no,ELIGIBLE
84.06,106326.03,10,98.4,0,8.35,grade_9,yes,no,ELIGIBLE
80.56,47862.25,10,96.04,0,36.93,grade_10,yes,yes,ELIGIBLE
86.28,10547.89,5,94.73,0,34.15,grade_10,yes,no,ELIGIBLE
78.22,22950.7,9,99.87,0,13.53,grade_10,yes,no,ELIGIBLE
85.83,12656.79,10,86.31,0,13.22,grade_12,yes,no,ELIGIBLE
86.79,39778.47,9,88.96,1,26.84,grade_11,yes,no,ELIGIBLE
84.98,29577.27,4,84.08,0,16.93,grade_11,yes,no,ELIGIBLE
88.9,19571.61,5,99.09,0,5.6,grade_7,yes,no,ELIGIBLE
90.36,20320.33,6,90.51,1,36.31,grade_8,yes,no,ELIGIBLE
92.7,29646.65,8,83.27,0,26.72,grade_11,yes,no,ELIGIBLE
79.45,25185.78,5,99.76,0,26.57,grade_12,yes,yes,ELIGIBLE
92.52,26832.26,6,87.79,0,24.15,grade_10,yes,no,ELIGIBLE
90.29,22271.09,8,83.39,0,21.88,grade_11,no,no,ELIGIBLE
87.13,40087.8,4,93.17,0,23.55,grade_12,yes,yes,ELIGIBLE
93.76,17416.35,3,90.0,0,35.49,grade_12,yes,no,ELIGIBLE
85.35,28484.06,2,100.0,0,14.12,grade_9,yes,no,ELIGIBLE
91.03,21900.9,10,96.03,0,20.25,grade_12,yes,no,ELIGIBLE
98.22,11353.34,8,89.32,0,51.88,grade_10,yes,no,ELIGIBLE
90.42,52043.74,5,93.87,0,26.28,grade_9,yes,no,ELIGIBLE
95.07,17707.57,5,82.25,0,26.28,grade_9,yes,no,ELIGIBLE
80.19,26234.03,7,91.5,1,18.57,grade_11,yes,no,ELIGIBLE
89.14,24197.28,3,96.18,0,8.73,grade_8,yes,no,ELIGIBLE
94.98,8549.5,6,83.93,0,7.98,grade_11,yes,yes,ELIGIBLE
90.21,19895.46,2,98.39,0,28.23,grade_8,yes,no,ELIGIBLE
84.01,10433.05,2,100.0,1,14.29,grade_10,yes,yes,ELIGIBLE
95.99,42323.34,10,92.99,0,6.32,grade_10,yes,no,ELIGIBLE
97.3,35027.02,6,93.16,0,21.59,grade_12,yes,no,ELIGIBLE
92.2,13069.28,3,89.92,0,25.25,grade_8,yes,no,ELIGIBLE
85.99,27090.27,6,99.17,0,9.39,grade_9,yes,no,ELIGIBLE
92.17,22514.99,6,99.81,0,2.15,grade_9,yes,yes,ELIGIBLE
87.09,59830.36,6,85.01,0,12.63,grade_12,yes,no,ELIGIBLE
95.66,28423.09,8,89.68,1,13.83,grade_8,yes,no,ELIGIBLE
94.62,32098.58,8,96.02,0,9.25,grade_8,yes,no,ELIGIBLE
93.16,15302.81,5,88.83,0,8.95,grade_9,yes,yes,ELIGIBLE
84.16,14253.91,10,94.95,0,35.35,grade_8,yes,no,ELIGIBLE
90.43,13660.67,2,99.52,0,51.77,grade_8,yes,no,ELIGIBLE
85.48,26132.97,7,91.48,0,11.49,grade_8,yes,no,ELIGIBLE
92.44,25173.05,5,89.47,0,8.21,grade_7,yes,no,ELIGIBLE
95.68,37904.24,2,85.46,0,6.93,grade_12,yes,no,ELIGIBLE
88.65,20942.4,5,88.62,0,8.57,grade_8,yes,no,ELIGIBLE
94.39,52632.35,2,95.32,0,4.97,grade_9,yes,no,ELIGIBLE
93.61,39517.41,6,93.35,0,11.5,grade_12,yes,no,ELIGIBLE
93.25,23216.64,3,85.99,0,13.68,grade_11,yes,no,ELIGIBLE
81.49,10970.15,7,91.94,0,7.88,grade_7,yes,no,ELIGIBLE
89.08,21506.87,2,94.64,0,3.83,grade_7,yes,no,ELIGIBLE
89.36,23809.05,2,94.3,0,5.31,grade_7,yes,no,ELIGIBLE
90.44,30605.02,10,83.63,0,57.84,grade_7,yes,no,ELIGIBLE
80.8,23511.53,2,94.59,0,8.36,grade_12,yes,yes,ELIGIBLE
92.36,14187.28,6,87.29,0,19.4,grade_8,yes,yes,ELIGIBLE
92.49,51809.47,10,97.93,3,28.69,grade_11,yes,yes,ELIGIBLE
97.63,17901.01,4,93.01,0,14.08,grade_7,yes,no,ELIGIBLE
93.24,30277.75,2,81.85,0,20.83,grade_8,yes,no,ELIGIBLE
98.69,27703.59,10,89.05,1,10.72,grade_12,yes,no,ELIGIBLE
91.87,8853.41,6,90.69,1,7.59,grade_10,yes,yes,ELIGIBLE
88.56,17577.69,8,99.2,0,39.46,grade_8,yes,no,ELIGIBLE
93.42,22106.0,6,93.49,1,18.57,grade_7,yes,no,ELIGIBLE
98.45,49602.71,7,92.2,0,3.43,grade_11,yes,no,ELIGIBLE
90.83,21348.19,9,88.98,0,6.41,grade_9,yes,no,ELIGIBLE
85.38,26161.03,3,91.18,0,18.02,grade_8,yes,no,ELIGIBLE
92.42,9933.91,6,98.33,0,44.9,grade_7,yes,no,ELIGIBLE
81.29,22732.16,10,88.69,3,15.8,grade_10,yes,no,ELIGIBLE
92.86,63338.36,8,89.36,0,16.18,grade_11,yes,no,ELIGIBLE
96.88,14208.65,5,86.23,0,5.18,grade_9,yes,no,ELIGIBLE
94.5,13401.53,5,94.98,2,7.19,grade_9,yes,yes,ELIGIBLE
89.78,25446.69,7,90.66,0,16.26,grade_10,yes,no,ELIGIBLE
93.76,21516.64,7,95.82,0,19.5,grade_11,yes,yes,ELIGIBLE
89.48,13642.99,9,94.57,0,30.86,grade_12,yes,no,ELIGIBLE
93.76,37817.94,7,94.53,0,3.89,grade_11,yes,no,ELIGIBLE
99.23,21571.11,7,87.11,0,12.18,grade_7,yes,yes,ELIGIBLE
94.37,57536.03,5,97.98,1,12.39,grade_12,yes,yes,ELIGIBLE
88.18,7009.89,3,86.07,1,6.33,grade_8,yes,yes,ELIGIBLE
91.12,41369.32,3,99.92,0,6.62,grade_11,yes,yes,ELIGIBLE
91.05,6328.56,6,97.61,1,14.24,grade_12,yes,no,ELIGIBLE
92.4,23472.43,8,96.54,1,22.06,grade_12,yes,no,ELIGIBLE
91.66,17063.25,7,97.35,0,19.32,grade_9,yes,no,ELIGIBLE
87.89,27174.32,9,99.6,0,12.31,grade_9,yes,no,ELIGIBLE
93.06,33245.12,8,90.69,0,28.2,grade_8,yes,no,ELIGIBLE
92.22,43008.52,9,95.84,0,14.77,grade_8,yes,no,ELIGIBLE
92.88,24048.78,7,95.41,0,8.6,grade_10,yes,no,ELIGIBLE
85.65,17368.71,8,92.87,0,1.49,grade_9,yes,no,ELIGIBLE
93.05,19416.77,2,88.47,1,57.02,grade_12,yes,no,ELIGIBLE
92.43,16535.35,3,91.51,0,9.94,grade_9,yes,yes,ELIGIBLE
91.56,24768.11,10,90.79,2,7.2,grade_9,yes,no,ELIGIBLE
89.17,60746.44,3,99.7,0,17.18,grade_9,yes,yes,ELIGIBLE
94.72,18854.66,5,90.43,0,14.51,grade_12,yes,no,ELIGIBLE
88.01,19012.99,5,93.64,0,15.67,grade_8,yes,no,ELIGIBLE
97.67,28387.15,6,94.25,2,8.48,grade_10,yes,no,ELIGIBLE
91.23,24004.65,2,92.66,2,20.19,grade_10,yes,no,ELIGIBLE
91.53,11358.66,2,90.78,2,14.39,grade_10,yes,no,ELIGIBLE
86.54,14632.69,8,95.56,1,0.0,grade_11,yes,yes,ELIGIBLE
91.24,13263.06,6,91.51,1,7.78,grade_10,yes,yes,ELIGIBLE
85.96,38062.68,10,91.59,0,40.78,grade_8,yes,no,ELIGIBLE
88.96,15847.96,2,88.6,0,6.03,grade_7,yes,no,ELIGIBLE
81.54,22467.23,9,97.94,0,10.23,grade_8,yes,no,ELIGIBLE
94.01,13167.68,2,96.96,0,3.59,grade_11,yes,no,ELIGIBLE
83.11,24226.35,8,86.73,0,32.65,grade_11,yes,yes,ELIGIBLE
91.08,6445.81,6,98.16,1,14.84,grade_12,yes,no,ELIGIBLE
99.01,30524.02,10,87.69,0,18.49,grade_10,yes,no,ELIGIBLE
89.37,33254.79,3,97.45,0,6.74,grade_10,yes,yes,ELIGIBLE
93.03,19058.2,9,97.8,1,4.09,grade_10,yes,no,ELIGIBLE
94.1,43540.24,2,95.25,0,42.18,grade_7,yes,yes,ELIGIBLE
85.13,9077.81,6,99.5,0,6.97,grade_10,yes,yes,ELIGIBLE
94.44,43075.8,3,85.04,1,20.32,grade_7,yes,yes,ELIGIBLE
88.92,25722.17,7,98.4,0,13.44,grade_9,yes,no,ELIGIBLE
88.95,19444.63,10,99.32,1,0.88,grade_10,yes,no,ELIGIBLE
92.05,30480.04,6,85.72,0,14.25,grade_7,yes,no,ELIGIBLE
94.12,60281.64,5,93.21,0,14.27,grade_11,yes,no,ELIGIBLE
94.36,25569.1,7,100.0,0,6.76,grade_12,yes,no,ELIGIBLE
93.26,24553.36,5,94.18,0,23.46,grade_11,yes,no,ELIGIBLE
98.89,28943.25,7,84.67,0,9.63,grade_8,yes,yes,ELIGIBLE
98.83,45921.83,4,81.95,0,4.5,grade_11,yes,yes,ELIGIBLE
83.79,23614.34,6,96.66,0,5.16,grade_10,yes,no,ELIGIBLE
93.31,13886.08,9,83.0,0,4.42,grade_10,yes,no,ELIGIBLE
87.18,53908.05,10,95.78,0,14.26,grade_10,yes,no,ELIGIBLE
91.0,10593.46,5,96.92,0,13.21,grade_8,yes,yes,ELIGIBLE
98.28,22143.31,9,90.36,0,26.95,grade_10,yes,no,ELIGIBLE
95.21,50707.56,3,91.07,0,24.51,grade_10,yes,yes,ELIGIBLE
93.31,22852.99,3,86.19,0,11.02,grade_11,yes,no,ELIGIBLE
90.33,57655.86,6,97.36,0,61.75,grade_12,yes,yes,ELIGIBLE
95.65,16584.95,9,92.77,1,9.11,grade_11,yes,no,ELIGIBLE
98.03,25431.4,9,86.29,1,30.28,grade_11,yes,no,ELIGIBLE
97.01,31056.09,11,93.03,1,2.72,grade_8,yes,no,ELIGIBLE
78.08,16404.79,8,96.72,1,30.01,grade_12,yes,no,ELIGIBLE
94.62,15520.49,5,91.05,0,12.28,grade_12,yes,no,ELIGIBLE
94.25,36611.75,8,96.06,0,9.43,grade_8,yes,no,ELIGIBLE
94.9,44650.74,2,94.31,0,42.7,grade_7,yes,yes,ELIGIBLE
91.88,24781.15,5,93.33,0,21.95,grade_11,yes,no,ELIGIBLE
93.85,17331.04,2,84.57,0,14.2,grade_7,yes,no,ELIGIBLE
97.48,24093.78,6,95.41,0,15.76,grade_9,yes,no,ELIGIBLE
93.82,12521.16,2,96.95,0,6.64,grade_11,yes,no,ELIGIBLE
93.07,57662.73,2,93.06,1,20.25,grade_7,yes,no,ELIGIBLE
96.89,34010.84,3,90.71,0,17.7,grade_8,yes,no,ELIGIBLE
82.87,19197.33,3,92.75,0,9.66,grade_11,yes,no,ELIGIBLE
84.87,28823.08,7,94.47,0,0.26,grade_11,yes,no,ELIGIBLE
93.55,34286.78,5,97.07,0,19.45,grade_10,yes,no,ELIGIBLE
95.18,9132.06,6,84.26,0,5.92,grade_11,yes,yes,ELIGIBLE
95.05,18025.78,2,99.56,1,12.64,grade_7,yes,no,ELIGIBLE
98.44,11511.8,8,100.0,1,26.4,grade_9,yes,no,ELIGIBLE
96.52,25556.99,10,97.59,1,1.47,grade_7,yes,no,ELIGIBLE
81.72,60359.6,9,99.06,0,22.43,grade_9,yes,yes,ELIGIBLE
89.64,18074.71,6,87.75,0,20.07,grade_11,yes,no,ELIGIBLE
85.06,36352.62,9,100.0,1,12.95,grade_8,yes,yes,ELIGIBLE
87.73,31152.22,5,82.11,0,28.12,grade_12,yes,yes,ELIGIBLE
86.88,27441.01,10,85.79,0,0.34,grade_7,yes,no,ELIGIBLE
96.07,26721.98,2,100.0,1,21.59,grade_9,yes,no,ELIGIBLE
85.22,26057.92,2,99.48,0,10.79,grade_9,yes,no,ELIGIBLE
94.53,31385.72,8,95.76,1,22.14,grade_10,yes,yes,ELIGIBLE
88.8,19264.09,6,100.0,0,4.24,grade_7,yes,yes,ELIGIBLE
99.13,17832.34,5,89.6,1,48.18,grade_11,yes,no,ELIGIBLE
90.84,4630.43,6,82.88,2,10.09,grade_11,yes,no,ELIGIBLE
96.48,7322.38,10,93.57,1,2.65,grade_11,yes,no,ELIGIBLE
97.49,26722.84,5,94.51,0,2.83,grade_7,yes,no,ELIGIBLE
88.35,27993.53,2,97.5,0,28.8,grade_12,yes,yes,ELIGIBLE
88.51,10551.28,3,86.0,1,1.47,grade_8,yes,yes,ELIGIBLE
89.05,30139.84,2,94.51,0,19.89,grade_10,yes,no,ELIGIBLE
91.97,58559.76,10,99.87,0,75.25,grade_11,yes,no,ELIGIBLE
90.72,41412.7,7,83.45,0,55.78,grade_8,yes,yes,ELIGIBLE
95.45,52376.64,3,90.48,0,22.5,grade_10,yes,yes,ELIGIBLE
79.74,23492.88,2,94.2,0,6.94,grade_12,yes,yes,ELIGIBLE
84.07,14130.58,8,97.94,0,52.9,grade_7,yes,no,ELIGIBLE
97.01,22009.14,5,83.64,0,18.95,grade_10,yes,no,ELIGIBLE
89.53,23826.54,8,98.22,0,24.74,grade_7,yes,yes,ELIGIBLE
95.96,18235.3,3,92.93,2,7.8,grade_8,yes,no,ELIGIBLE
88.46,7978.04,3,95.9,2,31.41,grade_11,yes,no,ELIGIBLE
90.77,38034.56,4,98.97,0,22.11,grade_12,yes,no,ELIGIBLE
82.85,121723.23,4,94.84,0,3.37,grade_10,no,no,ELIGIBLE
98.73,20396.24,5,89.31,1,47.16,grade_11,yes,no,ELIGIBLE
95.31,22018.83,6,99.76,0,12.25,grade_12,yes,no,ELIGIBLE
96.42,49797.39,4,90.29,0,56.97,grade_8,yes,no,ELIGIBLE
93.01,26918.5,8,82.66,0,29.68,grade_11,yes,no,ELIGIBLE
97.26,69157.4,7,98.58,0,8.26,grade_12,yes,no,ELIGIBLE
89.14,18080.16,3,87.46,1,14.7,grade_7,yes,no,ELIGIBLE
96.43,11107.05,4,94.0,0,13.76,grade_11,yes,no,ELIGIBLE
97.45,23243.88,8,95.5,2,4.88,grade_11,yes,no,ELIGIBLE
93.96,24473.04,7,95.65,0,7.43,grade_8,yes,no,ELIGIBLE
93.83,17953.19,5,95.51,1,12.49,grade_9,yes,no,ELIGIBLE
95.36,27973.48,4,93.12,0,13.52,grade_9,yes,no,ELIGIBLE
84.52,16667.09,8,90.67,2,32.18,grade_8,yes,no,ELIGIBLE
89.36,21532.89,10,94.52,2,10.43,grade_12,yes,no,ELIGIBLE
92.67,36408.71,8,94.0,0,34.61,grade_11,yes,no,ELIGIBLE
84.68,25847.22,2,92.86,0,9.23,grade_8,yes,yes,ELIGIBLE
82.71,7032.83,5,93.54,0,3.84,grade_10,yes,no,ELIGIBLE
85.51,17719.59,7,99.45,0,25.12,grade_10,yes,yes,ELIGIBLE
95.38,22818.63,9,90.41,0,3.8,grade_10,yes,no,ELIGIBLE
90.09,23925.05,6,90.51,1,34.12,grade_8,yes,no,ELIGIBLE
93.27,24657.76,7,95.12,0,10.07,grade_10,yes,no,ELIGIBLE
93.88,18748.7,2,83.97,0,12.69,grade_7,yes,no,ELIGIBLE
96.16,26732.19,9,99.81,0,26.1,grade_9,yes,no,ELIGIBLE
90.51,54842.8,9,92.06,0,26.8,grade_9,yes,no,ELIGIBLE
97.56,20126.13,9,92.8,0,57.79,grade_9,yes,no,ELIGIBLE
87.31,13954.49,6,86.99,0,4.38,grade_9,yes,no,ELIGIBLE
91.26,17343.21,2,97.32,0,30.0,grade_8,yes,no,ELIGIBLE
93.11,18502.8,3,93.33,0,29.61,grade_10,yes,no,ELIGIBLE
87.47,29085.27,10,86.59,0,4.35,grade_8,yes,no,ELIGIBLE
92.05,13308.12,7,87.47,0,8.37,grade_11,yes,no,ELIGIBLE
96.75,18384.28,9,98.18,0,15.55,grade_11,yes,no,ELIGIBLE
86.15,19751.14,7,91.85,1,4.82,grade_11,yes,yes,ELIGIBLE
89.29,12510.77,9,93.97,0,30.83,grade_12,yes,no,ELIGIBLE
84.51,19107.59,7,93.17,0,14.05,grade_12,yes,yes,ELIGIBLE
94.11,44362.84,10,95.02,0,44.24,grade_9,yes,no,ELIGIBLE
97.26,15956.57,3,91.06,0,22.73,grade_12,yes,yes,ELIGIBLE
94.79,22214.29,9,89.87,0,5.7,grade_10,yes,no,ELIGIBLE
94.06,18220.22,5,88.5,0,37.99,grade_9,yes,no,ELIGIBLE
88.19,40098.01,5,94.44,0,19.0,grade_8,yes,no,ELIGIBLE
100.0,16993.39,2,94.17,1,21.37,grade_9,yes,no,ELIGIBLE
98.4,15064.28,9,98.7,1,4.18,grade_11,yes,no,ELIGIBLE
89.62,8833.35,5,100.0,2,34.29,grade_10,yes,yes,ELIGIBLE
91.94,30257.26,6,84.94,1,10.89,grade_7,yes,yes,ELIGIBLE
84.72,14450.36,10,93.03,0,6.18,grade_10,no,no,ELIGIBLE
97.24,22417.28,4,93.18,2,15.8,grade_12,yes,no,ELIGIBLE
85.73,20581.13,10,90.8,1,17.53,grade_10,yes,no,ELIGIBLE
96.95,48990.3,9,94.07,0,15.36,grade_12,yes,no,ELIGIBLE
99.08,46460.97,4,81.76,0,2.69,grade_11,yes,yes,ELIGIBLE
84.4,38612.62,2,93.73,0,39.2,grade_9,yes,yes,ELIGIBLE
84.14,66711.78,2,97.5,0,24.58,grade_12,no,no,ELIGIBLE
88.35,25203.46,5,95.74,0,6.04,grade_9,yes,no,ELIGIBLE
80.33,24504.9,7,91.67,1,21.76,grade_11,yes,no,ELIGIBLE
91.97,41177.36,9,98.55,0,48.92,grade_7,yes,no,ELIGIBLE
92.25,66671.3,6,98.78,1,11.92,grade_7,yes,no,ELIGIBLE
92.66,14381.08,9,80.78,1,22.16,grade_10,yes,no,ELIGIBLE
96.08,39702.23,10,90.76,0,51.55,grade_7,yes,no,ELIGIBLE
94.01,18368.52,5,81.88,0,26.15,grade_9,yes,no,ELIGIBLE
92.68,26534.59,2,90.54,1,19.6,grade_12,yes,no,ELIGIBLE
84.63,21890.05,10,94.59,0,33.63,grade_8,yes,no,ELIGIBLE
92.35,33324.61,6,85.42,0,12.75,grade_7,yes,no,ELIGIBLE
84.44,24519.58,8,89.97,0,32.71,grade_10,yes,no,ELIGIBLE
86.77,16070.79,10,93.81,1,14.88,grade_10,yes,no,ELIGIBLE
96.1,26672.02,9,85.37,0,32.85,grade_9,yes,yes,ELIGIBLE
97.31,24953.96,5,88.3,1,14.66,grade_8,yes,yes,ELIGIBLE
98.11,11779.01,7,98.48,0,15.33,grade_9,yes,no,ELIGIBLE
93.21,22175.56,8,95.51,0,10.12,grade_11,yes,no,ELIGIBLE
84.36,26210.84,3,99.63,1,20.74,grade_8,yes,no,ELIGIBLE
92.22,14044.16,10,94.11,0,7.86,grade_11,no,no,ELIGIBLE
94.84,42118.64,5,99.35,1,17.11,grade_11,yes,no,ELIGIBLE
89.17,14779.37,9,94.15,0,31.79,grade_12,yes,no,ELIGIBLE
92.8,60486.86,3,95.5,0,16.19,grade_11,yes,yes,ELIGIBLE
97.65,28206.01,5,99.2,0,27.8,grade_11,yes,no,ELIGIBLE
82.03,61841.96,9,100.0,0,23.33,grade_9,yes,yes,ELIGIBLE
96.45,33813.69,10,93.8,1,3.25,grade_8,yes,no,ELIGIBLE
99.11,23348.48,5,87.77,0,17.78,grade_8,yes,no,ELIGIBLE
98.91,13183.38,8,90.04,0,53.59,grade_10,yes,no,ELIGIBLE
85.57,9279.66,9,87.59,0,7.48,grade_11,yes,yes,ELIGIBLE
83.34,7953.53,7,92.45,1,15.1,grade_10,yes,no,ELIGIBLE
94.68,15685.16,7,88.21,1,31.91,grade_12,yes,no,ELIGIBLE
80.71,23924.56,9,98.53,0,17.55,grade_8,yes,no,ELIGIBLE
87.4,6389.65,8,89.03,1,7.82,grade_12,yes,no,ELIGIBLE
91.81,20749.76,3,88.86,0,30.88,grade_12,yes,yes,ELIGIBLE
82.78,20995.36,10,98.0,0,26.87,grade_7,yes,no,ELIGIBLE
92.06,18271.31,9,91.49,1,14.7,grade_10,yes,no,ELIGIBLE
95.47,27347.89,4,93.23,0,15.01,grade_9,yes,no,ELIGIBLE
93.51,37549.25,2,98.59,0,19.34,grade_7,yes,no,ELIGIBLE
95.28,10691.35,3,94.82,0,16.36,grade_8,yes,no,ELIGIBLE
100.0,21710.2,3,100.0,1,18.56,grade_9,yes,no,ELIGIBLE
87.54,19134.96,7,100.0,0,40.33,grade_8,yes,no,ELIGIBLE
92.01,32127.12,6,83.86,1,9.9,grade_7,yes,yes,ELIGIBLE
89.04,14574.96,9,96.3,1,6.26,grade_10,yes,no,ELIGIBLE
89.5,23695.22,3,95.96,0,7.54,grade_8,yes,no,ELIGIBLE
95.58,29050.71,4,93.67,0,12.99,grade_9,yes,no,ELIGIBLE
84.49,13267.47,3,100.0,0,18.08,grade_12,yes,no,ELIGIBLE
86.6,9551.94,2,97.95,1,8.03,grade_10,yes,yes,ELIGIBLE
88.37,23504.72,5,88.36,0,8.34,grade_8,yes,no,ELIGIBLE
91.42,16973.92,5,91.71,0,18.19,grade_11,yes,yes,ELIGIBLE
91.65,16055.98,5,99.74,0,34.88,grade_12,yes,no,ELIGIBLE
91.23,25693.97,5,93.57,0,20.89,grade_7,yes,yes,ELIGIBLE
88.13,27884.45,2,86.03,0,35.91,grade_10,yes,no,ELIGIBLE
98.08,8923.48,8,99.8,1,27.15,grade_9,yes,no,ELIGIBLE
86.77,18788.61,10,91.22,1,21.16,grade_8,yes,no,ELIGIBLE
96.59,13582.21,5,84.51,0,6.66,grade_9,yes,no,ELIGIBLE
99.21,19166.6,5,89.1,1,45.03,grade_11,yes,no,ELIGIBLE
92.56,36390.22,4,87.52,0,22.37,grade_7,yes,no,ELIGIBLE
84.96,14806.44,5,89.57,0,18.63,grade_7,yes,no,ELIGIBLE
92.15,7091.77,6,98.55,1,16.59,grade_12,yes,no,ELIGIBLE
95.36,20557.06,2,83.06,2,22.44,grade_10,yes,no,ELIGIBLE
78.64,16213.63,8,98.41,0,6.76,grade_12,yes,yes,ELIGIBLE
92.98,30292.43,6,89.29,0,7.5,grade_7,yes,no,ELIGIBLE
90.43,2753.42,6,81.88,2,9.6,grade_11,yes,no,ELIGIBLE
90.3,55521.28,9,92.38,0,31.32,grade_11,yes,yes,ELIGIBLE
83.32,9585.7,9,83.08,1,4.91,grade_11,yes,no,ELIGIBLE
90.57,5663.92,6,82.89,2,9.86,grade_11,yes,no,ELIGIBLE
95.65,42794.56,4,97.15,0,9.37,grade_7,yes,no,ELIGIBLE
95.76,37894.75,4,97.99,0,9.54,grade_7,yes,no,ELIGIBLE
97.15,26760.1,10,99.37,0,15.57,grade_8,yes,no,ELIGIBLE
89.35,27113.28,3,97.43,1,9.45,grade_8,yes,no,ELIGIBLE
88.89,12893.93,9,96.79,1,4.8,grade_10,yes,no,ELIGIBLE
85.67,16628.6,10,94.56,1,16.36,grade_10,yes,no,ELIGIBLE
94.1,7757.6,4,92.09,0,27.55,grade_11,yes,no,ELIGIBLE
97.96,7674.22,9,90.96,1,15.78,grade_8,yes,yes,ELIGIBLE
89.74,33293.91,5,99.95,0,17.39,grade_9,yes,yes,ELIGIBLE
97.73,11746.09,5,100.0,1,23.46,grade_8,yes,no,ELIGIBLE
89.47,25219.08,6,90.15,0,17.55,grade_10,yes,no,ELIGIBLE
92.08,37519.3,9,96.63,0,52.05,grade_9,yes,no,ELIGIBLE
84.19,50208.5,8,96.71,0,39.03,grade_7,yes,no,ELIGIBLE
88.96,45072.5,5,89.34,0,65.65,grade_12,yes,no,ELIGIBLE
94.95,110349.46,8,96.63,0,35.52,grade_8,yes,no,ELIGIBLE
89.28,36964.73,3,97.07,0,5.13,grade_10,yes,yes,ELIGIBLE
95.81,19358.41,3,93.57,0,4.21,grade_11,yes,no,ELIGIBLE
85.52,24418.79,10,90.17,1,18.79,grade_10,yes,no,ELIGIBLE
89.49,19368.81,8,89.78,0,27.75,grade_9,yes,no,ELIGIBLE
92.22,35094.98,6,91.36,0,12.9,grade_9,yes,no,ELIGIBLE
91.14,8121.95,5,93.72,0,51.63,grade_12,yes,no,ELIGIBLE
89.39,37420.03,9,93.77,0,6.19,grade_10,yes,no,ELIGIBLE
88.62,27328.26,2,91.05,1,5.68,grade_7,yes,no,ELIGIBLE
90.03,22099.48,6,89.97,0,17.14,grade_10,yes,no,ELIGIBLE
96.8,42278.9,6,90.17,1,21.57,grade_8,yes,no,ELIGIBLE
86.75,25196.03,5,98.8,1,31.39,grade_11,yes,no,ELIGIBLE
91.61,27774.56,3,100.0,0,7.95,grade_9,yes,no,ELIGIBLE
93.42,20336.1,4,83.51,1,4.77,grade_11,yes,no,ELIGIBLE
99.95,19194.1,7,87.76,0,12.23,grade_7,yes,yes,ELIGIBLE
96.94,15255.67,4,87.96,1,11.82,grade_11,yes,no,ELIGIBLE
96.58,34553.29,10,93.8,1,2.43,grade_8,yes,no,ELIGIBLE
87.3,30707.3,5,82.96,0,28.43,grade_12,yes,yes,ELIGIBLE
87.21,27284.95,8,88.84,0,6.27,grade_11,yes,no,ELIGIBLE
85.65,29064.93,9,97.33,1,31.56,grade_11,yes,no,ELIGIBLE
90.33,13183.02,2,100.0,0,49.65,grade_8,yes,no,ELIGIBLE
96.41,8042.12,10,95.26,0,32.61,grade_8,yes,no,ELIGIBLE
96.3,7102.88,10,92.97,1,3.7,grade_11,yes,no,ELIGIBLE
87.47,5605.88,8,88.28,1,7.28,grade_12,yes,no,ELIGIBLE
93.31,40126.1,3,96.35,0,7.3,grade_12,yes,no,ELIGIBLE
86.26,18877.5,10,92.12,0,53.04,grade_8,yes,no,ELIGIBLE
84.87,20215.96,8,90.23,0,22.62,grade_10,yes,yes,ELIGIBLE
95.15,23532.63,4,93.86,2,18.04,grade_12,yes,no,ELIGIBLE
89.35,11221.0,6,94.25,2,9.97,grade_8,yes,no,ELIGIBLE
90.55,17890.06,2,85.35,0,22.72,grade_9,yes,no,ELIGIBLE
81.88,62507.02,9,99.38,0,24.52,grade_9,yes,yes,ELIGIBLE
89.63,17636.15,2,86.58,1,10.16,grade_12,yes,no,ELIGIBLE
95.2,31647.07,4,89.29,0,14.14,grade_8,yes,no,ELIGIBLE
82.03,7413.37,7,91.62,0,15.22,grade_8,yes,no,ELIGIBLE
83.96,41157.62,6,98.0,0,17.36,grade_12,yes,no,ELIGIBLE
90.83,17083.03,3,93.89,1,37.8,grade_11,yes,no,ELIGIBLE
89.91,15794.89,10,89.67,0,6.58,grade_7,yes,no,ELIGIBLE
92.56,18959.57,2,100.0,1,46.14,grade_7,yes,yes,ELIGIBLE
88.85,51787.54,3,94.94,0,36.55,grade_10,yes,no,ELIGIBLE
92.17,28044.13,6,100.0,0,16.82,grade_7,yes,no,ELIGIBLE
92.75,58531.09,7,99.38,0,30.41,grade_11,yes,no,ELIGIBLE
91.78,19333.64,9,92.65,0,21.84,grade_9,yes,no,ELIGIBLE
84.05,104712.42,10,98.5,0,9.96,grade_9,yes,no,ELIGIBLE
88.82,9187.34,5,90.84,0,2.42,grade_9,yes,yes,ELIGIBLE
98.36,40492.93,2,100.0,0,3.18,grade_9,yes,yes,ELIGIBLE
91.02,6322.92,6,98.3,1,14.37,grade_12,yes,no,ELIGIBLE
92.51,56714.17,3,96.86,0,13.81,grade_11,yes,yes,ELIGIBLE
90.04,23190.58,5,90.98,0,8.04,grade_8,yes,no,ELIGIBLE
99.06,21020.94,5,86.95,0,16.36,grade_8,yes,no,ELIGIBLE
88.38,51225.09,5,93.2,0,26.13,grade_9,yes,no,ELIGIBLE
93.8,8744.79,4,99.57,1,33.96,grade_11,yes,no,ELIGIBLE
94.63,40199.63,8,91.6,0,2.05,grade_10,yes,yes,ELIGIBLE
84.72,9770.19,6,100.0,0,6.11,grade_10,yes,yes,ELIGIBLE
84.74,29988.08,7,93.92,0,0.0,grade_11,yes,no,ELIGIBLE
94.3,15852.3,2,87.02,1,17.58,grade_12,yes,no,ELIGIBLE
89.57,20806.46,2,91.08,0,2.45,grade_10,yes,no,ELIGIBLE
94.5,12729.8,2,98.73,0,24.73,grade_8,yes,no,ELIGIBLE
91.48,10872.13,4,94.26,1,14.68,grade_11,yes,no,ELIGIBLE
94.14,37624.83,3,96.13,0,7.75,grade_12,yes,no,ELIGIBLE
81.68,27832.59,9,94.68,0,21.62,grade_12,yes,no,ELIGIBLE
87.34,41334.37,9,88.37,1,29.48,grade_11,yes,no,ELIGIBLE
98.72,11689.49,3,89.67,1,25.06,grade_7,yes,no,ELIGIBLE
79.26,23746.33,2,93.65,0,7.61,grade_12,yes,yes,ELIGIBLE
90.89,23398.9,7,93.17,0,54.24,grade_8,yes,no,ELIGIBLE
82.14,22012.38,3,92.88,0,13.15,grade_12,no,no,ELIGIBLE
91.91,45890.56,10,83.37,0,7.39,grade_9,yes,no,ELIGIBLE
95.27,17315.04,9,93.73,1,7.8,grade_11,yes,no,ELIGIBLE
89.15,19458.74,8,89.74,1,23.19,grade_12,yes,yes,ELIGIBLE
98.17,35936.88,4,84.03,0,10.37,grade_7,yes,yes,ELIGIBLE
85.6,10007.99,7,92.82,0,34.95,grade_9,yes,no,ELIGIBLE
93.92,19138.07,5,91.25,0,14.34,grade_12,yes,no,ELIGIBLE
85.42,22715.34,6,90.98,0,14.1,grade_12,yes,no,ELIGIBLE
97.21,12427.98,7,97.53,1,14.3,grade_10,yes,no,ELIGIBLE
92.37,13627.69,10,88.96,0,19.46,grade_11,yes,no,ELIGIBLE
94.75,28631.75,7,99.47,0,8.01,grade_12,yes,no,ELIGIBLE
81.96,62761.25,9,100.0,0,23.57,grade_9,yes,yes,ELIGIBLE
89.82,64844.76,8,99.96,1,78.71,grade_11,yes,no,ELIGIBLE
88.39,6661.08,8,97.44,1,3.38,grade_12,yes,yes,ELIGIBLE
94.84,39079.44,8,91.87,0,8.99,grade_11,yes,no,ELIGIBLE
88.12,23992.76,9,96.37,0,5.09,grade_12,yes,no,ELIGIBLE
91.8,16562.87,3,94.22,1,40.97,grade_11,yes,no,ELIGIBLE
95.11,25592.33,5,100.0,0,7.84,grade_8,yes,no,ELIGIBLE
93.49,42635.07,9,91.63,1,68.07,grade_9,yes,no,ELIGIBLE
93.85,11683.92,4,100.0,1,35.36,grade_11,yes,no,ELIGIBLE
85.17,41839.58,6,90.29,0,20.52,grade_8,yes,no,ELIGIBLE
88.17,38322.25,2,92.73,0,22.24,grade_11,yes,no,ELIGIBLE
93.96,27703.08,4,94.58,0,35.39,grade_11,yes,no,ELIGIBLE
93.86,25221.26,5,99.9,1,10.33,grade_11,yes,no,ELIGIBLE
92.28,12999.72,2,94.91,1,10.97,grade_8,yes,no,ELIGIBLE
92.54,16327.25,10,89.24,1,5.81,grade_11,yes,no,ELIGIBLE
95.61,37096.13,2,83.62,0,7.95,grade_12,yes,no,ELIGIBLE
88.46,18398.97,5,95.95,2,6.51,grade_10,yes,yes,ELIGIBLE
91.45,64974.78,6,98.06,1,12.95,grade_7,yes,no,ELIGIBLE
93.22,30142.44,8,83.04,0,28.05,grade_11,yes,no,ELIGIBLE
93.61,7604.85,10,90.98,0,10.38,grade_12,yes,no,ELIGIBLE
96.93,36169.7,10,98.95,2,4.37,grade_12,yes,no,ELIGIBLE
91.6,27200.27,2,92.33,2,20.48,grade_10,yes,no,ELIGIBLE
92.62,33444.76,6,84.45,0,7.17,grade_11,yes,no,ELIGIBLE
95.72,35166.69,10,93.65,1,4.55,grade_8,yes,no,ELIGIBLE
95.31,44295.25,3,95.2,0,13.21,grade_9,yes,yes,ELIGIBLE
85.4,29859.94,9,97.66,1,31.36,grade_11,yes,no,ELIGIBLE
92.54,32555.19,6,84.8,1,8.8,grade_7,yes,yes,ELIGIBLE
88.79,36240.28,3,97.53,0,6.11,grade_10,yes,yes,ELIGIBLE
81.8,22235.78,3,96.85,0,31.64,grade_8,yes,no,ELIGIBLE
95.27,32086.83,4,93.72,0,14.04,grade_9,yes,no,ELIGIBLE
91.21,56488.57,10,99.98,0,77.12,grade_11,yes,no,ELIGIBLE
87.29,10117.75,6,86.42,0,5.7,grade_9,yes,no,ELIGIBLE
83.84,11121.97,2,99.8,1,12.36,grade_10,yes,yes,ELIGIBLE
95.62,26585.62,5,93.85,1,12.49,grade_8,yes,yes,ELIGIBLE
97.89,27525.9,10,99.57,0,12.89,grade_8,yes,no,ELIGIBLE
85.98,39212.41,2,93.25,0,40.65,grade_9,yes,yes,ELIGIBLE
93.41,15940.0,6,86.62,0,7.43,grade_8,yes,no,ELIGIBLE
92.65,21174.99,5,93.58,0,22.81,grade_11,yes,no,ELIGIBLE
84.96,24580.07,2,91.99,0,7.69,grade_8,yes,yes,ELIGIBLE
97.06,18583.11,10,82.91,0,5.87,grade_11,yes,yes,ELIGIBLE
82.34,8803.01,9,84.06,1,4.45,grade_11,yes,no,ELIGIBLE
93.2,38501.42,9,93.29,1,65.36,grade_8,yes,yes,ELIGIBLE
94.49,4354.91,6,84.46,0,6.1,grade_11,yes,no,ELIGIBLE
84.86,17771.39,10,94.32,0,34.85,grade_8,yes,no,ELIGIBLE
91.46,54907.1,6,99.86,1,2.31,grade_10,yes,no,ELIGIBLE
89.36,26325.64,3,96.38,0,6.8,grade_8,yes,no,ELIGIBLE
86.91,6476.83,6,94.21,3,15.19,grade_11,yes,no,ELIGIBLE
81.2,22080.34,8,87.01,0,12.61,grade_8,yes,yes,ELIGIBLE
89.5,13236.23,5,92.89,2,11.23,grade_7,yes,no,ELIGIBLE
92.16,31211.08,3,96.31,0,29.39,grade_11,yes,no,ELIGIBLE
95.2,21863.6,8,98.02,1,2.91,grade_8,yes,no,ELIGIBLE
87.63,19418.28,10,92.71,0,54.36,grade_8,yes,no,ELIGIBLE
93.03,10068.62,9,96.41,0,3.98,grade_8,yes,no,ELIGIBLE
94.03,34147.23,8,89.11,0,20.87,grade_7,yes,no,ELIGIBLE
95.3,39122.1,2,90.57,1,27.83,grade_10,yes,no,ELIGIBLE
89.06,23292.08,9,92.01,1,9.09,grade_10,yes,no,ELIGIBLE
96.18,25273.4,9,91.41,0,5.57,grade_10,yes,no,ELIGIBLE
94.49,32618.97,8,95.54,1,21.09,grade_10,yes,yes,ELIGIBLE
94.57,17720.99,5,92.47,0,10.23,grade_9,yes,no,ELIGIBLE
84.62,39042.75,9,99.91,1,14.61,grade_8,yes,yes,ELIGIBLE
98.93,37016.99,3,95.77,1,5.23,grade_12,yes,no,ELIGIBLE
99.09,32968.0,7,84.25,0,9.73,grade_8,yes,yes,ELIGIBLE
91.1,23499.07,3,85.06,1,10.85,grade_12,yes,no,ELIGIBLE
86.41,7967.52,6,91.12,0,12.54,grade_12,yes,no,ELIGIBLE
96.65,18886.34,4,93.6,2,17.67,grade_12,yes,no,ELIGIBLE
90.36,47802.55,8,92.94,0,7.28,grade_10,yes,no,ELIGIBLE
91.16,15635.3,5,92.69,0,18.64,grade_11,yes,yes,ELIGIBLE
91.76,31581.73,4,96.87,0,11.33,grade_8,yes,no,ELIGIBLE
94.32,116917.01,7,99.98,0,15.81,grade_8,yes,no,ELIGIBLE
86.09,23140.58,6,87.94,0,20.22,grade_9,yes,no,ELIGIBLE
93.93,15828.44,4,93.52,0,27.03,grade_8,yes,no,ELIGIBLE
87.67,28760.2,10,99.62,0,10.96,grade_9,yes,no,ELIGIBLE
97.66,21039.78,3,92.31,0,45.93,grade_8,yes,no,ELIGIBLE
93.39,31801.07,8,95.78,0,2.96,grade_11,yes,yes,ELIGIBLE
86.92,11129.5,7,93.58,0,35.66,grade_9,yes,no,ELIGIBLE
96.85,20693.95,9,94.99,0,18.1,grade_8,yes,no,ELIGIBLE
95.83,5783.27,10,94.91,0,30.17,grade_8,yes,no,ELIGIBLE
92.42,21671.85,9,92.64,1,15.67,grade_10,yes,no,ELIGIBLE
95.03,11817.53,9,99.14,1,9.93,grade_12,yes,no,ELIGIBLE
98.21,27928.08,3,91.73,1,9.92,grade_8,yes,no,ELIGIBLE
86.23,16509.04,6,91.46,0,67.61,grade_9,yes,no,ELIGIBLE
97.09,19060.05,7,85.77,1,24.11,grade_10,yes,no,ELIGIBLE
94.29,66296.38,10,88.53,0,10.56,grade_10,yes,no,ELIGIBLE
93.16,30860.4,2,81.67,0,21.99,grade_8,yes,no,ELIGIBLE
83.92,19536.72,3,98.65,0,10.76,grade_7,yes,yes,ELIGIBLE
85.71,30946.44,10,97.41,0,50.3,grade_10,yes,yes,ELIGIBLE
98.01,10260.99,7,99.09,0,11.93,grade_9,yes,no,ELIGIBLE
94.4,24257.56,3,81.68,0,13.39,grade_7,yes,no,ELIGIBLE
91.23,12197.85,3,92.18,0,4.29,grade_11,yes,yes,ELIGIBLE
89.02,26096.65,2,98.23,0,30.26,grade_12,yes,yes,ELIGIBLE
90.88,24872.91,6,94.85,0,16.31,grade_11,yes,no,ELIGIBLE
91.9,15735.34,3,92.86,1,31.05,grade_8,yes,yes,ELIGIBLE
88.46,7158.03,10,91.82,0,35.23,grade_10,yes,yes,ELIGIBLE
98.17,24044.99,2,85.12,1,11.09,grade_12,yes,no,ELIGIBLE
93.44,41538.75,4,99.92,0,8.69,grade_9,yes,yes,ELIGIBLE
84.22,27309.66,3,99.73,1,19.74,grade_8,yes,no,ELIGIBLE
87.31,46220.92,8,100.0,1,2.69,grade_11,yes,yes,ELIGIBLE
92.26,16570.19,2,99.99,1,45.7,grade_7,yes,yes,ELIGIBLE
86.01,20423.76,2,94.37,0,19.13,grade_11,yes,no,ELIGIBLE
87.49,15198.78,9,89.77,1,10.38,grade_12,yes,no,ELIGIBLE
89.45,54483.13,9,91.82,0,26.75,grade_9,yes,no,ELIGIBLE
93.17,42107.45,9,90.93,1,69.17,grade_9,yes,no,ELIGIBLE
97.54,25117.52,6,95.67,0,13.91,grade_9,yes,no,ELIGIBLE
86.33,20475.92,3,99.81,0,16.5,grade_11,yes,no,ELIGIBLE
92.93,45072.39,6,100.0,1,44.11,grade_7,yes,no,ELIGIBLE
98.4,42604.08,5,99.7,0,11.88,grade_9,yes,no,ELIGIBLE
81.51,13804.4,8,93.86,0,7.87,grade_10,yes,no,ELIGIBLE
93.48,51956.56,2,95.84,0,2.81,grade_9,yes,no,ELIGIBLE
84.8,17404.7,7,92.12,0,13.74,grade_12,yes,yes,ELIGIBLE
97.87,23102.21,9,92.91,0,56.04,grade_9,yes,no,ELIGIBLE
98.67,48331.1,4,82.59,0,4.83,grade_11,yes,yes,ELIGIBLE
79.04,20357.92,9,100.0,0,15.08,grade_10,yes,no,ELIGIBLE
79.45,15151.85,8,99.77,0,6.19,grade_8,yes,no,ELIGIBLE
90.46,44843.59,10,97.05,1,4.48,grade_8,yes,yes,ELIGIBLE
90.08,19791.02,10,95.16,2,8.59,grade_12,yes,no,ELIGIBLE
96.02,21485.7,9,97.79,0,13.75,grade_11,yes,no,ELIGIBLE
94.1,18490.18,7,93.63,0,19.5,grade_8,yes,no,ELIGIBLE
85.77,16704.46,6,91.53,0,66.5,grade_9,yes,no,ELIGIBLE
92.8,31395.42,2,81.63,0,20.58,grade_8,yes,no,ELIGIBLE
89.86,24487.44,2,88.7,0,32.08,grade_9,yes,yes,ELIGIBLE
98.24,38738.08,5,99.26,0,12.18,grade_9,yes,no,ELIGIBLE
99.12,24208.44,3,90.3,1,16.37,grade_7,yes,yes,ELIGIBLE
90.48,45989.54,6,97.5,0,18.56,grade_8,yes,no,ELIGIBLE
86.29,11712.35,7,93.5,0,36.33,grade_9,yes,no,ELIGIBLE
87.53,33427.16,10,94.49,1,13.76,grade_8,yes,no,ELIGIBLE
85.7,31935.81,9,97.31,1,33.3,grade_11,yes,no,ELIGIBLE
90.74,64620.28,2,92.56,0,21.73,grade_9,yes,no,ELIGIBLE
90.66,35371.67,10,94.32,1,10.93,grade_12,yes,no,ELIGIBLE
96.84,27245.72,5,94.47,0,4.4,grade_7,yes,no,ELIGIBLE
91.25,34715.07,10,94.51,1,12.75,grade_12,yes,no,ELIGIBLE
94.47,40078.6,8,91.49,0,0.65,grade_10,yes,yes,ELIGIBLE
92.34,22666.61,4,83.68,1,5.97,grade_11,yes,no,ELIGIBLE
85.31,18481.04,9,92.25,1,46.68,grade_11,yes,yes,ELIGIBLE
78.3,10116.7,2,93.83,0,4.58,grade_10,yes,no,ELIGIBLE
93.27,8159.37,5,97.75,1,5.93,grade_9,yes,no,ELIGIBLE
81.49,61392.11,9,100.0,0,23.4,grade_9,yes,yes,ELIGIBLE
91.18,10076.42,3,91.29,2,12.03,grade_10,yes,no,ELIGIBLE
91.2,15355.17,4,93.17,0,7.62,grade_7,yes,no,ELIGIBLE
95.51,27948.64,7,87.07,0,26.24,grade_10,yes,no,ELIGIBLE
86.11,14259.09,2,88.93,1,11.9,grade_8,no,no,ELIGIBLE
88.9,54014.8,3,94.9,0,36.07,grade_10,yes,no,ELIGIBLE
93.26,18531.45,3,91.31,0,31.9,grade_10,yes,no,ELIGIBLE
92.76,17600.47,3,90.66,0,38.0,grade_12,yes,no,ELIGIBLE
95.2,39301.67,9,94.25,0,16.61,grade_8,yes,no,ELIGIBLE
93.1,45010.45,9,91.3,1,67.38,grade_9,yes,no,ELIGIBLE
99.09,17862.89,9,98.25,1,4.45,grade_11,yes,no,ELIGIBLE
98.05,11646.45,7,94.8,1,3.78,grade_10,yes,no,ELIGIBLE
93.63,44416.81,10,95.44,0,41.84,grade_9,yes,no,ELIGIBLE
88.31,13660.29,5,90.49,0,23.87,grade_8,yes,no,ELIGIBLE
91.44,21725.99,4,85.38,0,3.24,grade_7,yes,no,ELIGIBLE
94.46,27655.74,5,98.43,1,16.59,grade_11,yes,yes,ELIGIBLE
92.07,41608.31,7,99.17,0,17.28,grade_11,yes,no,ELIGIBLE
93.79,36715.13,6,93.03,0,11.48,grade_12,yes,no,ELIGIBLE
91.94,55214.53,7,100.0,0,31.75,grade_11,yes,no,ELIGIBLE
93.75,40531.18,2,98.52,0,19.23,grade_7,yes,no,ELIGIBLE
83.89,47294.88,8,96.99,0,39.71,grade_7,yes,no,ELIGIBLE
85.19,18593.95,7,92.42,0,11.85,grade_12,yes,yes,ELIGIBLE
81.43,92115.35,3,83.43,0,25.96,grade_11,yes,no,ELIGIBLE
92.2,31648.21,6,84.96,0,16.29,grade_7,yes,no,ELIGIBLE
93.64,20281.62,4,100.0,2,14.63,grade_9,yes,no,ELIGIBLE
90.8,16272.72,5,92.29,0,10.39,grade_8,yes,no,ELIGIBLE
96.48,29867.06,9,91.73,0,5.25,grade_10,yes,no,ELIGIBLE
99.13,11912.6,2,94.68,1,17.88,grade_12,yes,yes,ELIGIBLE
92.21,43518.79,9,97.33,0,51.76,grade_7,yes,no,ELIGIBLE
83.17,7185.57,7,92.48,1,16.48,grade_10,yes,no,ELIGIBLE
85.73,39414.84,10,92.59,0,38.31,grade_8,yes,no,ELIGIBLE
96.81,31657.24,4,99.32,0,3.41,grade_9,yes,no,ELIGIBLE
94.94,28552.29,7,95.52,1,2.22,grade_12,yes,no,ELIGIBLE
87.65,31055.07,3,89.34,0,38.34,grade_9,yes,no,ELIGIBLE
95.94,17082.69,4,94.82,1,58.25,grade_7,yes,no,ELIGIBLE
86.11,26362.41,6,98.39,0,9.47,grade_9,yes,no,ELIGIBLE
94.19,25119.86,5,99.54,1,10.95,grade_11,yes,no,ELIGIBLE
78.24,11993.45,2,93.49,0,6.44,grade_10,yes,no,ELIGIBLE
92.39,29009.11,4,96.82,0,27.78,grade_11,yes,no,ELIGIBLE
95.02,41727.94,5,99.19,1,16.59,grade_11,yes,no,ELIGIBLE
91.62,15976.02,10,93.52,0,11.3,grade_12,yes,yes,ELIGIBLE
93.98,18279.92,7,83.81,0,8.5,grade_8,yes,no,ELIGIBLE
89.11,62638.38,3,100.0,0,16.7,grade_9,yes,yes,ELIGIBLE
95.34,21577.15,5,92.12,0,10.13,grade_9,yes,no,ELIGIBLE
88.25,11063.11,7,99.84,0,9.82,grade_9,yes,no,ELIGIBLE
90.48,15143.38,6,86.55,0,4.46,grade_9,yes,no,ELIGIBLE
98.87,20295.25,6,96.54,0,16.35,grade_9,yes,no,ELIGIBLE
94.02,24780.91,6,87.09,1,24.79,grade_12,yes,no,ELIGIBLE
98.79,12259.36,8,89.93,0,52.13,grade_10,yes,no,ELIGIBLE
85.88,24010.98,9,97.38,0,17.29,grade_10,yes,no,ELIGIBLE
79.1,22170.03,9,99.65,0,15.84,grade_10,yes,no,ELIGIBLE
85.81,18320.86,6,92.01,0,68.84,grade_9,yes,no,ELIGIBLE
90.43,21891.32,5,90.86,0,47.85,grade_11,yes,no,ELIGIBLE
84.54,15454.77,8,98.61,0,51.15,grade_7,yes,no,ELIGIBLE
86.42,16515.69,6,91.8,0,67.02,grade_9,yes,no,ELIGIBLE
87.44,39874.07,7,93.56,0,5.99,grade_8,yes,yes,ELIGIBLE
89.04,25852.05,2,91.31,1,8.54,grade_7,yes,no,ELIGIBLE
94.2,82185.35,11,96.28,0,21.35,grade_11,yes,yes,ELIGIBLE
97.61,66266.69,8,97.86,0,5.59,grade_12,yes,no,ELIGIBLE
98.29,7937.23,9,91.54,1,14.05,grade_8,yes,yes,ELIGIBLE
87.45,36544.87,2,94.94,1,24.36,grade_12,yes,no,ELIGIBLE
88.97,9564.6,5,90.11,0,2.03,grade_9,yes,yes,ELIGIBLE
94.01,15764.41,4,94.52,2,2.03,grade_11,yes,yes,ELIGIBLE
97.2,70588.08,8,97.36,0,6.99,grade_12,yes,no,ELIGIBLE
87.34,23751.39,7,94.26,1,2.04,grade_9,yes,no,ELIGIBLE
94.96,6299.36,6,84.28,0,6.24,grade_11,yes,yes,ELIGIBLE
91.17,14768.37,6,98.16,0,15.65,grade_12,yes,yes,ELIGIBLE
89.73,23569.73,10,95.68,0,18.4,grade_12,yes,no,ELIGIBLE
97.0,22837.42,5,87.52,1,15.56,grade_8,yes,yes,ELIGIBLE
93.31,11753.28,5,91.67,1,22.13,grade_12,yes,no,ELIGIBLE
86.0,18605.03,10,91.66,0,54.68,grade_8,yes,no,ELIGIBLE
90.28,10668.06,5,100.0,2,33.09,grade_10,yes,yes,ELIGIBLE
92.79,59308.79,7,94.63,0,24.07,grade_12,yes,no,ELIGIBLE
97.77,33911.42,5,85.35,0,1.48,grade_7,yes,no,ELIGIBLE
87.53,56911.17,7,84.7,0,13.49,grade_12,yes,no,ELIGIBLE
85.8,13437.37,9,96.26,0,27.78,grade_11,yes,no,ELIGIBLE
86.1,25642.58,6,98.94,0,9.17,grade_9,yes,no,ELIGIBLE
89.56,15290.84,6,91.62,1,16.5,grade_12,yes,no,ELIGIBLE
89.68,52677.4,5,94.58,0,25.89,grade_9,yes,no,ELIGIBLE
94.99,12334.29,10,100.0,1,8.74,grade_12,yes,no,ELIGIBLE
92.19,13473.09,10,95.27,1,21.83,grade_10,yes,no,ELIGIBLE
98.04,9431.22,8,100.0,1,27.16,grade_9,yes,no,ELIGIBLE
95.13,19781.03,7,88.86,1,33.64,grade_12,yes,no,ELIGIBLE
98.92,15379.73,9,98.12,1,5.72,grade_11,yes,no,ELIGIBLE
83.95,5463.47,7,92.51,1,14.57,grade_10,yes,no,ELIGIBLE
81.31,62439.6,9,99.94,0,24.99,grade_9,yes,yes,ELIGIBLE
85.41,13881.59,3,99.54,0,15.99,grade_12,yes,no,ELIGIBLE
95.29,12089.92,6,100.0,0,1.0,grade_10,yes,no,ELIGIBLE
98.07,20050.22,9,98.08,1,6.59,grade_11,yes,no,ELIGIBLE
88.12,25843.03,5,95.64,1,26.9,grade_12,yes,no,ELIGIBLE
85.87,40468.25,10,92.76,0,41.18,grade_8,yes,no,ELIGIBLE
99.22,18400.68,3,99.42,1,16.34,grade_9,yes,no,ELIGIBLE
87.14,19707.24,3,85.16,0,2.94,grade_7,yes,yes,ELIGIBLE
85.08,24841.3,9,86.48,1,12.4,grade_8,yes,yes,ELIGIBLE
93.58,19395.99,9,92.26,1,15.2,grade_10,yes,no,ELIGIBLE
99.22,24353.2,6,87.72,0,14.79,grade_11,yes,no,ELIGIBLE
96.43,31241.17,4,93.2,0,14.87,grade_9,yes,no,ELIGIBLE
88.9,20394.37,7,89.71,1,23.38,grade_12,yes,yes,ELIGIBLE
93.3,15118.8,6,91.05,0,7.9,grade_10,yes,no,ELIGIBLE
89.68,55397.38,5,94.33,0,26.96,grade_9,yes,no,ELIGIBLE
89.07,55563.11,3,95.13,0,37.86,grade_10,yes,no,ELIGIBLE
93.44,30096.27,7,98.77,0,22.67,grade_12,yes,yes,ELIGIBLE
97.63,18586.05,10,99.51,0,8.5,grade_10,yes,yes,ELIGIBLE
86.94,28696.76,2,92.63,0,19.18,grade_11,yes,no,ELIGIBLE
86.55,8195.14,2,97.1,1,8.27,grade_10,yes,yes,ELIGIBLE
94.38,7063.51,4,91.66,0,28.86,grade_11,yes,no,ELIGIBLE
83.94,5395.48,7,91.89,1,14.93,grade_10,yes,no,ELIGIBLE
95.05,39742.22,2,84.71,0,8.45,grade_12,yes,no,ELIGIBLE
89.38,29152.12,2,94.12,0,21.82,grade_10,yes,no,ELIGIBLE
93.05,59785.6,7,94.11,0,20.43,grade_12,yes,no,ELIGIBLE
94.93,14259.53,5,94.2,0,16.41,grade_12,yes,no,ELIGIBLE
87.91,50733.0,5,93.49,0,24.84,grade_9,yes,no,ELIGIBLE
99.01,10345.3,2,93.85,1,17.75,grade_12,yes,yes,ELIGIBLE
86.8,17439.0,9,96.13,0,3.28,grade_11,yes,yes,ELIGIBLE
91.43,28309.74,4,96.87,0,10.58,grade_8,yes,no,ELIGIBLE
89.54,13242.93,2,89.12,0,7.34,grade_7,yes,no,ELIGIBLE
93.57,23876.82,6,93.55,1,18.48,grade_7,yes,no,ELIGIBLE
95.42,58420.45,7,92.99,0,14.45,grade_7,yes,no,ELIGIBLE
96.82,47611.39,7,94.56,0,23.48,grade_12,yes,no,ELIGIBLE
85.77,17112.65,4,89.52,1,54.62,grade_11,yes,no,ELIGIBLE
99.04,16838.03,2,94.11,1,20.54,grade_9,yes,no,ELIGIBLE
93.77,18625.18,5,87.84,0,35.74,grade_9,yes,no,ELIGIBLE
87.19,11559.3,2,99.77,1,2.22,grade_10,yes,no,ELIGIBLE
89.53,14555.7,6,99.5,0,0.0,grade_10,yes,no,ELIGIBLE
93.25,18560.93,8,87.44,1,12.09,grade_10,yes,no,ELIGIBLE
85.39,24818.48,3,91.22,0,17.7,grade_8,yes,no,ELIGIBLE
91.94,59479.77,7,94.27,0,22.61,grade_12,yes,no,ELIGIBLE
96.99,20291.43,9,93.77,1,15.92,grade_7,yes,yes,ELIGIBLE
97.87,8397.28,9,90.74,1,15.13,grade_8,yes,yes,ELIGIBLE
95.43,23588.98,6,87.04,1,23.05,grade_12,yes,no,ELIGIBLE
78.47,23162.78,5,100.0,0,25.52,grade_12,yes,yes,ELIGIBLE
96.59,18107.89,3,94.15,2,30.94,grade_7,yes,no,ELIGIBLE
95.34,25672.34,9,91.29,0,5.82,grade_10,yes,no,ELIGIBLE
95.39,21727.47,7,87.49,0,12.78,grade_8,yes,no,ELIGIBLE
98.34,44809.04,7,91.85,0,3.95,grade_11,yes,no,ELIGIBLE
93.74,28987.76,7,98.41,0,21.26,grade_12,yes,yes,ELIGIBLE
94.4,17622.75,2,99.83,1,12.65,grade_7,yes,no,ELIGIBLE
99.06,20201.65,7,86.93,0,12.85,grade_7,yes,yes,ELIGIBLE
95.78,30701.47,6,93.34,0,22.26,grade_12,yes,no,ELIGIBLE
97.21,24697.39,5,99.37,0,30.01,grade_11,yes,no,ELIGIBLE
93.95,15770.62,4,93.94,0,25.26,grade_8,yes,no,ELIGIBLE
94.2,30740.58,6,100.0,1,23.88,grade_12,yes,no,ELIGIBLE
87.79,20924.13,7,93.85,1,4.76,grade_9,yes,no,ELIGIBLE
84.42,25368.48,2,92.02,0,8.45,grade_7,yes,yes,ELIGIBLE
93.1,33196.43,2,88.02,0,20.69,grade_7,yes,no,ELIGIBLE
85.79,23376.85,4,92.14,0,6.64,grade_12,yes,no,ELIGIBLE
93.0,39953.18,4,99.96,0,9.4,grade_9,yes,yes,ELIGIBLE
90.12,52197.2,9,91.94,0,27.14,grade_9,yes,no,ELIGIBLE
93.4,40748.11,7,85.77,0,12.31,grade_9,yes,yes,ELIGIBLE
95.6,40467.64,4,97.13,0,10.8,grade_7,yes,no,ELIGIBLE
92.61,10384.26,3,88.44,0,2.43,grade_10,yes,no,ELIGIBLE
97.57,20576.83,7,86.13,1,26.49,grade_10,yes,no,ELIGIBLE
93.59,18308.82,5,89.77,0,40.63,grade_9,yes,no,ELIGIBLE
93.78,14706.22,7,90.29,0,9.86,grade_11,yes,no,ELIGIBLE
92.68,28703.25,7,89.92,0,9.43,grade_7,yes,no,ELIGIBLE
90.92,32843.46,10,82.73,0,57.99,grade_7,yes,no,ELIGIBLE
93.84,42022.51,10,95.56,0,43.19,grade_9,yes,no,ELIGIBLE
93.39,12815.01,7,81.68,1,4.59,grade_12,yes,no,ELIGIBLE
91.56,35664.05,4,99.7,1,4.95,grade_12,yes,yes,ELIGIBLE
85.91,19967.68,7,92.4,0,13.85,grade_12,yes,yes,ELIGIBLE
80.37,22556.56,2,93.52,0,6.87,grade_12,yes,yes,ELIGIBLE
92.36,21768.52,9,91.28,1,15.18,grade_10,yes,no,ELIGIBLE
80.31,21519.48,2,93.85,0,9.44,grade_12,yes,yes,ELIGIBLE
90.83,16734.57,2,85.44,0,19.96,grade_9,yes,no,ELIGIBLE
85.67,26246.34,10,93.37,0,26.22,grade_12,yes,no,ELIGIBLE
93.13,16924.34,5,86.82,0,34.21,grade_9,yes,no,ELIGIBLE
83.63,20972.02,8,86.16,0,35.84,grade_11,yes,yes,ELIGIBLE
85.21,27144.39,8,90.52,0,31.2,grade_10,yes,no,ELIGIBLE
91.04,8804.09,6,97.56,1,15.0,grade_12,yes,no,ELIGIBLE
88.49,10630.65,5,91.01,0,4.01,grade_9,yes,yes,ELIGIBLE
95.29,18228.57,3,94.63,0,2.75,grade_11,yes,no,ELIGIBLE
91.06,6525.32,5,93.14,0,48.92,grade_12,yes,no,ELIGIBLE
93.8,49476.58,5,99.99,0,27.54,grade_12,yes,no,ELIGIBLE
90.19,13247.36,5,93.27,0,49.09,grade_12,yes,no,ELIGIBLE
82.68,13406.0,5,96.68,0,10.04,grade_8,yes,no,ELIGIBLE
87.48,18555.4,7,100.0,0,39.91,grade_8,yes,no,ELIGIBLE
88.62,43747.27,5,88.91,0,64.22,grade_12,yes,no,ELIGIBLE
96.23,31166.76,8,99.53,0,26.7,grade_7,yes,no,ELIGIBLE
93.04,12958.5,7,99.67,0,18.51,grade_7,yes,no,ELIGIBLE
96.9,43681.83,7,89.84,1,18.28,grade_12,yes,no,ELIGIBLE
89.44,23888.23,4,95.3,1,2.8,grade_12,yes,yes,ELIGIBLE
91.05,26842.86,2,93.31,2,19.99,grade_10,yes,no,ELIGIBLE
89.15,8092.46,4,100.0,0,7.37,grade_10,yes,yes,ELIGIBLE
88.52,14134.85,7,92.63,2,17.36,grade_9,yes,no,ELIGIBLE
95.07,41571.31,9,94.75,0,14.73,grade_8,yes,no,ELIGIBLE
93.42,13174.55,6,86.81,0,7.78,grade_8,yes,no,ELIGIBLE
93.96,41046.46,9,88.1,1,32.22,grade_10,yes,no,ELIGIBLE
94.99,7323.47,9,89.7,1,14.49,grade_11,yes,no,ELIGIBLE
93.03,14438.09,3,91.6,0,9.59,grade_9,yes,yes,ELIGIBLE
93.47,6684.25,7,99.93,0,6.91,grade_12,yes,no,ELIGIBLE
91.28,40037.28,7,98.42,0,17.18,grade_11,yes,no,ELIGIBLE
85.75,24322.87,5,99.62,1,6.75,grade_9,yes,no,ELIGIBLE
84.54,21360.43,5,90.6,0,20.53,grade_10,yes,no,ELIGIBLE
86.88,37320.58,2,93.86,1,22.14,grade_12,yes,no,ELIGIBLE
95.46,22725.93,4,92.31,1,15.68,grade_12,yes,no,ELIGIBLE
92.1,20324.99,3,99.29,1,27.04,grade_7,yes,no,ELIGIBLE
98.0,11017.3,5,100.0,1,21.95,grade_8,yes,no,ELIGIBLE
96.05,34233.33,6,92.84,0,21.3,grade_12,yes,no,ELIGIBLE
83.38,18303.85,6,89.93,0,6.97,grade_9,yes,no,ELIGIBLE
88.36,18032.21,10,99.54,1,2.48,grade_10,yes,no,ELIGIBLE
85.71,30240.63,9,88.35,0,7.83,grade_8,yes,no,ELIGIBLE
87.67,34506.69,2,93.34,1,22.99,grade_12,yes,no,ELIGIBLE
95.66,19035.65,3,94.53,2,29.29,grade_7,yes,no,ELIGIBLE
89.06,27744.88,2,93.94,0,19.7,grade_10,yes,no,ELIGIBLE
89.92,49436.3,6,88.54,0,18.13,grade_9,yes,yes,ELIGIBLE
97.91,37481.43,4,99.25,0,4.58,grade_7,yes,yes,ELIGIBLE
91.13,71042.2,9,99.74,0,9.74,grade_9,yes,yes,ELIGIBLE
90.17,44062.39,5,91.13,0,63.71,grade_12,yes,no,ELIGIBLE
91.89,28438.11,2,93.39,2,19.74,grade_10,yes,no,ELIGIBLE
87.81,41345.04,9,88.13,1,26.5,grade_11,yes,no,ELIGIBLE
89.7,68644.1,2,92.75,0,20.8,grade_9,yes,no,ELIGIBLE
91.04,22854.78,3,85.06,1,10.76,grade_12,yes,no,ELIGIBLE
86.06,18931.23,3,95.06,0,11.61,grade_9,yes,no,ELIGIBLE
87.9,32702.14,4,93.32,0,20.43,grade_9,yes,no,ELIGIBLE
90.4,9498.2,5,89.66,1,24.12,grade_7,yes,no,ELIGIBLE
86.0,23276.36,4,92.54,0,16.7,grade_12,yes,no,ELIGIBLE
90.54,62573.11,8,100.0,1,79.31,grade_11,yes,no,ELIGIBLE
89.81,25797.85,4,95.83,1,0.0,grade_12,yes,yes,ELIGIBLE
82.55,9911.14,4,100.0,0,6.67,grade_8,yes,no,ELIGIBLE
92.08,34831.83,9,96.44,0,53.0,grade_9,yes,no,ELIGIBLE
87.33,15000.02,7,99.44,0,39.57,grade_8,yes,no,ELIGIBLE
88.65,24178.66,3,97.52,1,18.31,grade_8,yes,no,ELIGIBLE
91.92,15059.59,2,99.77,1,44.89,grade_7,yes,yes,ELIGIBLE
88.38,22686.94,10,90.19,0,5.73,grade_12,yes,no,ELIGIBLE
94.55,11886.88,9,90.03,1,16.35,grade_11,yes,no,ELIGIBLE
98.32,14519.55,5,88.79,0,21.28,grade_10,yes,no,ELIGIBLE
96.9,15995.24,4,94.48,1,58.65,grade_7,yes,no,ELIGIBLE
89.8,19269.86,3,85.19,0,9.58,grade_9,yes,no,ELIGIBLE
95.67,27808.49,9,91.69,0,4.69,grade_10,yes,no,ELIGIBLE
92.53,21460.79,4,85.88,0,3.46,grade_7,yes,no,ELIGIBLE
92.67,23051.84,2,90.4,1,19.17,grade_12,yes,no,ELIGIBLE
85.72,17497.57,9,92.67,1,45.03,grade_11,yes,yes,ELIGIBLE
89.68,7836.93,8,95.69,0,11.76,grade_10,yes,no,ELIGIBLE
92.27,26561.57,2,85.54,0,21.42,grade_9,yes,yes,ELIGIBLE
89.57,20702.68,10,95.23,2,7.28,grade_12,yes,no,ELIGIBLE
98.92,16816.02,2,94.21,1,21.15,grade_9,yes,no,ELIGIBLE
89.24,18514.2,5,98.98,0,7.45,grade_7,yes,no,ELIGIBLE
90.51,19632.12,3,84.54,1,10.87,grade_12,yes,no,ELIGIBLE
93.14,21445.01,2,100.0,1,47.16,grade_7,yes,yes,ELIGIBLE
94.06,32360.7,8,89.0,0,22.81,grade_7,yes,no,ELIGIBLE
85.15,40718.98,10,92.22,0,37.45,grade_8,yes,no,ELIGIBLE
89.75,17362.54,2,88.82,0,9.2,grade_7,yes,no,ELIGIBLE
83.51,21714.99,8,86.12,0,35.25,grade_11,yes,yes,ELIGIBLE
89.4,15308.02,5,93.31,2,10.65,grade_7,yes,no,ELIGIBLE
92.94,42234.49,8,96.61,0,5.5,grade_8,yes,yes,ELIGIBLE
93.87,36572.28,2,87.5,0,20.73,grade_7,yes,no,ELIGIBLE
95.91,19370.8,10,99.77,0,5.7,grade_8,yes,no,ELIGIBLE
91.47,11202.81,3,91.79,0,5.13,grade_11,yes,yes,ELIGIBLE
77.81,14379.45,8,96.4,1,31.59,grade_12,yes,no,ELIGIBLE
94.1,62459.94,8,89.95,0,15.17,grade_11,yes,no,ELIGIBLE
86.72,10313.1,9,88.41,0,23.19,grade_12,yes,no,ELIGIBLE
82.3,21826.95,3,91.77,0,11.95,grade_12,no,no,ELIGIBLE
95.97,9107.83,7,100.0,1,20.0,grade_8,yes,no,ELIGIBLE
86.54,16368.72,8,95.49,1,1.31,grade_11,yes,yes,ELIGIBLE
93.75,23264.4,5,95.12,1,15.24,grade_9,yes,no,ELIGIBLE
83.78,14119.99,8,98.28,0,53.24,grade_7,yes,no,ELIGIBLE
97.76,45952.43,7,91.35,0,3.85,grade_11,yes,no,ELIGIBLE
88.11,23542.51,5,95.09,1,26.76,grade_12,yes,no,ELIGIBLE
91.51,41166.89,7,99.17,0,13.89,grade_11,yes,no,ELIGIBLE
98.49,30561.11,10,88.77,1,10.42,grade_12,yes,no,ELIGIBLE
92.66,59943.67,7,94.12,0,21.56,grade_12,yes,no,ELIGIBLE
90.1,23741.88,10,94.73,0,17.44,grade_12,yes,no,ELIGIBLE
89.23,35839.9,7,92.18,0,4.57,grade_10,yes,no,ELIGIBLE
86.7,13751.48,9,90.41,1,28.86,grade_11,yes,no,ELIGIBLE
92.34,35785.4,3,87.63,0,23.54,grade_7,yes,no,ELIGIBLE
78.5,14983.37,2,93.98,0,7.34,grade_10,yes,no,ELIGIBLE
92.8,11874.89,8,85.0,1,17.84,grade_11,yes,no,ELIGIBLE
98.68,8715.19,9,90.84,1,16.4,grade_8,yes,yes,ELIGIBLE
86.39,26484.96,10,93.65,0,26.55,grade_12,yes,no,ELIGIBLE
87.28,40557.07,9,88.03,1,28.01,grade_11,yes,no,ELIGIBLE
94.66,15593.37,5,91.6,0,13.78,grade_12,yes,no,ELIGIBLE
92.89,31472.07,6,87.38,0,6.21,grade_8,yes,no,ELIGIBLE
93.15,8462.25,6,97.48,0,43.99,grade_7,yes,no,ELIGIBLE
89.88,13871.36,6,94.93,2,6.56,grade_8,yes,no,ELIGIBLE
89.81,62068.1,9,98.54,0,4.48,grade_11,yes,no,ELIGIBLE
95.91,22642.63,8,83.28,1,4.47,grade_12,yes,yes,ELIGIBLE
89.59,12871.95,5,100.0,2,35.76,grade_10,yes,yes,ELIGIBLE
99.35,42400.69,7,83.33,1,34.01,grade_12,yes,no,ELIGIBLE
83.59,18196.07,6,88.56,0,5.28,grade_9,yes,no,ELIGIBLE
87.74,5731.03,10,91.55,0,36.14,grade_10,yes,yes,ELIGIBLE
95.48,23128.76,5,100.0,0,8.64,grade_8,yes,no,ELIGIBLE
85.21,13853.3,9,92.16,1,43.79,grade_11,yes,yes,ELIGIBLE
93.02,36568.19,8,90.84,0,29.3,grade_8,yes,no,ELIGIBLE
87.14,7405.0,8,89.14,1,6.84,grade_12,yes,no,ELIGIBLE
92.39,11419.23,6,91.93,1,8.24,grade_10,yes,yes,ELIGIBLE
88.59,15774.78,6,84.17,0,34.99,grade_8,yes,no,ELIGIBLE
92.83,35265.43,5,98.54,1,23.12,grade_11,yes,no,ELIGIBLE
95.16,24531.9,2,93.66,0,28.49,grade_8,yes,no,ELIGIBLE
93.11,39631.81,9,91.14,1,67.88,grade_9,yes,no,ELIGIBLE
93.04,21920.98,5,99.61,1,8.78,grade_11,yes,no,ELIGIBLE
81.91,14905.27,5,97.25,0,8.87,grade_8,yes,no,ELIGIBLE
92.94,21036.32,4,83.99,1,5.0,grade_11,yes,no,ELIGIBLE
92.81,23049.94,8,96.0,1,20.15,grade_12,yes,no,ELIGIBLE
82.64,7830.19,5,93.34,0,7.76,grade_10,yes,no,ELIGIBLE
95.02,111421.62,8,96.81,0,38.22,grade_8,yes,no,ELIGIBLE
92.29,14227.59,5,96.71,0,13.63,grade_8,yes,yes,ELIGIBLE
88.58,31301.16,9,91.2,1,12.38,grade_10,yes,no,ELIGIBLE
96.11,29827.59,8,99.7,0,26.65,grade_7,yes,no,ELIGIBLE
87.04,10247.74,7,92.77,0,37.41,grade_9,yes,no,ELIGIBLE
98.66,7373.66,4,80.47,0,7.06,grade_8,yes,no,ELIGIBLE
89.54,10273.32,5,89.64,0,13.46,grade_9,yes,no,ELIGIBLE
95.06,21420.0,8,82.78,1,4.69,grade_12,yes,yes,ELIGIBLE
83.84,33884.56,7,99.68,0,33.09,grade_8,yes,no,ELIGIBLE
84.66,44457.26,8,96.24,0,38.94,grade_7,yes,no,ELIGIBLE
88.21,8223.77,6,94.28,3,13.28,grade_11,yes,no,ELIGIBLE
93.55,49200.6,2,91.17,0,8.48,grade_9,yes,yes,ELIGIBLE
89.68,27591.21,9,87.43,1,21.06,grade_10,yes,no,ELIGIBLE
88.99,28055.91,7,99.67,0,44.38,grade_10,yes,yes,ELIGIBLE
93.48,35993.54,2,95.92,1,39.91,grade_10,yes,no,ELIGIBLE
87.57,41371.11,10,95.27,0,8.75,grade_11,yes,yes,ELIGIBLE
96.04,31512.55,4,98.6,0,3.77,grade_9,yes,no,ELIGIBLE
82.64,119750.57,4,94.86,0,4.17,grade_10,no,no,ELIGIBLE
97.15,36566.35,8,96.51,0,11.87,grade_11,yes,no,ELIGIBLE
89.14,20063.12,3,91.06,0,17.46,grade_12,yes,no,ELIGIBLE
85.68,18913.77,10,93.72,1,17.14,grade_10,yes,no,ELIGIBLE
88.22,24075.6,9,91.92,1,14.21,grade_10,yes,no,ELIGIBLE
91.6,26972.39,3,99.7,0,7.46,grade_9,yes,no,ELIGIBLE
88.72,10899.07,9,94.02,0,31.38,grade_12,yes,no,ELIGIBLE
98.12,28387.99,10,100.0,0,15.62,grade_8,yes,no,ELIGIBLE
99.0,45235.79,7,82.1,1,33.1,grade_12,yes,no,ELIGIBLE
87.44,11271.55,2,97.83,1,9.4,grade_10,yes,yes,ELIGIBLE
91.9,23087.54,9,92.96,0,23.37,grade_9,yes,no,ELIGIBLE
83.27,25118.11,7,95.3,0,7.6,grade_8,yes,no,ELIGIBLE
83.97,38175.41,2,93.55,0,39.12,grade_9,yes,yes,ELIGIBLE
94.14,48941.28,8,88.56,0,42.08,grade_10,yes,no,ELIGIBLE
88.61,35468.23,10,95.09,0,9.19,grade_11,yes,yes,ELIGIBLE
98.07,16344.13,5,88.46,0,19.83,grade_10,yes,no,ELIGIBLE
91.42,25333.0,2,93.46,2,19.89,grade_10,yes,no,ELIGIBLE
88.24,13523.42,9,93.44,0,29.84,grade_12,yes,no,ELIGIBLE
82.24,17433.94,7,91.2,0,34.5,grade_8,yes,no,ELIGIBLE
95.62,20643.28,7,95.1,0,25.16,grade_11,yes,no,ELIGIBLE
96.83,34609.06,6,93.56,0,25.6,grade_12,yes,no,ELIGIBLE
87.83,12244.21,7,99.68,0,11.99,grade_9,yes,no,ELIGIBLE
87.5,27518.63,5,83.22,0,25.92,grade_12,yes,yes,ELIGIBLE
91.69,18045.05,3,89.14,0,31.2,grade_12,yes,yes,ELIGIBLE
94.27,33183.18,8,94.66,1,22.57,grade_10,yes,yes,ELIGIBLE
92.9,10744.13,3,99.37,1,12.69,grade_7,yes,no,ELIGIBLE
87.51,16619.08,5,90.77,0,23.85,grade_8,yes,no,ELIGIBLE
94.57,67699.33,10,88.7,0,10.83,grade_10,yes,no,ELIGIBLE
94.5,36804.24,7,86.18,0,9.3,grade_9,yes,yes,ELIGIBLE
93.26,23500.48,7,95.79,0,6.41,grade_8,yes,no,ELIGIBLE
92.5,16332.32,3,98.83,0,8.47,grade_10,yes,no,ELIGIBLE
94.45,46071.91,8,92.15,0,25.55,grade_8,yes,yes,ELIGIBLE
91.08,24949.21,6,100.0,0,16.44,grade_7,yes,no,ELIGIBLE
95.5,16686.58,6,100.0,0,3.8,grade_10,yes,no,ELIGIBLE
90.4,31534.47,7,100.0,0,45.11,grade_10,yes,yes,ELIGIBLE
94.83,24941.35,6,99.85,0,10.75,grade_12,yes,no,ELIGIBLE
93.75,27730.38,7,98.71,0,23.2,grade_12,yes,yes,ELIGIBLE
92.62,26573.7,4,86.89,1,8.64,grade_8,yes,yes,ELIGIBLE
87.73,51429.03,10,96.27,0,15.07,grade_10,yes,no,ELIGIBLE
83.83,12393.31,8,98.73,0,53.76,grade_7,yes,no,ELIGIBLE
91.93,32519.89,6,87.1,0,7.92,grade_8,yes,no,ELIGIBLE
89.94,20548.22,3,89.12,0,18.97,grade_7,yes,no,ELIGIBLE
97.49,12601.97,5,84.7,0,4.77,grade_9,yes,no,ELIGIBLE
98.45,16360.97,9,98.34,1,6.92,grade_11,yes,no,ELIGIBLE
91.38,19848.7,5,99.21,0,35.54,grade_12,yes,no,ELIGIBLE
90.71,17596.29,3,85.52,0,9.78,grade_9,yes,no,ELIGIBLE
94.0,68215.95,2,93.74,0,30.42,grade_12,yes,no,ELIGIBLE
86.87,10441.62,6,86.27,0,5.39,grade_9,yes,no,ELIGIBLE
96.1,16686.82,4,94.97,1,59.16,grade_7,yes,no,ELIGIBLE
89.11,32634.61,7,89.9,0,17.62,grade_11,yes,no,ELIGIBLE
87.0,28233.74,4,94.03,0,20.06,grade_9,yes,no,ELIGIBLE
97.27,15894.83,5,84.62,0,6.18,grade_9,yes,no,ELIGIBLE
98.8,24146.67,2,85.67,1,12.06,grade_12,yes,no,ELIGIBLE
92.6,34273.34,9,96.71,0,51.92,grade_9,yes,no,ELIGIBLE
86.11,16375.31,7,99.59,0,24.41,grade_10,yes,yes,ELIGIBLE
88.25,5033.99,8,96.77,1,2.72,grade_12,yes,yes,ELIGIBLE
97.07,8369.53,4,89.61,0,33.7,grade_9,yes,no,ELIGIBLE
85.64,18420.33,7,100.0,0,25.32,grade_10,yes,yes,ELIGIBLE
94.98,25797.51,5,99.27,1,16.86,grade_11,yes,yes,ELIGIBLE
95.44,19883.15,6,87.76,1,23.39,grade_12,yes,no,ELIGIBLE
96.0,22376.59,3,92.33,1,13.88,grade_12,yes,no,ELIGIBLE
86.13,21574.17,3,96.06,0,10.76,grade_9,yes,no,ELIGIBLE
86.85,37875.35,9,89.04,1,28.51,grade_11,yes,no,ELIGIBLE
94.51,39330.03,5,98.98,1,18.21,grade_11,yes,no,ELIGIBLE
88.48,38864.96,7,83.38,0,26.47,grade_12,yes,no,ELIGIBLE
92.64,9045.2,7,81.7,1,4.95,grade_12,yes,no,ELIGIBLE
91.3,31515.55,4,96.9,0,12.59,grade_8,yes,no,ELIGIBLE
97.41,43455.08,8,92.23,1,11.51,grade_8,yes,no,ELIGIBLE
89.26,23235.17,10,91.63,0,8.75,grade_10,yes,no,ELIGIBLE
91.35,17815.75,6,97.19,1,31.93,grade_9,yes,yes,ELIGIBLE
88.61,10772.19,3,86.72,1,3.56,grade_8,yes,yes,ELIGIBLE
91.58,10442.39,9,87.48,1,0.91,grade_10,yes,no,ELIGIBLE
80.04,25064.7,2,94.06,0,9.61,grade_12,yes,yes,ELIGIBLE
99.05,23838.85,8,96.63,1,18.57,grade_10,yes,no,ELIGIBLE
96.43,34437.58,4,98.69,0,3.23,grade_9,yes,no,ELIGIBLE
85.93,27312.76,8,97.7,0,12.72,grade_8,yes,no,ELIGIBLE
88.8,18653.3,10,89.88,0,3.41,grade_12,yes,no,ELIGIBLE
90.68,13339.25,6,92.36,1,17.9,grade_12,yes,no,ELIGIBLE
98.63,39641.94,9,90.71,1,3.4,grade_12,yes,no,ELIGIBLE
80.81,51547.08,10,96.04,0,36.06,grade_10,yes,yes,ELIGIBLE
92.7,23043.85,7,95.91,0,8.92,grade_10,yes,no,ELIGIBLE
93.76,22915.08,9,90.5,0,5.83,grade_10,yes,no,ELIGIBLE
94.91,33936.71,8,88.97,0,21.71,grade_7,yes,no,ELIGIBLE
87.87,26715.54,2,98.02,0,29.08,grade_12,yes,yes,ELIGIBLE
91.3,27827.42,3,99.65,0,5.08,grade_9,yes,no,ELIGIBLE
88.75,19347.91,10,98.3,0,8.63,grade_11,yes,no,ELIGIBLE
89.01,12684.7,6,94.73,2,7.91,grade_8,yes,no,ELIGIBLE
97.83,20146.3,8,94.72,2,4.25,grade_11,yes,no,ELIGIBLE
83.96,30620.45,8,100.0,0,33.75,grade_8,yes,no,ELIGIBLE
93.99,45053.43,9,88.02,1,31.2,grade_10,yes,no,ELIGIBLE
94.07,39435.31,2,97.97,0,19.7,grade_7,yes,no,ELIGIBLE
98.89,17552.16,8,86.96,0,5.81,grade_12,yes,yes,ELIGIBLE
93.8,13778.36,5,96.15,2,7.42,grade_9,yes,yes,ELIGIBLE
92.8,13187.4,7,100.0,0,18.97,grade_7,yes,no,ELIGIBLE
96.7,13125.2,4,95.53,0,2.33,grade_9,yes,yes,ELIGIBLE
92.59,32654.14,8,96.08,0,2.68,grade_11,yes,yes,ELIGIBLE
96.14,36435.06,9,88.35,1,16.69,grade_10,yes,no,ELIGIBLE
96.16,21591.54,9,94.77,0,17.91,grade_8,yes,no,ELIGIBLE
94.36,62927.39,6,94.49,0,4.81,grade_11,yes,no,ELIGIBLE
81.98,59694.97,9,99.84,0,23.23,grade_9,yes,yes,ELIGIBLE
87.57,39754.81,7,94.2,0,7.45,grade_8,yes,yes,ELIGIBLE
94.62,18443.08,7,88.37,1,33.48,grade_12,yes,no,ELIGIBLE
97.72,10278.9,8,100.0,1,28.11,grade_9,yes,no,ELIGIBLE
83.33,13688.42,2,99.95,1,13.38,grade_10,yes,yes,ELIGIBLE
84.19,38410.22,9,83.85,1,8.11,grade_9,yes,yes,ELIGIBLE
87.01,10627.79,4,94.37,1,32.51,grade_10,yes,yes,ELIGIBLE
98.6,19258.23,7,97.07,1,5.48,grade_8,yes,no,ELIGIBLE
94.31,22930.63,9,89.77,0,4.21,grade_10,yes,no,ELIGIBLE
94.54,11408.59,5,95.59,2,5.31,grade_9,yes,yes,ELIGIBLE
89.1,8784.14,4,99.87,0,6.93,grade_10,yes,yes,ELIGIBLE
99.06,20560.57,5,86.26,0,19.14,grade_8,yes,no,ELIGIBLE
87.79,38561.62,4,93.52,0,28.43,grade_12,yes,yes,ELIGIBLE
96.49,16503.98,4,92.28,0,13.69,grade_7,yes,no,ELIGIBLE
93.33,39288.89,4,100.0,0,9.35,grade_9,yes,yes,ELIGIBLE
94.63,40240.55,8,91.24,0,0.0,grade_10,yes,yes,ELIGIBLE
89.59,38769.38,4,95.94,0,23.16,grade_8,yes,no,ELIGIBLE
77.65,20200.72,9,100.0,0,13.38,grade_10,yes,no,ELIGIBLE
88.46,97920.43,2,89.9,0,2.35,grade_10,yes,no,ELIGIBLE
98.71,22525.12,3,90.64,1,17.68,grade_7,yes,yes,ELIGIBLE
98.89,44970.55,8,92.05,1,12.32,grade_8,yes,no,ELIGIBLE
93.38,58281.14,2,93.14,1,21.11,grade_7,yes,no,ELIGIBLE
98.23,46329.91,4,81.55,0,4.43,grade_11,yes,yes,ELIGIBLE
91.33,15800.27,3,93.84,1,39.6,grade_11,yes,no,ELIGIBLE
87.86,27755.1,5,93.09,0,19.43,grade_7,yes,no,ELIGIBLE
80.47,51437.72,10,96.38,0,35.59,grade_10,yes,yes,ELIGIBLE
93.39,42403.16,10,97.22,1,12.45,grade_9,yes,yes,ELIGIBLE
85.15,8434.72,2,92.82,0,11.41,grade_10,yes,no,ELIGIBLE
81.88,21840.89,9,98.67,0,8.95,grade_8,yes,no,ELIGIBLE
91.39,48754.65,10,95.67,0,19.82,grade_10,yes,yes,ELIGIBLE
95.27,19841.44,8,99.23,1,24.09,grade_8,yes,no,ELIGIBLE
93.53,9190.26,3,99.66,1,10.91,grade_7,yes,no,ELIGIBLE
92.19,9842.52,9,100.0,0,22.41,grade_8,yes,no,ELIGIBLE
89.41,22820.12,2,90.16,0,0.0,grade_10,yes,no,ELIGIBLE
91.04,6214.03,2,99.98,1,7.12,grade_8,yes,yes,ELIGIBLE
90.85,14935.44,8,96.5,1,29.91,grade_8,yes,no,ELIGIBLE
94.05,33817.15,2,87.63,0,21.97,grade_7,yes,no,ELIGIBLE
95.75,20052.89,3,94.86,2,30.21,grade_7,yes,no,ELIGIBLE
93.28,15194.7,7,95.51,0,14.74,grade_7,yes,yes,ELIGIBLE
95.39,38740.13,9,90.19,1,16.18,grade_7,yes,yes,ELIGIBLE
81.51,22012.61,6,91.8,0,6.32,grade_12,yes,no,ELIGIBLE
90.37,37550.19,5,94.06,0,32.17,grade_11,yes,yes,ELIGIBLE
90.14,18433.06,3,85.84,0,9.92,grade_9,yes,no,ELIGIBLE
92.46,46474.89,10,83.7,0,6.93,grade_9,yes,no,ELIGIBLE
87.39,9745.84,3,96.24,2,28.78,grade_11,yes,no,ELIGIBLE
93.42,33441.06,4,86.66,1,8.42,grade_8,yes,yes,ELIGIBLE
93.38,27974.79,4,87.12,1,8.39,grade_8,yes,yes,ELIGIBLE
95.52,42372.03,6,90.7,1,19.35,grade_8,yes,no,ELIGIBLE
87.45,24490.23,5,95.5,1,26.83,grade_12,yes,no,ELIGIBLE
93.2,35757.38,6,84.7,0,7.83,grade_11,yes,no,ELIGIBLE
99.2,26801.41,6,88.2,0,13.84,grade_11,yes,no,ELIGIBLE
89.36,17729.53,6,97.68,0,19.88,grade_10,yes,no,ELIGIBLE
86.15,7502.03,6,95.11,0,33.41,grade_10,yes,no,ELIGIBLE
95.23,30528.82,8,95.71,1,21.29,grade_10,yes,yes,ELIGIBLE
94.99,21791.83,2,100.0,1,30.16,grade_11,yes,no,ELIGIBLE
97.39,36883.49,4,84.33,0,10.44,grade_7,yes,yes,ELIGIBLE
87.94,14411.42,9,98.3,0,5.83,grade_10,yes,yes,ELIGIBLE
92.77,37885.64,9,93.02,1,64.95,grade_8,yes,yes,ELIGIBLE
96.68,37859.0,6,93.17,0,23.03,grade_12,yes,no,ELIGIBLE
88.82,27499.06,2,86.62,0,35.09,grade_10,yes,no,ELIGIBLE
93.59,32324.52,8,96.26,0,2.03,grade_11,yes,yes,ELIGIBLE
85.98,29137.62,5,97.68,1,30.87,grade_11,yes,no,ELIGIBLE
95.82,9035.93,6,84.29,0,6.98,grade_11,yes,yes,ELIGIBLE
80.88,24059.01,3,97.62,0,31.44,grade_8,yes,no,ELIGIBLE
90.65,5333.13,6,82.15,2,10.08,grade_11,yes,no,ELIGIBLE
92.12,21216.96,6,99.53,0,1.7,grade_9,yes,yes,ELIGIBLE
87.82,11702.53,9,89.65,1,9.58,grade_12,yes,no,ELIGIBLE
89.39,16153.05,7,89.47,1,23.87,grade_12,yes,yes,ELIGIBLE
94.79,21087.93,8,83.99,1,3.1,grade_12,yes,yes,ELIGIBLE
90.42,10500.66,5,89.07,0,12.96,grade_9,yes,no,ELIGIBLE
83.35,28193.94,7,96.1,0,9.4,grade_8,yes,no,ELIGIBLE
90.12,23493.44,7,81.59,0,32.85,grade_12,yes,no,ELIGIBLE
90.66,9360.2,2,100.0,1,6.55,grade_8,yes,yes,ELIGIBLE
92.04,54721.34,5,99.69,0,18.62,grade_10,yes,no,ELIGIBLE
92.31,39286.25,5,98.63,1,21.45,grade_11,yes,no,ELIGIBLE
84.54,36778.21,10,98.29,0,48.26,grade_10,yes,yes,ELIGIBLE
94.74,16557.7,3,76.83,1,24.84,grade_11,yes,no,ELIGIBLE
90.22,30643.93,5,98.65,1,26.35,grade_11,yes,yes,ELIGIBLE
93.57,39743.27,4,99.81,0,9.45,grade_9,yes,yes,ELIGIBLE
82.04,30491.89,9,95.04,0,20.4,grade_12,yes,no,ELIGIBLE
87.3,28828.83,3,89.88,0,37.51,grade_9,yes,no,ELIGIBLE
94.73,119081.9,7,100.0,0,17.06,grade_8,yes,no,ELIGIBLE
92.94,22828.63,8,96.04,0,10.5,grade_11,yes,no,ELIGIBLE
80.84,13114.35,7,92.29,0,4.51,grade_7,yes,no,ELIGIBLE
91.18,29883.18,4,97.24,0,11.42,grade_8,yes,no,ELIGIBLE
87.71,17551.55,9,89.8,0,7.71,grade_11,yes,no,ELIGIBLE
84.67,25947.4,2,91.45,0,6.36,grade_7,yes,yes,ELIGIBLE
90.35,13459.17,6,85.87,0,4.66,grade_9,yes,no,ELIGIBLE
92.79,25349.89,6,94.55,0,19.25,grade_7,yes,no,ELIGIBLE
90.28,6820.73,5,90.29,1,23.58,grade_7,yes,no,ELIGIBLE
93.05,32939.79,8,94.82,0,36.09,grade_11,yes,no,ELIGIBLE
96.78,26177.62,9,85.98,0,32.0,grade_9,yes,yes,ELIGIBLE
87.95,29715.12,7,88.38,0,5.95,grade_11,yes,no,ELIGIBLE
86.23,28145.46,6,87.52,0,22.7,grade_11,yes,no,ELIGIBLE
91.2,11437.75,6,91.85,1,16.68,grade_12,yes,no,ELIGIBLE
90.09,14493.0,5,93.46,2,11.38,grade_7,yes,no,ELIGIBLE
91.26,11498.48,6,91.36,1,17.37,grade_12,yes,no,ELIGIBLE
92.23,13105.17,10,88.41,0,17.67,grade_11,yes,no,ELIGIBLE
96.55,12709.39,5,85.45,0,5.06,grade_9,yes,no,ELIGIBLE
97.38,22997.03,5,87.86,1,15.77,grade_8,yes,yes,ELIGIBLE
93.42,46680.3,8,88.18,0,43.93,grade_10,yes,no,ELIGIBLE
89.15,17630.54,3,87.63,1,16.66,grade_7,yes,no,ELIGIBLE
94.3,23764.86,7,83.57,0,3.92,grade_8,yes,no,ELIGIBLE
87.34,12349.36,9,89.0,1,8.16,grade_12,yes,no,ELIGIBLE
93.2,15259.68,3,91.04,0,32.44,grade_10,yes,no,ELIGIBLE
96.97,8324.3,7,90.59,0,42.47,grade_10,yes,no,ELIGIBLE
89.54,34752.31,3,97.41,0,4.92,grade_10,yes,yes,ELIGIBLE
96.14,9291.32,7,90.86,0,39.75,grade_10,yes,no,ELIGIBLE
89.12,64502.6,10,100.0,0,28.18,grade_11,yes,no,ELIGIBLE
96.61,31221.67,4,89.17,0,10.22,grade_10,yes,no,ELIGIBLE
96.31,33148.2,3,92.83,0,25.11,grade_10,yes,no,ELIGIBLE
99.16,40121.41,10,95.0,0,6.33,grade_7,yes,yes,ELIGIBLE
89.3,27038.29,3,96.43,0,7.22,grade_8,yes,no,ELIGIBLE
93.26,33113.06,7,89.66,0,7.86,grade_7,yes,no,ELIGIBLE
87.26,53176.79,2,95.96,0,34.56,grade_10,yes,yes,ELIGIBLE
94.91,17891.92,8,99.76,1,22.53,grade_8,yes,no,ELIGIBLE
90.06,54808.9,6,96.59,0,61.51,grade_12,yes,yes,ELIGIBLE
86.76,9137.78,3,100.0,0,8.99,grade_8,yes,no,ELIGIBLE
87.98,36194.13,10,93.8,1,12.78,grade_8,yes,no,ELIGIBLE
83.96,15416.82,6,88.69,0,7.05,grade_9,yes,no,ELIGIBLE
96.47,16126.31,5,87.13,1,3.68,grade_11,yes,yes,ELIGIBLE
85.94,16411.77,10,93.7,1,16.93,grade_10,yes,no,ELIGIBLE
87.88,14545.23,3,85.52,0,8.36,grade_12,yes,no,ELIGIBLE
87.96,13582.58,5,89.97,0,26.23,grade_8,yes,no,ELIGIBLE
93.64,47184.93,2,90.65,0,5.06,grade_9,yes,yes,ELIGIBLE
81.31,58870.66,9,99.89,0,23.03,grade_9,yes,yes,ELIGIBLE
99.16,45515.3,7,82.82,1,32.0,grade_12,yes,no,ELIGIBLE
95.19,40218.17,9,94.52,0,14.93,grade_8,yes,no,ELIGIBLE
90.66,42797.39,5,85.65,1,21.7,grade_12,yes,no,ELIGIBLE
85.75,44199.89,6,90.44,0,20.0,grade_8,yes,no,ELIGIBLE
90.39,56169.59,8,96.85,0,4.56,grade_11,yes,yes,ELIGIBLE
90.19,52801.46,10,93.07,0,39.19,grade_12,yes,no,ELIGIBLE
92.69,29020.44,8,83.08,0,28.33,grade_11,yes,no,ELIGIBLE
95.6,19657.17,2,92.01,0,19.02,grade_7,yes,yes,ELIGIBLE
82.25,16810.94,7,91.33,0,35.05,grade_8,yes,no,ELIGIBLE
90.26,34778.33,5,100.0,0,15.64,grade_9,yes,yes,ELIGIBLE
89.44,19714.63,6,88.73,0,19.62,grade_11,yes,no,ELIGIBLE
92.32,55333.35,10,98.16,3,26.98,grade_11,yes,yes,ELIGIBLE
94.58,20386.49,8,90.1,1,4.65,grade_9,yes,no,ELIGIBLE
85.11,17752.64,8,90.93,2,31.68,grade_8,yes,no,ELIGIBLE
93.88,8874.38,5,95.94,1,4.24,grade_9,yes,no,ELIGIBLE
94.67,30971.25,8,96.69,0,13.77,grade_9,yes,no,ELIGIBLE
95.07,20903.7,9,89.25,0,4.28,grade_10,yes,no,ELIGIBLE
88.61,25026.5,2,94.06,0,2.25,grade_7,yes,no,ELIGIBLE
94.69,44464.94,8,91.81,0,22.99,grade_8,yes,yes,ELIGIBLE
94.78,18413.91,2,98.95,0,23.81,grade_8,yes,no,ELIGIBLE
89.86,19286.25,3,89.21,0,18.52,grade_7,yes,no,ELIGIBLE
91.53,14299.57,5,97.43,0,13.74,grade_8,yes,yes,ELIGIBLE
90.56,16210.07,6,85.49,0,5.12,grade_9,yes,no,ELIGIBLE
85.29,40771.44,6,90.97,0,21.07,grade_8,yes,no,ELIGIBLE
97.94,42110.43,2,94.77,0,28.53,grade_11,yes,no,ELIGIBLE
92.09,11492.88,9,95.19,0,6.53,grade_8,yes,no,ELIGIBLE
91.61,24543.62,5,86.78,1,39.18,grade_7,yes,no,ELIGIBLE
87.87,18307.83,3,85.3,0,1.68,grade_7,yes,yes,ELIGIBLE
98.0,28606.62,3,87.88,0,26.42,grade_11,yes,no,ELIGIBLE
91.01,15841.2,6,85.26,0,5.13,grade_9,yes,no,ELIGIBLE
91.76,21851.37,6,99.97,0,15.61,grade_7,yes,no,ELIGIBLE
88.95,26462.73,9,92.04,1,13.69,grade_10,yes,no,ELIGIBLE
92.49,12349.5,10,94.12,0,5.94,grade_11,no,no,ELIGIBLE
86.33,28155.3,10,86.36,0,0.0,grade_7,yes,no,ELIGIBLE
91.97,8099.03,6,98.11,0,44.61,grade_7,yes,no,ELIGIBLE
86.7,17053.63,8,95.78,1,0.0,grade_11,yes,yes,ELIGIBLE
97.11,18926.18,4,94.66,1,12.87,grade_11,yes,no,ELIGIBLE
87.74,10521.51,8,88.48,1,10.31,grade_12,yes,no,ELIGIBLE
92.01,20149.19,5,90.22,0,6.56,grade_7,yes,no,ELIGIBLE
94.4,117842.56,7,99.41,0,18.39,grade_8,yes,no,ELIGIBLE
82.93,27800.97,7,95.84,0,9.54,grade_8,yes,no,ELIGIBLE
96.13,13362.02,3,94.35,0,16.27,grade_8,yes,no,ELIGIBLE
94.74,41566.05,9,94.44,0,15.91,grade_8,yes,no,ELIGIBLE
83.83,28910.91,4,84.43,0,15.05,grade_11,yes,no,ELIGIBLE
85.87,28435.06,3,91.12,0,18.76,grade_8,yes,no,ELIGIBLE
93.91,5228.54,6,84.87,0,5.08,grade_11,yes,no,ELIGIBLE
82.47,18521.43,5,90.17,1,13.16,grade_10,yes,yes,ELIGIBLE
89.54,14409.19,3,88.19,1,15.62,grade_7,yes,no,ELIGIBLE
93.77,38865.04,10,97.94,1,11.29,grade_9,yes,yes,ELIGIBLE
98.94,21486.15,9,84.61,0,53.02,grade_9,yes,no,ELIGIBLE
97.68,8296.55,8,99.96,1,24.97,grade_9,yes,no,ELIGIBLE
95.12,21222.94,6,87.98,1,24.23,grade_12,yes,no,ELIGIBLE
97.32,30491.33,5,95.39,0,1.85,grade_7,yes,no,ELIGIBLE
91.05,45694.49,6,88.94,0,18.98,grade_9,yes,yes,ELIGIBLE
82.75,21021.13,3,98.44,0,11.16,grade_7,yes,yes,ELIGIBLE
86.91,11728.71,2,97.97,1,11.29,grade_10,yes,yes,ELIGIBLE
94.66,51652.75,5,99.65,0,28.31,grade_12,yes,no,ELIGIBLE
82.24,121155.77,4,95.37,0,2.75,grade_10,no,no,ELIGIBLE
90.55,51688.4,10,94.14,0,39.75,grade_12,yes,no,ELIGIBLE
90.98,11522.04,2,91.25,2,12.23,grade_10,yes,no,ELIGIBLE
81.21,93343.99,3,82.83,0,25.21,grade_11,yes,no,ELIGIBLE
92.65,17123.91,9,97.51,1,5.6,grade_10,yes,no,ELIGIBLE
86.08,26115.54,9,97.2,0,16.17,grade_10,yes,no,ELIGIBLE
88.6,22706.84,10,90.28,0,5.5,grade_12,yes,no,ELIGIBLE
95.03,15762.95,5,82.53,0,26.06,grade_9,yes,no,ELIGIBLE
90.76,28510.7,7,96.15,0,35.99,grade_11,yes,no,ELIGIBLE
91.73,14149.68,8,85.13,1,15.51,grade_11,yes,no,ELIGIBLE
90.61,12836.7,3,91.82,0,5.03,grade_11,yes,yes,ELIGIBLE
88.28,12619.29,3,96.03,2,28.56,grade_11,yes,no,ELIGIBLE
93.42,25297.81,5,98.94,1,10.64,grade_11,yes,no,ELIGIBLE
94.33,35141.94,7,86.48,0,12.31,grade_9,yes,yes,ELIGIBLE
90.48,28816.82,5,86.38,1,39.82,grade_7,yes,no,ELIGIBLE
87.08,51190.17,10,95.78,0,15.89,grade_10,yes,no,ELIGIBLE
88.4,40175.08,10,95.87,0,7.83,grade_11,yes,yes,ELIGIBLE
81.8,3622.63,5,95.89,0,4.62,grade_7,yes,no,ELIGIBLE
94.57,40108.74,3,98.84,0,21.48,grade_7,yes,yes,ELIGIBLE
92.39,11401.11,10,87.98,0,19.33,grade_11,yes,no,ELIGIBLE
84.82,35740.3,9,100.0,1,11.32,grade_8,yes,yes,ELIGIBLE
87.15,13098.57,2,99.77,1,4.18,grade_10,yes,no,ELIGIBLE
91.59,15159.2,5,86.61,0,10.85,grade_8,yes,no,ELIGIBLE
84.8,14918.39,10,94.1,0,34.53,grade_8,yes,no,ELIGIBLE
94.42,7602.07,4,100.0,1,35.04,grade_11,yes,no,ELIGIBLE
98.09,14554.57,3,89.43,1,23.96,grade_7,yes,no,ELIGIBLE
92.63,30452.05,8,83.03,0,27.46,grade_11,yes,no,ELIGIBLE
96.17,20062.0,7,95.39,0,27.06,grade_11,yes,no,ELIGIBLE
87.74,18886.78,4,94.14,1,12.44,grade_10,yes,no,ELIGIBLE
99.16,8733.74,4,81.7,0,7.33,grade_8,yes,no,ELIGIBLE
90.83,18013.86,2,97.79,0,30.17,grade_8,yes,no,ELIGIBLE
83.55,9186.99,7,92.25,1,15.88,grade_10,yes,no,ELIGIBLE
80.52,43676.45,6,92.47,0,19.98,grade_7,yes,yes,ELIGIBLE
92.67,25536.97,4,83.76,1,8.48,grade_11,yes,no,ELIGIBLE
97.11,13853.76,3,93.72,0,14.68,grade_11,yes,no,ELIGIBLE
98.37,15590.36,7,88.18,0,10.55,grade_8,yes,no,ELIGIBLE
90.93,44845.64,5,85.94,1,23.28,grade_12,yes,no,ELIGIBLE
81.58,91446.75,3,82.67,0,23.41,grade_11,yes,no,ELIGIBLE
90.89,47680.73,10,95.81,0,17.83,grade_10,yes,yes,ELIGIBLE
96.49,12064.29,7,98.8,1,19.4,grade_8,yes,no,ELIGIBLE
97.13,12494.69,5,100.0,1,26.84,grade_8,yes,no,ELIGIBLE
91.8,34428.3,9,96.93,0,50.4,grade_9,yes,no,ELIGIBLE
89.59,70883.5,2,92.98,0,20.79,grade_9,yes,no,ELIGIBLE
89.94,36511.36,7,93.33,0,3.11,grade_10,yes,no,ELIGIBLE
91.33,6267.09,2,100.0,1,8.98,grade_8,yes,yes,ELIGIBLE
95.67,14170.61,5,87.23,1,3.46,grade_11,yes,yes,ELIGIBLE
92.01,37606.11,3,87.53,0,23.48,grade_7,yes,no,ELIGIBLE
89.8,10092.97,9,88.6,1,0.0,grade_10,yes,no,ELIGIBLE
91.14,16412.71,2,84.64,0,22.97,grade_9,yes,no,ELIGIBLE
94.88,21461.33,8,90.28,1,6.22,grade_9,yes,no,ELIGIBLE
95.0,8618.26,6,83.62,0,8.37,grade_11,yes,yes,ELIGIBLE
81.22,17111.51,8,86.75,0,12.83,grade_8,yes,yes,ELIGIBLE
95.97,41815.16,9,90.64,1,17.44,grade_7,yes,yes,ELIGIBLE
98.41,41953.91,10,94.96,0,6.44,grade_7,yes,yes,ELIGIBLE
95.12,15349.13,5,91.19,0,13.15,grade_12,yes,no,ELIGIBLE
84.06,56237.39,6,98.76,0,23.3,grade_9,yes,no,ELIGIBLE
83.9,6567.51,6,86.25,0,11.45,grade_7,yes,no,ELIGIBLE
92.68,12813.23,10,93.25,0,10.48,grade_12,yes,yes,ELIGIBLE
93.18,36965.47,6,83.99,0,9.47,grade_11,yes,no,ELIGIBLE
89.59,18441.38,7,89.63,1,23.55,grade_12,yes,yes,ELIGIBLE
98.0,18741.18,8,86.22,0,6.52,grade_12,yes,yes,ELIGIBLE
86.47,39636.18,9,87.76,1,27.47,grade_11,yes,no,ELIGIBLE
96.36,10488.82,4,93.5,0,13.56,grade_11,yes,no,ELIGIBLE
95.57,15674.61,6,99.89,0,0.84,grade_10,yes,no,ELIGIBLE
91.04,22898.26,8,95.52,0,22.89,grade_9,yes,no,ELIGIBLE
79.62,27078.03,3,95.85,0,29.59,grade_11,yes,no,ELIGIBLE
83.33,15229.08,9,92.7,1,2.86,grade_10,yes,no,ELIGIBLE
95.4,29625.55,8,99.81,0,26.97,grade_7,yes,no,ELIGIBLE
98.33,44825.45,4,82.14,0,2.65,grade_11,yes,yes,ELIGIBLE
89.55,25935.41,8,99.01,0,24.47,grade_7,yes,yes,ELIGIBLE
91.89,36463.92,6,91.75,0,10.3,grade_9,yes,no,ELIGIBLE
89.55,37130.59,7,93.18,0,5.67,grade_10,yes,no,ELIGIBLE
90.5,65862.97,3,100.0,0,24.83,grade_8,yes,no,ELIGIBLE
96.09,6742.57,10,95.28,0,32.28,grade_8,yes,no,ELIGIBLE
98.64,39562.04,9,90.58,1,3.06,grade_12,yes,no,ELIGIBLE
98.95,19737.17,8,86.79,0,4.99,grade_12,yes,yes,ELIGIBLE
92.98,63293.82,3,92.48,1,21.04,grade_7,yes,no,ELIGIBLE
96.48,28791.02,5,93.38,1,15.9,grade_8,yes,yes,ELIGIBLE
93.7,15119.89,7,100.0,0,19.55,grade_7,yes,no,ELIGIBLE
90.38,20727.58,9,89.42,0,6.02,grade_9,yes,no,ELIGIBLE
98.0,22265.15,3,92.19,0,43.66,grade_8,yes,no,ELIGIBLE
83.02,22540.57,6,97.07,0,4.23,grade_10,yes,no,ELIGIBLE
87.93,10081.33,9,85.41,1,34.27,grade_7,yes,no,ELIGIBLE
89.17,25072.51,4,96.8,1,0.69,grade_12,yes,yes,ELIGIBLE
86.98,19381.24,9,95.92,0,4.3,grade_11,yes,yes,ELIGIBLE
93.04,7758.63,9,91.36,1,11.54,grade_8,yes,no,ELIGIBLE
88.88,54066.32,3,95.96,0,36.87,grade_10,yes,no,ELIGIBLE
92.8,37592.84,7,88.98,0,9.46,grade_8,yes,no,ELIGIBLE
89.56,22475.21,10,94.51,2,8.14,grade_12,yes,no,ELIGIBLE
87.89,19355.78,6,100.0,0,7.92,grade_7,yes,yes,ELIGIBLE
93.39,15065.6,6,87.93,0,20.88,grade_8,yes,yes,ELIGIBLE
94.62,51464.21,3,90.4,0,23.75,grade_10,yes,yes,ELIGIBLE
92.2,30359.07,3,97.49,0,25.36,grade_11,yes,no,ELIGIBLE
87.88,14760.69,4,93.33,1,12.59,grade_10,yes,no,ELIGIBLE
92.72,47156.37,10,83.76,0,7.73,grade_9,yes,no,ELIGIBLE
97.76,23943.38,8,95.45,2,1.89,grade_11,yes,no,ELIGIBLE
88.27,13563.23,2,88.52,0,14.17,grade_7,yes,no,ELIGIBLE
88.18,31346.77,10,93.81,1,12.37,grade_8,yes,no,ELIGIBLE
85.98,28115.75,9,87.85,0,10.55,grade_8,yes,no,ELIGIBLE
95.31,18960.61,5,94.39,1,9.14,grade_10,yes,yes,ELIGIBLE
92.06,37800.69,5,98.76,1,23.99,grade_11,yes,no,ELIGIBLE
92.85,21281.05,5,95.04,1,13.17,grade_9,yes,no,ELIGIBLE
92.75,10035.61,9,91.33,1,10.87,grade_8,yes,no,ELIGIBLE
97.03,21579.32,4,95.48,1,12.11,grade_11,yes,no,ELIGIBLE
85.55,27849.47,9,96.83,0,14.33,grade_10,yes,no,ELIGIBLE
85.39,10840.83,6,95.25,1,11.34,grade_11,yes,yes,ELIGIBLE
91.7,4265.49,6,98.29,1,15.59,grade_12,yes,no,ELIGIBLE
95.93,29019.75,8,89.84,1,11.6,grade_8,yes,no,ELIGIBLE
94.24,48578.4,5,100.0,0,29.09,grade_12,yes,no,ELIGIBLE
95.34,25934.7,3,93.02,1,14.03,grade_12,yes,no,ELIGIBLE
92.65,14346.41,10,88.28,0,17.98,grade_11,yes,no,ELIGIBLE
93.95,9158.33,3,100.0,1,10.52,grade_7,yes,no,ELIGIBLE
80.45,40647.05,6,92.91,0,19.57,grade_7,yes,yes,ELIGIBLE
93.68,17059.64,2,97.11,0,7.46,grade_11,yes,no,ELIGIBLE
93.02,23069.13,8,96.02,1,22.45,grade_12,yes,no,ELIGIBLE
93.97,15197.9,7,100.0,0,19.16,grade_7,yes,no,ELIGIBLE
93.44,14192.76,6,87.04,0,5.16,grade_8,yes,no,ELIGIBLE
93.14,24008.91,6,99.94,0,1.12,grade_9,yes,yes,ELIGIBLE
87.83,24410.2,5,94.55,1,25.45,grade_12,yes,no,ELIGIBLE
94.18,59072.61,5,93.69,0,14.74,grade_11,yes,no,ELIGIBLE
86.37,24010.22,2,99.03,0,13.22,grade_9,yes,no,ELIGIBLE
93.74,24721.12,5,92.85,0,21.46,grade_11,yes,no,ELIGIBLE
95.68,58079.04,7,92.64,0,11.39,grade_7,yes,no,ELIGIBLE
96.77,42843.93,10,92.98,0,4.96,grade_10,yes,no,ELIGIBLE
92.54,51231.48,10,98.34,3,27.38,grade_11,yes,yes,ELIGIBLE
95.15,22607.18,2,99.94,1,10.4,grade_7,yes,no,ELIGIBLE
93.03,4942.45,9,99.52,0,22.73,grade_8,yes,no,ELIGIBLE
91.92,34931.62,9,96.54,0,52.49,grade_9,yes,no,ELIGIBLE
94.75,15191.25,6,91.35,0,7.16,grade_10,yes,no,ELIGIBLE
87.83,28815.77,10,89.7,1,13.15,grade_9,yes,no,ELIGIBLE
90.05,13716.16,2,100.0,0,48.93,grade_8,yes,no,ELIGIBLE
89.48,52506.29,3,95.35,0,36.54,grade_10,yes,no,ELIGIBLE
88.66,10461.1,6,94.49,3,14.16,grade_11,yes,no,ELIGIBLE
99.06,20440.37,5,88.98,1,49.32,grade_11,yes,no,ELIGIBLE
90.04,11090.72,2,100.0,0,51.78,grade_8,yes,no,ELIGIBLE
93.58,54341.88,2,95.62,0,2.63,grade_9,yes,no,ELIGIBLE
88.0,16966.7,8,100.0,0,39.26,grade_8,yes,no,ELIGIBLE
84.44,18078.58,5,87.32,0,57.76,grade_12,yes,no,ELIGIBLE
93.05,13798.54,3,94.2,1,10.48,grade_8,yes,no,ELIGIBLE
96.07,15490.57,3,94.72,2,29.6,grade_7,yes,no,ELIGIBLE
90.13,55588.24,6,100.0,1,3.42,grade_10,yes,no,ELIGIBLE
96.14,26945.39,5,93.59,1,13.14,grade_8,yes,yes,ELIGIBLE
85.07,31339.48,9,97.63,1,33.19,grade_11,yes,no,ELIGIBLE
87.6,8405.46,3,85.46,0,6.29,grade_12,yes,no,ELIGIBLE
94.22,13360.13,7,93.41,0,11.56,grade_9,yes,no,ELIGIBLE
96.45,6122.88,10,94.95,0,32.1,grade_8,yes,no,ELIGIBLE
87.76,29362.32,5,82.59,0,28.27,grade_12,yes,yes,ELIGIBLE
96.46,24355.14,9,91.76,0,6.43,grade_10,yes,no,ELIGIBLE
85.77,10230.82,9,87.21,0,8.28,grade_11,yes,yes,ELIGIBLE
96.23,26755.34,9,100.0,0,26.51,grade_9,yes,no,ELIGIBLE
92.9,14211.39,3,99.72,1,10.36,grade_7,yes,no,ELIGIBLE
91.26,14284.14,6,85.79,0,4.69,grade_9,yes,no,ELIGIBLE
95.86,42016.5,4,96.37,0,13.9,grade_9,yes,yes,ELIGIBLE
88.99,14077.54,9,94.27,0,30.38,grade_12,yes,no,ELIGIBLE
95.18,19703.69,3,93.32,0,5.0,grade_11,yes,no,ELIGIBLE
86.27,23014.3,4,91.78,0,8.62,grade_12,yes,no,ELIGIBLE
83.59,5232.8,7,91.82,1,16.06,grade_10,yes,no,ELIGIBLE
92.49,21613.87,5,99.9,0,35.75,grade_12,yes,no,ELIGIBLE
93.42,65441.02,2,94.53,0,31.45,grade_12,yes,no,ELIGIBLE
97.92,29053.53,10,99.67,0,14.81,grade_8,yes,no,ELIGIBLE
95.33,20221.23,3,93.45,0,0.86,grade_11,yes,no,ELIGIBLE
98.1,14079.53,8,100.0,1,28.26,grade_9,yes,no,ELIGIBLE
91.85,16258.34,10,88.19,1,8.21,grade_11,yes,no,ELIGIBLE
87.51,18858.96,5,95.74,0,32.21,grade_9,yes,yes,ELIGIBLE
95.25,29674.93,4,89.24,0,13.85,grade_8,yes,no,ELIGIBLE
93.83,52782.97,2,95.34,0,3.15,grade_9,yes,no,ELIGIBLE
97.59,17067.02,3,91.58,0,23.0,grade_12,yes,yes,ELIGIBLE
95.39,9480.65,6,83.78,0,4.67,grade_11,yes,yes,ELIGIBLE
91.2,38231.13,3,100.0,0,5.93,grade_11,yes,yes,ELIGIBLE
94.48,13324.84,7,99.9,0,17.0,grade_7,yes,no,ELIGIBLE
94.43,12100.25,10,99.68,0,1.59,grade_7,yes,no,ELIGIBLE
91.69,24714.84,6,100.0,0,16.44,grade_7,yes,no,ELIGIBLE
96.76,18904.2,10,100.0,0,5.16,grade_8,yes,no,ELIGIBLE
86.46,15710.67,6,91.15,0,68.26,grade_9,yes,no,ELIGIBLE
86.05,28205.59,6,87.68,0,17.93,grade_9,yes,no,ELIGIBLE
94.5,14412.65,7,92.36,0,39.0,grade_11,yes,no,ELIGIBLE
93.19,16354.13,7,94.23,0,18.49,grade_8,yes,no,ELIGIBLE
86.51,32686.03,6,97.16,0,1.17,grade_9,yes,no,ELIGIBLE
87.3,40942.55,9,88.43,1,28.37,grade_11,yes,no,ELIGIBLE
92.76,20759.5,9,91.98,1,14.87,grade_10,yes,no,ELIGIBLE
92.75,14964.13,3,92.43,0,9.63,grade_9,yes,yes,ELIGIBLE
95.22,32019.12,8,89.2,0,21.03,grade_7,yes,no,ELIGIBLE
83.3,5937.85,7,92.33,1,16.22,grade_10,yes,no,ELIGIBLE
87.52,17588.68,5,94.61,0,31.02,grade_9,yes,yes,ELIGIBLE
92.54,10144.16,10,94.66,1,22.33,grade_10,yes,no,ELIGIBLE
88.97,27506.85,2,86.43,0,36.75,grade_10,yes,no,ELIGIBLE
91.82,14307.33,5,86.42,0,8.69,grade_8,yes,no,ELIGIBLE
83.06,31076.48,4,92.87,0,21.23,grade_10,yes,yes,ELIGIBLE
90.96,6569.64,6,98.02,1,15.43,grade_12,yes,no,ELIGIBLE
87.2,15919.68,10,91.14,1,20.67,grade_8,yes,no,ELIGIBLE
98.11,16127.87,5,88.34,0,19.42,grade_10,yes,no,ELIGIBLE
89.01,22806.85,3,93.34,0,3.59,grade_11,yes,yes,ELIGIBLE
89.1,24730.35,3,96.52,0,7.79,grade_8,yes,no,ELIGIBLE
98.48,25670.9,10,99.06,0,13.86,grade_8,yes,no,ELIGIBLE
87.57,37822.73,9,88.14,1,27.84,grade_11,yes,no,ELIGIBLE
88.32,39344.64,4,94.95,0,8.76,grade_7,yes,no,ELIGIBLE
82.79,28311.48,6,95.43,0,7.84,grade_8,yes,no,ELIGIBLE
95.79,39271.94,10,89.7,0,51.51,grade_7,yes,no,ELIGIBLE
86.25,25341.63,4,91.02,0,10.09,grade_12,yes,no,ELIGIBLE
97.33,54750.2,6,94.8,0,17.33,grade_11,yes,no,ELIGIBLE
90.82,11652.64,2,92.87,0,14.24,grade_11,yes,yes,ELIGIBLE
90.84,58502.68,5,95.0,0,39.93,grade_10,yes,yes,ELIGIBLE
87.34,23892.16,2,92.61,0,20.67,grade_11,yes,no,ELIGIBLE
86.75,17920.79,2,87.54,2,37.07,grade_7,yes,yes,ELIGIBLE
94.87,17712.73,2,98.88,0,23.98,grade_8,yes,no,ELIGIBLE
92.19,37145.67,4,98.8,1,5.35,grade_12,yes,yes,ELIGIBLE
95.45,39466.25,2,84.41,0,6.33,grade_12,yes,no,ELIGIBLE
95.75,41787.68,2,84.29,0,7.24,grade_12,yes,no,ELIGIBLE
93.62,31054.71,9,97.54,2,7.87,grade_9,yes,no,ELIGIBLE
85.65,14631.02,7,99.93,0,2.05,grade_12,yes,yes,ELIGIBLE
92.55,35115.67,5,98.6,1,22.79,grade_11,yes,no,ELIGIBLE
95.99,27238.82,9,99.38,0,25.43,grade_9,yes,no,ELIGIBLE
96.37,44315.75,10,93.32,0,4.72,grade_10,yes,no,ELIGIBLE
80.85,21831.28,3,97.07,0,31.75,grade_8,yes,no,ELIGIBLE
93.51,18968.76,2,87.75,1,55.19,grade_12,yes,no,ELIGIBLE
90.63,53293.63,10,93.88,0,39.96,grade_12,yes,no,ELIGIBLE
93.44,23067.19,3,86.19,0,11.82,grade_11,yes,no,ELIGIBLE
85.43,17287.05,10,93.81,1,15.84,grade_10,yes,no,ELIGIBLE
97.97,39936.75,3,96.96,1,2.69,grade_12,yes,no,ELIGIBLE
89.89,10818.43,5,89.51,0,14.73,grade_9,yes,no,ELIGIBLE
90.47,58473.97,6,96.3,0,62.23,grade_12,yes,yes,ELIGIBLE
95.99,41735.77,2,84.99,0,4.72,grade_12,yes,no,ELIGIBLE
80.52,27072.68,7,91.43,1,20.01,grade_11,yes,no,ELIGIBLE
95.68,42747.46,6,89.77,1,19.04,grade_8,yes,no,ELIGIBLE
92.22,27493.66,3,96.46,0,27.8,grade_11,yes,no,ELIGIBLE
96.52,33587.3,4,89.44,0,11.69,grade_10,yes,no,ELIGIBLE
89.66,21618.16,3,91.0,0,16.5,grade_12,yes,no,ELIGIBLE
77.9,14447.52,8,97.98,0,7.73,grade_12,yes,yes,ELIGIBLE
80.05,16228.0,8,99.79,0,7.87,grade_8,yes,no,ELIGIBLE
98.98,23752.24,7,96.9,1,5.91,grade_8,yes,no,ELIGIBLE
93.64,17870.59,3,85.35,0,11.6,grade_11,yes,no,ELIGIBLE
84.17,12850.95,8,98.11,0,52.05,grade_7,yes,no,ELIGIBLE
96.18,31358.78,8,90.09,1,13.53,grade_8,yes,no,ELIGIBLE
88.19,22911.35,5,88.22,0,9.1,grade_8,yes,no,ELIGIBLE
95.33,23828.38,2,100.0,1,30.62,grade_11,yes,no,ELIGIBLE
89.59,101407.66,2,89.93,0,3.11,grade_10,yes,no,ELIGIBLE
93.73,23085.38,3,82.62,0,14.8,grade_7,yes,no,ELIGIBLE
88.71,30983.15,6,92.43,0,26.99,grade_7,yes,no,ELIGIBLE
89.18,27569.18,3,96.72,1,9.78,grade_8,yes,no,ELIGIBLE
88.46,29650.34,6,92.76,0,25.58,grade_7,yes,no,ELIGIBLE
91.3,14703.58,3,93.04,1,32.33,grade_8,yes,yes,ELIGIBLE
83.31,19167.77,10,97.6,0,29.88,grade_7,yes,no,ELIGIBLE
82.53,30077.71,9,94.07,0,20.11,grade_12,yes,no,ELIGIBLE
83.79,18689.64,6,88.94,0,7.35,grade_9,yes,no,ELIGIBLE
86.27,19006.05,9,96.43,0,4.85,grade_11,yes,yes,ELIGIBLE
95.73,39373.67,2,83.53,0,8.36,grade_12,yes,no,ELIGIBLE
97.49,24428.0,5,88.13,1,15.08,grade_8,yes,yes,ELIGIBLE
94.02,34631.86,5,96.5,1,11.51,grade_12,yes,yes,ELIGIBLE
91.27,12922.18,3,92.26,0,4.02,grade_11,yes,yes,ELIGIBLE
93.29,22971.87,5,93.74,0,22.28,grade_11,yes,no,ELIGIBLE
82.34,17966.66,5,90.08,1,15.31,grade_10,yes,yes,ELIGIBLE
94.24,12270.69,2,86.44,1,19.35,grade_12,yes,no,ELIGIBLE
97.34,40997.94,8,92.41,0,7.97,grade_8,yes,no,ELIGIBLE
95.1,33928.1,8,95.44,1,20.6,grade_10,yes,yes,ELIGIBLE
95.55,20906.49,2,83.63,2,18.72,grade_10,yes,no,ELIGIBLE
88.81,16589.67,7,92.38,2,14.31,grade_9,yes,no,ELIGIBLE
92.32,20464.27,9,92.99,0,21.76,grade_9,yes,no,ELIGIBLE
81.87,2875.49,7,91.32,0,17.25,grade_8,yes,no,ELIGIBLE
98.06,17975.25,5,97.97,0,10.32,grade_7,yes,no,ELIGIBLE
94.08,61354.54,5,94.15,0,15.55,grade_11,yes,no,ELIGIBLE
85.98,18946.14,3,95.82,0,10.91,grade_9,yes,no,ELIGIBLE
93.92,21902.86,7,96.29,0,20.39,grade_11,yes,yes,ELIGIBLE
96.42,33060.73,4,98.58,0,4.06,grade_9,yes,no,ELIGIBLE
85.28,52308.96,4,99.12,0,39.3,grade_10,yes,yes,ELIGIBLE
90.73,8446.49,5,100.0,2,33.87,grade_10,yes,yes,ELIGIBLE
89.19,29024.19,9,86.5,1,22.86,grade_10,yes,no,ELIGIBLE
92.6,59727.62,3,95.8,0,15.33,grade_11,yes,yes,ELIGIBLE
86.1,19201.51,7,92.03,1,5.41,grade_11,yes,yes,ELIGIBLE
91.0,17076.15,7,98.3,0,18.16,grade_9,yes,no,ELIGIBLE
90.8,32468.97,4,97.24,0,9.82,grade_8,yes,no,ELIGIBLE
94.02,14810.95,7,83.77,0,6.91,grade_8,yes,no,ELIGIBLE
89.22,34467.24,8,89.95,0,20.07,grade_11,yes,no,ELIGIBLE
93.82,35923.43,8,95.7,0,10.16,grade_8,yes,no,ELIGIBLE
91.08,39768.36,3,98.71,0,4.19,grade_11,yes,yes,ELIGIBLE
92.53,50309.23,10,98.31,3,29.15,grade_11,yes,yes,ELIGIBLE
90.87,25587.09,5,86.14,1,40.91,grade_7,yes,no,ELIGIBLE
95.38,44210.25,6,90.47,1,18.73,grade_8,yes,no,ELIGIBLE
89.93,54478.81,5,94.69,0,26.78,grade_9,yes,no,ELIGIBLE
88.9,10648.18,3,86.05,1,5.69,grade_8,yes,yes,ELIGIBLE
93.73,19802.49,4,83.92,1,6.72,grade_11,yes,no,ELIGIBLE
98.34,16163.69,7,88.08,0,11.7,grade_8,yes,no,ELIGIBLE
90.51,16619.56,5,91.43,0,10.53,grade_8,yes,no,ELIGIBLE
94.9,48264.3,5,99.98,0,27.49,grade_12,yes,no,ELIGIBLE
87.55,25407.72,5,95.05,1,27.54,grade_12,yes,no,ELIGIBLE
91.32,15389.43,3,93.76,1,39.88,grade_11,yes,no,ELIGIBLE
97.03,18272.65,7,95.39,0,26.94,grade_11,yes,no,ELIGIBLE
93.24,18726.9,5,86.87,0,35.5,grade_9,yes,no,ELIGIBLE
93.78,3063.66,6,85.14,0,6.18,grade_11,yes,no,ELIGIBLE
87.3,10226.16,3,85.61,0,7.01,grade_12,yes,no,ELIGIBLE
91.28,6540.39,6,81.87,2,11.55,grade_11,yes,no,ELIGIBLE
80.4,12447.45,10,93.84,1,46.78,grade_8,yes,no,ELIGIBLE
95.7,30440.36,4,93.16,0,16.17,grade_9,yes,no,ELIGIBLE
84.16,23849.95,2,93.11,0,5.55,grade_7,yes,yes,ELIGIBLE
93.79,17463.83,7,93.69,0,16.78,grade_8,yes,no,ELIGIBLE
86.83,41682.04,9,88.56,1,28.3,grade_11,yes,no,ELIGIBLE
99.24,26923.33,2,85.43,1,9.16,grade_12,yes,no,ELIGIBLE
97.17,14821.69,3,91.03,0,22.21,grade_12,yes,yes,ELIGIBLE
92.81,12988.17,9,82.87,0,4.12,grade_10,yes,no,ELIGIBLE
80.08,26627.46,7,91.12,1,21.01,grade_11,yes,no,ELIGIBLE
97.81,67469.51,8,97.22,0,7.85,grade_12,yes,no,ELIGIBLE
88.52,7201.73,10,91.32,0,37.65,grade_10,yes,yes,ELIGIBLE
87.86,27062.65,7,92.94,2,23.55,grade_12,yes,no,ELIGIBLE
86.21,9703.18,6,92.74,0,37.79,grade_9,yes,no,ELIGIBLE
94.9,18719.53,2,98.38,0,24.88,grade_8,yes,no,ELIGIBLE
95.8,22498.21,8,83.62,1,3.9,grade_12,yes,yes,ELIGIBLE
92.4,22951.06,7,95.22,0,9.15,grade_10,yes,no,ELIGIBLE
90.29,24528.4,6,94.15,0,17.16,grade_11,yes,no,ELIGIBLE
92.35,17918.82,8,87.44,1,10.77,grade_10,yes,no,ELIGIBLE
95.06,31707.92,5,97.29,1,12.15,grade_12,yes,yes,ELIGIBLE
85.83,16379.21,4,90.62,1,54.06,grade_11,yes,no,ELIGIBLE
87.24,40772.62,8,99.11,1,0.62,grade_11,yes,yes,ELIGIBLE
96.71,38979.42,9,89.46,1,19.94,grade_7,yes,yes,ELIGIBLE
92.8,17988.09,9,98.38,1,6.05,grade_10,yes,no,ELIGIBLE
95.88,25108.09,10,98.23,1,2.83,grade_7,yes,no,ELIGIBLE
85.74,27037.4,7,94.33,0,23.82,grade_9,yes,no,ELIGIBLE
94.84,13232.07,4,89.81,0,15.52,grade_8,yes,no,ELIGIBLE
93.43,20810.5,8,95.28,1,11.55,grade_7,yes,no,ELIGIBLE
83.98,8792.14,4,100.0,0,6.98,grade_8,yes,no,ELIGIBLE
92.99,45432.87,8,87.44,0,43.96,grade_10,yes,no,ELIGIBLE
87.09,32835.13,6,98.23,0,3.81,grade_9,yes,no,ELIGIBLE
90.76,47285.21,8,92.16,0,9.83,grade_10,yes,no,ELIGIBLE
93.87,32343.35,8,89.35,0,19.83,grade_7,yes,no,ELIGIBLE
88.05,3553.49,8,97.17,1,3.74,grade_12,yes,yes,ELIGIBLE
90.25,46223.68,8,92.88,0,7.87,grade_10,yes,no,ELIGIBLE
89.78,19694.3,9,89.22,0,3.6,grade_9,yes,no,ELIGIBLE
97.76,44587.76,7,82.76,1,35.51,grade_12,yes,no,ELIGIBLE
90.75,20518.54,3,85.72,1,7.0,grade_7,yes,yes,ELIGIBLE
92.32,39879.98,8,96.23,0,6.56,grade_8,yes,yes,ELIGIBLE
98.33,9610.63,7,99.05,0,14.17,grade_9,yes,no,ELIGIBLE
88.46,17594.46,8,94.67,0,12.91,grade_7,yes,no,ELIGIBLE
84.81,31439.24,8,99.5,0,31.97,grade_8,yes,no,ELIGIBLE
91.49,13750.58,4,94.65,1,15.05,grade_11,yes,no,ELIGIBLE
92.57,67542.31,6,98.7,1,12.6,grade_7,yes,no,ELIGIBLE
86.35,9931.02,7,92.81,0,35.27,grade_9,yes,no,ELIGIBLE
95.53,22942.15,9,90.64,0,9.97,grade_8,yes,no,ELIGIBLE
91.86,15063.25,5,92.62,0,16.64,grade_11,yes,yes,ELIGIBLE
91.17,4431.21,6,82.22,2,10.01,grade_11,yes,no,ELIGIBLE
83.14,13419.35,9,93.28,2,35.87,grade_8,yes,yes,ELIGIBLE
93.87,37425.84,8,94.41,0,37.04,grade_11,yes,no,ELIGIBLE
87.19,28327.12,10,87.27,0,4.9,grade_8,yes,no,ELIGIBLE
85.62,25377.31,7,92.95,0,2.1,grade_11,yes,no,ELIGIBLE
85.12,26933.35,2,91.61,0,3.56,grade_7,yes,yes,ELIGIBLE
85.61,7580.98,6,95.76,0,33.16,grade_10,yes,no,ELIGIBLE
94.37,17636.77,2,98.49,0,24.59,grade_8,yes,no,ELIGIBLE
94.39,15984.25,2,86.53,1,17.23,grade_12,yes,no,ELIGIBLE
98.16,22605.88,6,96.0,0,16.3,grade_9,yes,no,ELIGIBLE
93.76,34552.76,8,95.19,0,36.55,grade_11,yes,no,ELIGIBLE
92.76,50659.1,10,98.11,3,27.72,grade_11,yes,yes,ELIGIBLE
90.69,17126.21,8,96.57,1,28.79,grade_8,yes,no,ELIGIBLE
97.92,38397.26,3,96.63,1,4.0,grade_12,yes,no,ELIGIBLE
91.46,17300.17,5,96.88,0,14.0,grade_8,yes,yes,ELIGIBLE
93.83,33324.15,8,90.21,0,28.85,grade_8,yes,no,ELIGIBLE
96.87,33072.31,2,100.0,0,15.41,grade_12,yes,no,ELIGIBLE
92.59,30184.16,3,96.43,0,28.41,grade_11,yes,no,ELIGIBLE
92.88,14665.6,3,90.64,0,37.42,grade_12,yes,no,ELIGIBLE
92.63,4060.06,9,99.75,0,23.46,grade_8,yes,no,ELIGIBLE
85.82,14228.93,5,95.82,1,10.6,grade_11,yes,yes,ELIGIBLE
93.25,21347.71,9,93.47,0,19.3,grade_9,yes,no,ELIGIBLE
97.08,27635.49,3,92.08,0,29.03,grade_10,yes,no,ELIGIBLE
80.78,24561.85,9,98.07,0,15.76,grade_8,yes,no,ELIGIBLE
92.01,15116.0,9,84.02,0,11.87,grade_9,yes,no,ELIGIBLE
89.58,26674.32,3,95.13,2,8.2,grade_9,yes,yes,ELIGIBLE
92.41,38867.86,8,97.05,0,7.81,grade_8,yes,yes,ELIGIBLE
86.19,17700.21,7,92.12,1,8.67,grade_11,yes,yes,ELIGIBLE
84.1,28724.62,6,88.13,1,10.45,grade_8,yes,yes,ELIGIBLE
92.95,16933.73,5,88.84,0,7.92,grade_9,yes,yes,ELIGIBLE
90.12,30550.87,4,91.9,0,25.42,grade_12,yes,no,ELIGIBLE
96.19,30869.94,8,100.0,0,26.7,grade_7,yes,no,ELIGIBLE
84.49,9291.9,2,92.1,0,9.73,grade_10,yes,no,ELIGIBLE
95.42,50441.22,10,99.39,0,14.46,grade_10,yes,no,ELIGIBLE
84.32,23200.23,8,91.38,0,24.1,grade_10,yes,yes,ELIGIBLE
87.33,23264.37,3,85.9,0,3.09,grade_7,yes,yes,ELIGIBLE
80.24,21772.28,7,91.51,1,19.47,grade_11,yes,no,ELIGIBLE
99.29,21254.5,3,89.43,1,17.53,grade_7,yes,yes,ELIGIBLE
93.04,38134.53,6,84.17,0,8.67,grade_11,yes,no,ELIGIBLE
89.17,18488.63,8,94.9,0,10.48,grade_7,yes,no,ELIGIBLE
86.15,29327.0,2,90.3,0,5.99,grade_11,yes,yes,ELIGIBLE
90.97,17235.6,5,97.02,1,32.58,grade_9,yes,yes,ELIGIBLE
88.87,28120.72,6,89.32,0,2.88,grade_8,yes,no,ELIGIBLE
89.93,57765.93,8,97.34,0,4.05,grade_11,yes,yes,ELIGIBLE
89.13,28644.02,9,91.77,1,12.1,grade_10,yes,no,ELIGIBLE
90.63,25624.79,10,90.55,2,6.89,grade_9,yes,no,ELIGIBLE
98.44,38100.51,4,84.22,0,8.98,grade_7,yes,yes,ELIGIBLE
97.71,34075.81,10,98.53,2,4.52,grade_12,yes,no,ELIGIBLE
98.38,47509.05,4,82.33,0,3.12,grade_11,yes,yes,ELIGIBLE
98.18,44151.62,8,92.42,1,11.18,grade_8,yes,no,ELIGIBLE
94.83,40047.6,8,91.94,0,7.65,grade_11,yes,no,ELIGIBLE
91.21,4501.96,5,86.96,0,10.77,grade_11,yes,no,ELIGIBLE
96.68,18803.66,10,99.85,0,6.14,grade_8,yes,no,ELIGIBLE
97.79,71982.19,8,98.32,0,5.8,grade_12,yes,no,ELIGIBLE
97.94,21819.78,10,83.92,0,6.46,grade_11,yes,yes,ELIGIBLE
93.53,35345.12,8,98.37,0,1.53,grade_12,yes,no,ELIGIBLE
84.24,55553.38,6,99.43,0,23.62,grade_9,yes,no,ELIGIBLE
83.56,27895.77,6,89.53,0,3.93,grade_8,yes,no,ELIGIBLE
94.55,19677.13,7,87.93,1,30.35,grade_12,yes,no,ELIGIBLE
90.49,21854.42,5,90.77,0,44.64,grade_11,yes,no,ELIGIBLE
91.13,15903.87,2,97.98,0,28.8,grade_8,yes,no,ELIGIBLE
89.06,96611.86,2,89.89,0,2.64,grade_10,yes,no,ELIGIBLE
94.09,14839.66,4,94.86,0,25.4,grade_8,yes,no,ELIGIBLE
93.76,44874.35,3,85.81,1,20.33,grade_7,yes,yes,ELIGIBLE
94.53,32929.79,4,89.32,0,13.23,grade_8,yes,no,ELIGIBLE
83.9,40195.07,6,97.6,0,20.26,grade_12,yes,no,ELIGIBLE
95.11,31146.78,8,97.26,0,14.34,grade_9,yes,no,ELIGIBLE
96.58,21301.62,9,90.95,0,11.27,grade_8,yes,no,ELIGIBLE
97.58,28985.38,9,86.17,0,34.46,grade_9,yes,yes,ELIGIBLE
98.24,47061.39,7,95.71,0,24.13,grade_12,yes,no,ELIGIBLE
85.12,64622.99,2,98.31,0,24.95,grade_12,no,no,ELIGIBLE
89.14,17570.49,7,90.22,1,21.45,grade_12,yes,yes,ELIGIBLE
92.45,17245.45,10,94.62,0,10.09,grade_12,yes,yes,ELIGIBLE
94.69,31109.6,6,100.0,1,22.39,grade_12,yes,no,ELIGIBLE
78.3,28009.37,8,100.0,1,15.57,grade_9,yes,no,ELIGIBLE
91.34,35216.53,4,95.64,0,8.93,grade_9,yes,no,ELIGIBLE
91.87,14080.8,10,88.39,1,9.28,grade_11,yes,no,ELIGIBLE
87.24,21077.99,3,91.6,1,61.17,grade_10,yes,no,ELIGIBLE
91.51,24370.28,10,90.08,2,7.42,grade_9,yes,no,ELIGIBLE
88.26,8471.64,3,85.47,0,6.56,grade_12,yes,no,ELIGIBLE
87.9,29644.76,9,87.85,1,19.44,grade_10,yes,no,ELIGIBLE
94.79,26532.2,7,96.52,1,4.07,grade_12,yes,no,ELIGIBLE
89.83,52236.59,9,91.51,0,27.62,grade_9,yes,no,ELIGIBLE
93.95,16837.74,2,97.51,0,1.87,grade_11,yes,no,ELIGIBLE
82.39,20018.61,5,90.18,1,12.82,grade_10,yes,yes,ELIGIBLE
82.65,17281.98,5,97.15,0,9.77,grade_8,yes,no,ELIGIBLE
93.49,16614.3,2,96.55,0,5.19,grade_11,yes,no,ELIGIBLE
99.1,23538.47,9,83.83,0,53.88,grade_9,yes,no,ELIGIBLE
85.96,32591.92,9,97.86,1,30.85,grade_11,yes,no,ELIGIBLE
93.74,11092.14,7,91.11,0,7.8,grade_11,yes,no,ELIGIBLE
99.0,25840.6,6,88.38,0,13.19,grade_11,yes,no,ELIGIBLE
85.22,27307.34,9,88.81,0,10.39,grade_8,yes,no,ELIGIBLE
97.24,23671.7,9,90.85,0,26.75,grade_10,yes,no,ELIGIBLE
91.99,24073.23,4,85.47,0,3.4,grade_7,yes,no,ELIGIBLE
88.0,23270.57,3,99.29,1,20.99,grade_8,yes,no,ELIGIBLE
87.71,10244.35,2,97.88,1,10.13,grade_10,yes,yes,ELIGIBLE
91.33,26907.4,10,94.92,1,27.53,grade_12,yes,no,ELIGIBLE
89.88,33236.37,5,98.76,1,26.22,grade_11,yes,yes,ELIGIBLE
93.62,27193.39,7,98.9,0,21.79,grade_12,yes,yes,ELIGIBLE
87.38,25196.81,7,93.69,2,6.03,grade_11,yes,yes,ELIGIBLE
86.43,10180.74,10,93.86,0,21.84,grade_9,yes,no,ELIGIBLE
85.57,16117.86,6,91.82,0,65.65,grade_9,yes,no,ELIGIBLE
95.12,20246.69,3,93.13,1,14.4,grade_12,yes,no,ELIGIBLE
85.56,27011.83,6,99.11,0,8.03,grade_9,yes,no,ELIGIBLE
89.23,24400.04,2,90.48,0,0.68,grade_10,yes,no,ELIGIBLE
84.57,21734.51,10,94.15,0,6.65,grade_11,yes,yes,ELIGIBLE
88.97,8333.53,5,90.72,0,4.56,grade_9,yes,yes,ELIGIBLE
83.17,20283.52,6,96.94,0,7.82,grade_10,yes,no,ELIGIBLE
87.31,27860.11,10,86.62,0,6.67,grade_11,yes,yes,ELIGIBLE
86.36,14507.4,8,95.28,1,0.93,grade_11,yes,yes,ELIGIBLE
97.08,26930.71,9,99.34,0,26.26,grade_9,yes,no,ELIGIBLE
98.17,23715.75,5,95.0,0,11.02,grade_8,yes,no,ELIGIBLE
97.31,48498.97,7,95.46,0,26.39,grade_12,yes,no,ELIGIBLE
97.33,33195.56,4,89.4,0,11.81,grade_10,yes,no,ELIGIBLE
90.36,29439.34,3,97.08,1,6.93,grade_8,yes,no,ELIGIBLE
88.15,15520.7,6,83.85,0,33.89,grade_8,yes,no,ELIGIBLE
95.41,11234.04,3,95.26,0,15.94,grade_8,yes,no,ELIGIBLE
86.41,16600.31,4,98.13,1,28.2,grade_11,yes,no,ELIGIBLE
91.03,4619.25,6,98.62,1,15.4,grade_12,yes,no,ELIGIBLE
91.47,12005.96,4,93.51,0,8.14,grade_7,yes,no,ELIGIBLE
96.8,39576.2,8,92.86,0,8.51,grade_8,yes,no,ELIGIBLE
96.0,48092.78,2,92.68,0,15.03,grade_10,yes,no,ELIGIBLE
78.19,11114.43,2,93.86,0,6.97,grade_10,yes,no,ELIGIBLE
96.65,24634.73,9,85.97,0,33.36,grade_9,yes,yes,ELIGIBLE
81.67,16056.67,5,98.02,0,9.75,grade_8,yes,no,ELIGIBLE
91.95,18964.97,5,100.0,0,35.64,grade_12,yes,no,ELIGIBLE
98.67,18377.56,5,89.22,1,44.77,grade_11,yes,no,ELIGIBLE
87.7,35194.84,10,94.22,1,10.91,grade_8,yes,no,ELIGIBLE
81.06,11209.66,8,93.79,0,8.37,grade_10,yes,no,ELIGIBLE
87.24,25479.7,2,92.42,0,19.32,grade_11,yes,no,ELIGIBLE
90.28,17003.55,5,91.26,0,8.07,grade_8,yes,no,ELIGIBLE
97.19,25269.96,3,93.09,0,28.14,grade_10,yes,no,ELIGIBLE
87.23,55604.32,2,95.96,0,34.47,grade_10,yes,yes,ELIGIBLE
98.17,48725.64,4,81.36,0,1.9,grade_11,yes,yes,ELIGIBLE
93.57,20535.67,4,99.69,2,15.56,grade_9,yes,no,ELIGIBLE
90.58,11212.3,9,87.96,1,1.29,grade_10,yes,no,ELIGIBLE
89.19,97970.71,2,90.22,0,0.95,grade_10,yes,no,ELIGIBLE
95.15,15483.87,9,92.69,1,10.11,grade_11,yes,no,ELIGIBLE
92.98,25586.38,7,94.84,0,8.5,grade_10,yes,no,ELIGIBLE
84.31,10067.63,10,93.02,0,5.22,grade_10,no,no,ELIGIBLE
92.13,28174.85,2,85.84,0,22.88,grade_9,yes,yes,ELIGIBLE
90.51,15885.53,4,99.92,1,14.74,grade_8,yes,no,ELIGIBLE
89.12,45010.44,6,98.73,0,28.95,grade_8,yes,no,ELIGIBLE
93.6,10178.37,10,99.89,0,3.63,grade_7,yes,no,ELIGIBLE
95.98,14735.43,7,89.42,0,10.15,grade_8,yes,no,ELIGIBLE
80.61,26359.78,7,91.63,1,20.57,grade_11,yes,no,ELIGIBLE
87.61,14869.39,8,99.16,0,37.94,grade_8,yes,no,ELIGIBLE
85.98,9755.54,2,90.23,0,36.81,grade_10,yes,no,ELIGIBLE
88.95,17684.68,6,83.6,0,34.98,grade_8,yes,no,ELIGIBLE
90.76,43547.86,10,96.46,1,2.06,grade_8,yes,yes,ELIGIBLE
96.91,27858.56,3,91.91,1,10.76,grade_8,yes,no,ELIGIBLE
92.54,15696.18,7,97.7,0,18.48,grade_9,yes,no,ELIGIBLE
85.8,24877.6,2,99.2,0,11.2,grade_9,yes,no,ELIGIBLE
96.58,32489.16,2,100.0,0,16.68,grade_12,yes,no,ELIGIBLE
94.24,26710.57,7,99.33,0,7.15,grade_12,yes,no,ELIGIBLE
89.9,54749.26,9,91.76,0,31.66,grade_11,yes,yes,ELIGIBLE
85.63,5121.49,6,99.98,0,6.04,grade_10,yes,yes,ELIGIBLE
87.8,6097.78,10,92.08,0,35.55,grade_10,yes,yes,ELIGIBLE
90.83,53853.78,10,92.85,0,37.88,grade_12,yes,no,ELIGIBLE
91.85,31129.74,4,95.31,0,8.17,grade_8,yes,no,ELIGIBLE
96.05,30605.83,3,90.87,0,15.74,grade_8,yes,no,ELIGIBLE
95.08,51391.82,3,90.08,0,22.93,grade_10,yes,yes,ELIGIBLE
94.3,46561.15,8,91.65,0,26.0,grade_8,yes,yes,ELIGIBLE
95.99,21258.14,2,83.07,2,20.61,grade_10,yes,no,ELIGIBLE
93.53,8830.48,5,97.33,1,4.81,grade_9,yes,no,ELIGIBLE
89.81,53024.51,5,94.83,0,26.1,grade_9,yes,no,ELIGIBLE
89.5,55095.62,9,91.06,0,24.66,grade_9,yes,no,ELIGIBLE
93.71,23343.67,8,96.13,0,10.35,grade_11,yes,no,ELIGIBLE
93.84,22511.62,3,82.23,0,14.61,grade_7,yes,no,ELIGIBLE
93.73,35722.62,8,89.16,0,21.25,grade_7,yes,no,ELIGIBLE
87.27,23675.15,7,93.31,2,4.46,grade_11,yes,yes,ELIGIBLE
89.92,13981.12,5,92.85,2,9.47,grade_7,yes,no,ELIGIBLE
93.67,40017.61,6,83.35,0,16.15,grade_7,yes,no,ELIGIBLE
99.16,46058.01,7,83.38,1,32.73,grade_12,yes,no,ELIGIBLE
88.91,19644.34,10,99.01,0,8.01,grade_11,yes,no,ELIGIBLE
96.61,35478.41,3,85.96,0,27.8,grade_11,yes,yes,ELIGIBLE
97.87,11602.19,8,93.3,0,26.36,grade_10,yes,no,ELIGIBLE
89.82,15214.0,4,99.96,1,14.58,grade_8,yes,no,ELIGIBLE
85.89,38062.47,6,90.87,0,22.23,grade_8,yes,no,ELIGIBLE
91.03,56470.9,6,96.53,0,59.68,grade_12,yes,yes,ELIGIBLE
85.56,48264.18,8,96.78,0,38.16,grade_7,yes,no,ELIGIBLE
94.13,46494.32,5,100.0,0,27.97,grade_12,yes,no,ELIGIBLE
93.0,20286.74,3,82.82,0,14.24,grade_7,yes,no,ELIGIBLE
86.63,9034.44,8,88.61,1,7.71,grade_12,yes,no,ELIGIBLE
84.0,24144.5,5,91.83,0,20.33,grade_10,yes,no,ELIGIBLE
88.99,15402.29,10,98.32,0,9.12,grade_11,yes,no,ELIGIBLE
91.97,16089.51,10,88.62,1,9.79,grade_11,yes,no,ELIGIBLE
91.45,9655.39,4,93.24,0,9.24,grade_7,yes,no,ELIGIBLE
90.6,8180.55,3,99.02,1,4.89,grade_8,yes,no,ELIGIBLE
89.78,19325.19,8,97.59,1,23.68,grade_9,yes,no,ELIGIBLE
94.31,14096.45,4,90.83,0,15.2,grade_8,yes,no,ELIGIBLE
83.69,20256.68,3,98.83,0,8.1,grade_7,yes,yes,ELIGIBLE
83.91,104660.34,10,99.21,0,10.75,grade_9,yes,no,ELIGIBLE
97.31,18479.77,9,94.24,1,12.88,grade_7,yes,yes,ELIGIBLE
93.96,33676.64,5,97.55,0,19.66,grade_10,yes,no,ELIGIBLE
95.09,13871.52,10,100.0,0,3.76,grade_7,yes,no,ELIGIBLE
93.82,54180.69,2,96.32,0,4.81,grade_9,yes,no,ELIGIBLE
86.81,16597.19,3,100.0,2,20.34,grade_12,yes,yes,ELIGIBLE
84.16,15569.77,8,97.73,0,53.18,grade_7,yes,no,ELIGIBLE
82.16,21350.95,10,88.53,3,15.37,grade_10,yes,no,ELIGIBLE
91.1,26524.96,6,92.46,0,2.84,grade_11,yes,no,ELIGIBLE
84.12,41189.86,5,98.38,0,21.22,grade_12,yes,no,ELIGIBLE
86.99,23629.7,10,85.49,0,0.01,grade_7,yes,no,ELIGIBLE
81.5,5067.85,7,91.24,0,17.43,grade_8,yes,no,ELIGIBLE
92.2,5620.73,9,100.0,0,21.57,grade_8,yes,no,ELIGIBLE
92.99,21011.77,2,91.74,1,4.67,grade_10,yes,yes,ELIGIBLE
86.13,11587.89,9,88.89,0,27.35,grade_12,yes,no,ELIGIBLE
86.23,27712.9,9,87.04,0,10.71,grade_8,yes,no,ELIGIBLE
93.28,36483.03,8,89.87,0,25.35,grade_8,yes,no,ELIGIBLE
85.22,12704.26,2,90.39,1,11.79,grade_8,no,no,ELIGIBLE
90.41,42236.65,6,97.76,0,18.73,grade_8,yes,no,ELIGIBLE
93.03,18456.58,5,86.8,0,35.55,grade_9,yes,no,ELIGIBLE
87.63,8828.24,3,85.16,0,6.5,grade_12,yes,no,ELIGIBLE
98.03,17373.47,8,86.24,0,4.0,grade_12,yes,yes,ELIGIBLE
88.7,14834.74,3,96.66,0,36.23,grade_9,yes,no,ELIGIBLE
91.67,13581.8,3,95.52,0,7.28,grade_8,yes,yes,ELIGIBLE
90.67,62126.81,8,99.91,1,78.33,grade_11,yes,no,ELIGIBLE
80.52,23085.49,7,91.05,1,19.67,grade_11,yes,no,ELIGIBLE
83.18,118881.16,4,94.86,0,4.55,grade_10,no,no,ELIGIBLE
91.72,17184.98,3,99.78,1,27.6,grade_7,yes,no,ELIGIBLE
92.09,20017.24,5,100.0,0,37.14,grade_12,yes,no,ELIGIBLE
84.24,47901.62,8,96.89,0,37.49,grade_7,yes,no,ELIGIBLE
83.57,21040.88,3,98.28,0,10.85,grade_7,yes,yes,ELIGIBLE
96.73,6542.77,7,99.5,1,19.29,grade_8,yes,no,ELIGIBLE
87.74,51066.13,2,96.2,0,34.41,grade_10,yes,yes,ELIGIBLE
82.83,57585.81,6,99.43,0,22.94,grade_9,yes,no,ELIGIBLE
88.34,15406.61,3,96.35,0,39.0,grade_9,yes,no,ELIGIBLE
93.29,23621.02,6,98.88,0,0.62,grade_9,yes,yes,ELIGIBLE
88.94,14998.82,6,83.65,0,33.75,grade_8,yes,no,ELIGIBLE
93.73,36179.18,8,94.44,0,34.78,grade_11,yes,no,ELIGIBLE
90.93,16946.74,6,97.25,0,15.8,grade_12,yes,yes,ELIGIBLE
90.24,33671.89,5,97.99,1,26.12,grade_11,yes,yes,ELIGIBLE
81.26,21202.08,7,91.32,1,21.04,grade_11,yes,no,ELIGIBLE
85.19,17292.82,9,91.46,1,44.47,grade_11,yes,yes,ELIGIBLE
95.61,36076.55,3,99.56,0,19.06,grade_7,yes,yes,ELIGIBLE
82.62,19626.15,5,89.38,1,14.73,grade_10,yes,yes,ELIGIBLE
82.42,16124.41,7,90.65,0,37.05,grade_8,yes,no,ELIGIBLE
95.59,12374.4,3,94.67,0,16.74,grade_8,yes,no,ELIGIBLE
90.02,34591.64,5,94.21,0,31.28,grade_11,yes,yes,ELIGIBLE
90.07,15635.48,3,86.43,0,11.67,grade_9,yes,no,ELIGIBLE
91.16,12001.55,5,93.73,0,47.19,grade_12,yes,no,ELIGIBLE
94.5,27749.77,6,91.34,0,21.87,grade_12,yes,no,ELIGIBLE
88.71,14274.57,6,83.53,0,33.06,grade_8,yes,no,ELIGIBLE
94.65,6555.74,4,92.39,0,28.85,grade_11,yes,no,ELIGIBLE
90.59,23436.3,3,88.99,0,18.46,grade_7,yes,no,ELIGIBLE
89.54,19122.5,1,88.6,0,5.86,grade_7,yes,no,ELIGIBLE
92.09,12698.15,5,86.32,0,8.06,grade_8,yes,no,ELIGIBLE
92.07,11702.01,6,90.96,1,8.3,grade_10,yes,yes,ELIGIBLE
91.68,28119.84,3,92.84,0,19.88,grade_11,yes,no,ELIGIBLE
93.56,16399.17,3,77.44,1,25.98,grade_11,yes,no,ELIGIBLE
88.21,14431.73,9,98.65,0,4.76,grade_10,yes,yes,ELIGIBLE
84.92,36367.03,9,83.92,1,6.96,grade_9,yes,yes,ELIGIBLE
93.75,63468.3,8,88.84,0,16.62,grade_11,yes,no,ELIGIBLE
87.93,19433.81,5,95.41,2,4.41,grade_10,yes,yes,ELIGIBLE
89.48,13308.02,5,92.65,2,7.7,grade_7,yes,no,ELIGIBLE
99.32,22785.87,3,90.13,1,18.67,grade_7,yes,yes,ELIGIBLE
84.23,24307.17,3,100.0,1,20.29,grade_8,yes,no,ELIGIBLE
84.81,23920.73,10,95.6,0,6.92,grade_11,yes,yes,ELIGIBLE
95.76,20004.59,3,94.68,2,29.28,grade_7,yes,no,ELIGIBLE
88.41,15065.01,8,95.22,0,28.42,grade_12,yes,no,ELIGIBLE
90.5,15753.48,2,84.96,0,23.07,grade_9,yes,no,ELIGIBLE
95.2,12785.22,2,93.19,0,9.25,grade_11,no,no,FOR_REVIEW
91.39,15471.9,10,88.29,0,16.52,grade_10,no,no,FOR_REVIEW
87.25,119228.45,9,96.35,1,16.25,grade_8,yes,no,FOR_REVIEW
90.26,25694.74,6,86.01,0,68.06,grade_8,no,no,FOR_REVIEW
95.24,25426.95,10,90.31,0,4.5,grade_8,yes,yes,FOR_REVIEW
86.62,48459.65,9,98.12,0,16.47,grade_9,yes,no,FOR_REVIEW
94.6,18181.03,7,93.91,1,18.22,grade_9,no,yes,FOR_REVIEW
80.03,33492.9,3,95.47,2,30.86,grade_8,yes,no,FOR_REVIEW
81.73,28504.5,10,93.86,1,8.11,grade_8,yes,no,FOR_REVIEW
84.34,29027.17,9,95.59,2,16.84,grade_7,yes,yes,FOR_REVIEW
82.67,65792.88,10,95.87,1,13.73,grade_11,yes,no,FOR_REVIEW
81.48,70304.02,4,90.51,1,5.67,grade_12,yes,no,FOR_REVIEW
85.51,46791.1,6,90.01,0,18.59,grade_7,yes,no,FOR_REVIEW
86.03,106787.06,10,92.1,0,9.36,grade_7,yes,no,FOR_REVIEW
82.47,75659.64,8,96.36,0,23.84,grade_10,yes,no,FOR_REVIEW
90.75,13807.78,8,99.49,0,23.81,grade_7,no,no,FOR_REVIEW
95.59,56010.11,9,87.64,1,12.69,grade_11,yes,no,FOR_REVIEW
85.76,32394.84,5,85.22,1,8.43,grade_9,yes,no,FOR_REVIEW
93.33,19757.78,3,95.72,0,23.0,grade_12,no,no,FOR_REVIEW
83.86,42920.46,4,99.65,2,4.91,grade_9,yes,no,FOR_REVIEW
85.72,7201.43,7,93.49,0,27.66,grade_10,yes,no,FOR_REVIEW
85.27,35405.83,7,95.04,0,14.55,grade_8,yes,no,FOR_REVIEW
86.59,14649.38,7,79.86,1,17.35,grade_10,yes,no,FOR_REVIEW
86.99,21723.92,7,79.78,1,19.45,grade_10,yes,no,FOR_REVIEW
97.13,5804.11,8,91.98,0,25.57,grade_7,no,no,FOR_REVIEW
81.85,17414.59,5,86.21,0,23.3,grade_10,yes,no,FOR_REVIEW
86.42,43934.33,5,91.33,1,4.03,grade_11,yes,no,FOR_REVIEW
82.75,36071.23,6,91.3,2,6.94,grade_11,yes,no,FOR_REVIEW
84.87,46670.42,6,92.97,1,13.57,grade_8,yes,yes,FOR_REVIEW
95.0,28138.52,3,79.68,2,8.08,grade_10,yes,no,FOR_REVIEW
93.52,72382.8,10,89.74,1,14.31,grade_8,yes,yes,FOR_REVIEW
84.72,24394.36,7,99.97,2,10.64,grade_9,yes,no,FOR_REVIEW
92.87,38645.37,11,94.9,1,11.95,grade_9,yes,no,FOR_REVIEW
95.05,26159.81,10,90.5,0,3.59,grade_8,yes,yes,FOR_REVIEW
87.66,34288.16,10,100.0,0,7.06,grade_12,yes,no,FOR_REVIEW
91.9,14054.47,7,86.99,0,15.66,grade_7,yes,no,FOR_REVIEW
78.69,49721.96,3,88.91,0,11.13,grade_10,yes,no,FOR_REVIEW
85.59,100740.33,2,93.19,0,34.46,grade_11,yes,no,FOR_REVIEW
89.92,63257.69,3,92.7,0,5.31,grade_7,yes,no,FOR_REVIEW
86.87,49612.18,4,92.21,1,13.95,grade_10,yes,yes,FOR_REVIEW
87.37,41611.33,10,93.12,2,13.62,grade_10,yes,no,FOR_REVIEW
87.09,21280.04,5,87.18,0,7.27,grade_9,yes,no,FOR_REVIEW
83.69,43127.88,4,99.33,2,5.53,grade_9,yes,no,FOR_REVIEW
86.68,40593.83,10,81.23,0,14.94,grade_7,yes,no,FOR_REVIEW
79.25,52530.1,3,89.0,0,11.75,grade_10,yes,no,FOR_REVIEW
87.26,17655.12,5,90.94,0,8.65,grade_7,no,no,FOR_REVIEW
83.41,120751.39,10,91.78,0,19.26,grade_7,yes,yes,FOR_REVIEW
91.65,118461.75,4,86.09,0,25.72,grade_9,yes,no,FOR_REVIEW
95.15,21017.03,7,97.43,1,51.32,grade_8,no,yes,FOR_REVIEW
85.44,32455.07,2,94.01,1,11.3,grade_12,yes,no,FOR_REVIEW
93.5,121830.7,9,83.62,1,3.59,grade_12,yes,yes,FOR_REVIEW
97.02,18200.78,7,94.28,0,1.05,grade_10,yes,no,FOR_REVIEW
93.49,43731.28,2,88.91,1,6.12,grade_7,yes,no,FOR_REVIEW
78.0,5452.6,6,98.96,0,16.89,grade_12,yes,no,FOR_REVIEW
90.61,6609.23,4,95.23,1,15.41,grade_11,yes,no,FOR_REVIEW
87.03,119461.43,9,95.81,1,16.08,grade_8,yes,no,FOR_REVIEW
92.69,122855.99,9,83.56,1,7.09,grade_12,yes,yes,FOR_REVIEW
91.08,17560.89,4,83.74,2,19.44,grade_8,yes,no,FOR_REVIEW
91.1,7005.87,9,93.38,0,10.07,grade_11,no,no,FOR_REVIEW
99.12,47431.16,7,94.66,0,45.23,grade_11,yes,no,FOR_REVIEW
80.16,31914.73,8,96.02,0,16.11,grade_10,yes,no,FOR_REVIEW
92.24,8622.88,2,85.86,1,21.32,grade_7,no,no,FOR_REVIEW
94.97,14822.76,7,94.11,1,16.49,grade_9,no,yes,FOR_REVIEW
85.05,99805.74,4,96.74,0,18.47,grade_12,yes,no,FOR_REVIEW
89.82,41448.87,2,83.22,0,13.77,grade_12,yes,no,FOR_REVIEW
78.37,37232.46,3,93.86,0,12.32,grade_10,yes,yes,FOR_REVIEW
90.14,19330.22,3,96.12,0,20.06,grade_12,no,no,FOR_REVIEW
81.64,10945.38,8,98.01,0,18.59,grade_7,yes,no,FOR_REVIEW
93.32,46670.46,2,77.69,0,18.58,grade_8,yes,no,FOR_REVIEW
78.77,54063.06,4,90.09,0,8.89,grade_10,yes,no,FOR_REVIEW
94.15,17719.35,3,92.17,0,31.35,grade_12,no,no,FOR_REVIEW
97.69,17010.92,7,94.74,0,1.21,grade_10,yes,no,FOR_REVIEW
91.08,36711.91,4,87.44,1,16.5,grade_8,yes,no,FOR_REVIEW
79.02,6900.25,1,91.06,2,24.07,grade_10,yes,yes,FOR_REVIEW
86.45,32267.3,8,90.37,1,0.89,grade_12,yes,yes,FOR_REVIEW
86.24,46744.25,7,88.95,0,11.76,grade_9,yes,no,FOR_REVIEW
80.15,30095.15,8,96.14,0,16.64,grade_10,yes,no,FOR_REVIEW
93.77,15828.57,3,95.35,0,23.57,grade_12,no,no,FOR_REVIEW
84.96,43194.41,2,84.83,0,19.39,grade_9,yes,yes,FOR_REVIEW
86.44,51711.75,4,87.29,0,34.2,grade_9,yes,no,FOR_REVIEW
86.89,28598.31,4,90.19,0,10.66,grade_12,yes,yes,FOR_REVIEW
94.24,120925.74,3,92.63,0,29.8,grade_7,yes,no,FOR_REVIEW
78.44,27072.2,7,94.75,1,19.24,grade_7,yes,no,FOR_REVIEW
89.15,37629.72,2,90.06,2,29.47,grade_7,yes,no,FOR_REVIEW
84.62,31670.05,10,92.58,1,35.05,grade_10,yes,no,FOR_REVIEW
87.76,24215.27,10,90.59,0,11.57,grade_9,no,no,FOR_REVIEW
95.53,36109.06,3,100.0,0,54.87,grade_9,no,no,FOR_REVIEW
78.09,27879.86,5,93.78,0,6.87,grade_11,yes,no,FOR_REVIEW
81.7,44301.91,9,95.35,0,8.96,grade_10,yes,yes,FOR_REVIEW
89.57,44978.89,2,91.09,0,15.94,grade_8,yes,no,FOR_REVIEW
93.56,12236.79,8,91.83,1,37.97,grade_7,no,no,FOR_REVIEW
86.9,34346.07,8,88.7,1,2.24,grade_12,yes,yes,FOR_REVIEW
89.63,16407.15,3,94.75,0,18.8,grade_12,no,no,FOR_REVIEW
92.37,119992.14,6,96.63,0,2.39,grade_10,yes,yes,FOR_REVIEW
86.67,63635.41,9,93.24,0,21.17,grade_10,yes,no,FOR_REVIEW
92.85,40250.83,10,95.09,1,11.25,grade_9,yes,no,FOR_REVIEW
98.93,72916.43,10,95.05,0,14.1,grade_7,yes,no,FOR_REVIEW
92.83,85900.22,5,99.73,0,5.85,grade_10,yes,no,FOR_REVIEW
79.87,12491.34,10,89.28,2,3.23,grade_11,yes,no,FOR_REVIEW
85.85,20383.72,6,88.33,3,5.77,grade_7,yes,yes,FOR_REVIEW
79.07,40284.63,4,93.45,0,15.22,grade_11,yes,no,FOR_REVIEW
94.08,18734.72,9,90.0,0,9.77,grade_11,no,no,FOR_REVIEW
92.19,8420.86,10,92.02,0,11.08,grade_11,no,no,FOR_REVIEW
89.25,36789.41,6,98.34,2,6.67,grade_7,yes,no,FOR_REVIEW
96.65,18479.34,7,91.18,0,25.59,grade_10,no,no,FOR_REVIEW
85.69,21106.28,6,99.68,0,21.15,grade_7,no,yes,FOR_REVIEW
94.91,26563.03,3,79.31,2,10.78,grade_10,yes,no,FOR_REVIEW
92.79,50869.66,5,86.74,0,1.49,grade_11,yes,no,FOR_REVIEW
86.95,28498.27,4,89.44,0,10.27,grade_12,yes,yes,FOR_REVIEW
97.15,13742.19,2,93.38,1,31.09,grade_7,no,yes,FOR_REVIEW
92.79,121490.42,4,86.02,0,2.11,grade_10,yes,no,FOR_REVIEW
89.72,46049.76,2,91.81,0,15.8,grade_8,yes,no,FOR_REVIEW
82.58,40140.05,8,96.59,0,31.38,grade_11,yes,no,FOR_REVIEW
79.98,36815.23,5,93.56,1,6.08,grade_11,yes,no,FOR_REVIEW
95.97,32349.07,7,86.64,0,35.77,grade_12,no,yes,FOR_REVIEW
82.44,33120.51,6,91.06,2,6.4,grade_11,yes,no,FOR_REVIEW
89.62,60772.75,2,79.6,0,13.6,grade_7,yes,no,FOR_REVIEW
89.15,18079.36,10,98.39,1,2.9,grade_11,no,no,FOR_REVIEW
90.33,73958.6,5,93.76,0,18.89,grade_12,yes,yes,FOR_REVIEW
97.21,23518.79,4,92.16,0,0.95,grade_8,yes,yes,FOR_REVIEW
83.09,25221.65,7,98.82,0,22.27,grade_11,no,no,FOR_REVIEW
90.59,19407.06,3,95.21,0,21.43,grade_12,no,no,FOR_REVIEW
90.77,68634.49,5,86.25,0,30.98,grade_8,yes,no,FOR_REVIEW
81.75,36449.54,2,95.95,0,15.48,grade_7,yes,no,FOR_REVIEW
91.06,50379.52,2,86.25,0,45.27,grade_10,yes,no,FOR_REVIEW
90.65,37853.46,6,97.99,2,7.79,grade_7,yes,no,FOR_REVIEW
93.55,39982.95,10,95.06,1,11.62,grade_9,yes,no,FOR_REVIEW
82.04,58935.28,5,82.86,0,3.85,grade_9,yes,no,FOR_REVIEW
84.95,31328.18,9,95.37,2,16.58,grade_7,yes,yes,FOR_REVIEW
92.59,84739.44,3,98.96,0,29.05,grade_7,yes,no,FOR_REVIEW
96.3,19001.29,7,90.02,0,22.8,grade_10,no,no,FOR_REVIEW
87.11,55500.54,10,95.48,2,4.43,grade_11,yes,yes,FOR_REVIEW
92.52,20206.82,6,89.6,0,19.47,grade_11,no,no,FOR_REVIEW
85.22,36337.71,5,99.44,1,2.31,grade_7,yes,no,FOR_REVIEW
90.15,119033.05,6,82.51,1,10.94,grade_10,yes,no,FOR_REVIEW
89.19,60492.94,7,89.27,0,11.71,grade_12,yes,yes,FOR_REVIEW
94.96,6251.86,9,88.06,1,28.76,grade_8,yes,yes,FOR_REVIEW
79.44,36432.16,5,94.59,1,6.26,grade_11,yes,no,FOR_REVIEW
86.57,32914.88,3,82.03,0,24.61,grade_12,yes,yes,FOR_REVIEW
90.02,65658.04,9,90.98,1,4.14,grade_11,yes,no,FOR_REVIEW
91.36,50028.07,2,88.51,0,9.79,grade_9,yes,yes,FOR_REVIEW
90.38,17313.01,10,83.56,1,35.57,grade_12,no,no,FOR_REVIEW
98.28,11126.84,8,87.64,0,6.54,grade_9,no,no,FOR_REVIEW
90.17,12583.05,5,100.0,0,32.16,grade_9,no,no,FOR_REVIEW
87.65,21385.88,10,90.78,0,12.76,grade_9,no,no,FOR_REVIEW
80.6,33395.22,3,95.81,2,31.54,grade_8,yes,no,FOR_REVIEW
80.36,36381.51,2,94.76,0,33.44,grade_12,yes,no,FOR_REVIEW
95.86,35828.64,3,100.0,0,54.46,grade_9,no,no,FOR_REVIEW
95.23,49762.22,4,87.95,1,8.07,grade_8,yes,no,FOR_REVIEW
97.05,16111.09,9,85.97,1,18.78,grade_12,no,no,FOR_REVIEW
94.61,21857.57,9,79.94,4,4.58,grade_10,yes,no,FOR_REVIEW
89.61,44179.7,2,91.58,1,18.95,grade_10,yes,no,FOR_REVIEW
96.19,32001.01,9,92.5,0,14.53,grade_9,no,yes,FOR_REVIEW
92.89,45317.23,2,76.85,0,18.97,grade_8,yes,no,FOR_REVIEW
92.62,48167.04,5,86.9,0,2.4,grade_11,yes,no,FOR_REVIEW
86.31,77425.97,7,99.26,0,9.95,grade_11,yes,no,FOR_REVIEW
91.27,32117.14,5,89.46,0,28.92,grade_11,yes,yes,FOR_REVIEW
91.16,68700.55,5,86.67,0,34.35,grade_8,yes,no,FOR_REVIEW
85.69,29077.21,5,100.0,1,18.95,grade_11,yes,no,FOR_REVIEW
98.08,26291.85,4,91.88,0,0.44,grade_8,yes,yes,FOR_REVIEW
87.35,54055.4,10,95.62,2,1.56,grade_11,yes,yes,FOR_REVIEW
93.9,16721.44,9,89.5,0,9.71,grade_11,no,no,FOR_REVIEW
96.84,16342.86,7,89.64,0,22.09,grade_10,no,no,FOR_REVIEW
92.72,20601.34,4,90.34,0,18.71,grade_12,no,yes,FOR_REVIEW
85.82,62857.4,4,90.53,0,26.12,grade_9,yes,no,FOR_REVIEW
89.31,70098.59,2,89.65,0,48.57,grade_9,yes,no,FOR_REVIEW
89.4,68803.05,3,92.79,0,5.74,grade_7,yes,no,FOR_REVIEW
84.02,33796.58,5,91.86,0,37.34,grade_12,yes,no,FOR_REVIEW
86.58,29661.1,10,94.72,1,16.47,grade_7,yes,no,FOR_REVIEW
91.17,30977.64,8,86.86,1,3.84,grade_12,yes,no,FOR_REVIEW
98.84,19672.75,7,88.63,0,30.33,grade_11,no,no,FOR_REVIEW
94.87,75565.42,9,95.72,1,29.73,grade_7,yes,no,FOR_REVIEW
89.05,70177.57,6,86.83,1,5.46,grade_12,yes,no,FOR_REVIEW
93.68,21447.81,3,91.92,0,30.31,grade_12,no,no,FOR_REVIEW
87.76,50152.9,4,92.31,1,13.62,grade_10,yes,yes,FOR_REVIEW
85.46,18269.04,8,90.94,0,18.17,grade_12,no,yes,FOR_REVIEW
91.05,38627.83,8,88.78,2,4.73,grade_11,yes,no,FOR_REVIEW
87.01,46311.21,2,89.19,1,17.45,grade_8,yes,no,FOR_REVIEW
86.53,37958.35,10,82.98,0,15.0,grade_7,yes,no,FOR_REVIEW
92.51,36423.4,4,84.46,1,19.86,grade_9,yes,no,FOR_REVIEW
85.16,105388.53,10,92.9,0,10.17,grade_7,yes,no,FOR_REVIEW
97.43,84951.69,4,92.53,0,25.3,grade_9,yes,no,FOR_REVIEW
86.37,28491.54,2,92.3,1,22.26,grade_10,yes,yes,FOR_REVIEW
92.09,119540.53,8,90.0,1,17.6,grade_12,yes,no,FOR_REVIEW
90.47,72334.97,10,93.02,0,3.45,grade_9,yes,yes,FOR_REVIEW
87.6,34903.85,10,99.82,0,6.16,grade_12,yes,no,FOR_REVIEW
86.08,9191.07,8,100.0,1,19.33,grade_7,no,yes,FOR_REVIEW
89.94,40063.66,6,97.14,2,6.22,grade_7,yes,no,FOR_REVIEW
83.61,19278.77,5,81.18,0,25.43,grade_7,yes,no,FOR_REVIEW
80.35,33631.64,5,88.1,0,20.35,grade_12,yes,yes,FOR_REVIEW
79.67,57639.58,3,96.56,0,12.85,grade_7,yes,no,FOR_REVIEW
84.31,30810.21,4,91.11,1,11.53,grade_11,yes,no,FOR_REVIEW
81.9,28041.65,6,95.67,2,5.84,grade_12,yes,no,FOR_REVIEW
90.97,74474.5,5,92.95,0,17.27,grade_12,yes,yes,FOR_REVIEW
87.29,53186.09,10,95.73,2,2.84,grade_11,yes,yes,FOR_REVIEW
85.51,19941.29,3,88.73,0,11.45,grade_11,yes,no,FOR_REVIEW
97.73,18019.8,6,90.21,0,24.48,grade_9,no,no,FOR_REVIEW
89.48,14271.59,5,100.0,0,31.82,grade_9,no,no,FOR_REVIEW
96.33,18953.91,10,99.8,2,6.6,grade_10,no,yes,FOR_REVIEW
84.47,101061.71,4,97.2,0,19.94,grade_12,yes,no,FOR_REVIEW
87.17,45280.17,3,95.34,1,20.8,grade_7,yes,no,FOR_REVIEW
83.02,60626.8,4,92.24,1,16.5,grade_12,yes,no,FOR_REVIEW
96.97,35915.17,9,93.58,0,15.09,grade_9,no,yes,FOR_REVIEW
84.67,48028.01,10,96.74,0,13.62,grade_9,yes,no,FOR_REVIEW
86.91,30364.67,2,82.18,0,8.66,grade_11,yes,no,FOR_REVIEW
82.84,43495.16,10,93.8,1,3.16,grade_12,yes,no,FOR_REVIEW
85.6,80453.86,8,85.58,0,21.23,grade_12,no,no,FOR_REVIEW
91.35,35979.85,8,88.69,2,7.41,grade_11,yes,no,FOR_REVIEW
92.92,26384.08,10,95.65,1,2.26,grade_11,no,no,FOR_REVIEW
96.69,31283.29,9,100.0,2,93.08,grade_10,no,no,FOR_REVIEW
81.74,36240.32,2,95.63,0,16.64,grade_7,yes,no,FOR_REVIEW
85.25,24162.2,4,94.79,2,13.8,grade_7,yes,no,FOR_REVIEW
90.45,68710.02,5,87.25,0,32.74,grade_8,yes,no,FOR_REVIEW
80.9,36470.91,5,87.51,0,19.43,grade_12,yes,yes,FOR_REVIEW
94.33,70717.78,5,88.24,0,7.25,grade_9,yes,yes,FOR_REVIEW
94.56,18737.99,2,91.31,0,32.79,grade_12,no,no,FOR_REVIEW
87.91,108888.67,6,93.02,0,5.99,grade_11,yes,no,FOR_REVIEW
89.97,13742.84,5,99.61,0,32.78,grade_9,no,no,FOR_REVIEW
94.88,5016.57,5,91.78,0,2.61,grade_11,yes,no,FOR_REVIEW
90.73,47122.62,2,87.14,0,49.73,grade_10,yes,no,FOR_REVIEW
96.44,39966.37,9,92.07,0,11.26,grade_8,yes,no,FOR_REVIEW
89.94,41537.02,9,81.11,1,2.49,grade_7,yes,yes,FOR_REVIEW
90.96,15460.04,10,88.64,0,16.89,grade_10,no,no,FOR_REVIEW
85.61,22967.37,6,88.64,3,5.04,grade_7,yes,yes,FOR_REVIEW
83.86,25772.99,6,87.56,0,23.78,grade_12,yes,no,FOR_REVIEW
97.17,63938.72,6,93.04,2,14.51,grade_12,yes,no,FOR_REVIEW
87.8,21529.92,10,90.34,0,12.7,grade_9,no,no,FOR_REVIEW
88.09,24486.39,2,95.52,0,7.64,grade_9,yes,no,FOR_REVIEW
92.21,111933.33,9,99.72,3,39.88,grade_10,yes,no,FOR_REVIEW
91.95,13720.82,7,86.7,0,14.19,grade_7,yes,no,FOR_REVIEW
85.67,45613.08,9,97.43,0,15.77,grade_9,yes,no,FOR_REVIEW
93.99,110806.56,9,90.53,1,11.55,grade_11,yes,no,FOR_REVIEW
89.86,16787.37,3,94.88,0,20.75,grade_12,no,no,FOR_REVIEW
97.11,17067.68,10,98.8,2,9.2,grade_10,no,yes,FOR_REVIEW
81.87,71519.6,4,90.59,1,4.91,grade_12,yes,no,FOR_REVIEW
93.92,17273.28,3,91.28,0,32.92,grade_12,no,no,FOR_REVIEW
96.02,19138.78,9,93.42,0,2.64,grade_11,yes,no,FOR_REVIEW
81.08,7527.25,10,96.93,3,12.2,grade_9,yes,no,FOR_REVIEW
96.72,21917.72,2,92.3,1,1.56,grade_11,yes,no,FOR_REVIEW
97.43,12596.73,8,87.84,0,3.83,grade_8,no,no,FOR_REVIEW
86.71,74946.22,7,100.0,0,8.23,grade_11,yes,no,FOR_REVIEW
87.38,30564.26,10,100.0,0,5.95,grade_12,yes,no,FOR_REVIEW
97.48,20037.7,5,97.75,0,5.43,grade_8,no,yes,FOR_REVIEW
91.84,16240.95,7,86.61,0,16.57,grade_7,yes,no,FOR_REVIEW
79.5,40476.15,5,94.98,1,7.19,grade_11,yes,no,FOR_REVIEW
91.29,38734.37,8,88.52,2,8.33,grade_11,yes,no,FOR_REVIEW
90.89,62566.64,4,93.66,0,3.47,grade_9,yes,no,FOR_REVIEW
93.03,9321.59,10,93.08,0,11.37,grade_11,no,no,FOR_REVIEW
89.85,4744.17,4,95.62,1,14.72,grade_11,yes,no,FOR_REVIEW
93.31,46654.32,2,77.77,0,19.08,grade_8,yes,no,FOR_REVIEW
92.57,39941.64,2,88.69,0,15.42,grade_7,yes,no,FOR_REVIEW
90.7,9668.1,9,94.16,0,4.98,grade_11,no,no,FOR_REVIEW
79.58,39277.4,6,93.53,0,15.83,grade_7,yes,no,FOR_REVIEW
97.6,18945.93,6,90.5,0,23.31,grade_9,no,no,FOR_REVIEW
88.63,24725.02,4,91.7,1,16.29,grade_11,yes,yes,FOR_REVIEW
80.4,51876.05,7,100.0,0,6.25,grade_12,yes,no,FOR_REVIEW
85.0,63073.29,7,95.03,0,5.95,grade_10,yes,no,FOR_REVIEW
88.47,12995.31,2,95.63,0,0.04,grade_7,no,no,FOR_REVIEW
93.72,21581.96,9,100.0,1,19.53,grade_8,no,no,FOR_REVIEW
83.96,17727.27,5,86.23,1,9.09,grade_12,yes,no,FOR_REVIEW
98.08,23579.62,4,94.21,1,46.94,grade_11,no,yes,FOR_REVIEW
93.81,11021.14,2,93.28,0,9.8,grade_11,no,no,FOR_REVIEW
96.26,16446.61,2,93.8,0,21.77,grade_12,no,yes,FOR_REVIEW
84.89,6797.24,4,84.49,1,4.21,grade_9,yes,no,FOR_REVIEW
85.24,64289.77,6,86.96,1,15.77,grade_12,yes,yes,FOR_REVIEW
78.14,6813.28,6,98.17,0,18.95,grade_12,yes,no,FOR_REVIEW
86.08,34288.18,6,89.75,0,6.94,grade_11,yes,no,FOR_REVIEW
80.8,39045.27,9,85.84,0,18.64,grade_11,yes,no,FOR_REVIEW
86.09,62778.36,10,85.7,1,38.74,grade_10,yes,no,FOR_REVIEW
87.32,23050.72,5,86.85,0,8.59,grade_9,yes,no,FOR_REVIEW
82.65,23580.5,6,94.99,2,1.13,grade_11,yes,yes,FOR_REVIEW
86.04,20946.37,5,87.75,0,8.4,grade_9,yes,no,FOR_REVIEW
96.4,14278.91,2,93.58,1,33.16,grade_7,no,yes,FOR_REVIEW
79.99,23344.94,10,90.31,0,17.24,grade_9,yes,yes,FOR_REVIEW
95.96,94623.52,6,92.0,0,15.61,grade_8,yes,no,FOR_REVIEW
90.68,72609.44,7,99.18,0,46.0,grade_7,yes,no,FOR_REVIEW
85.67,31250.57,10,92.16,1,35.8,grade_10,yes,no,FOR_REVIEW
98.56,70944.67,11,94.63,0,15.81,grade_7,yes,no,FOR_REVIEW
92.85,16245.11,6,93.72,1,24.42,grade_8,no,no,FOR_REVIEW
86.88,25429.68,3,77.6,1,9.86,grade_10,yes,no,FOR_REVIEW
92.56,47995.25,2,77.37,0,19.55,grade_8,yes,no,FOR_REVIEW
80.06,37440.86,2,94.49,0,34.61,grade_12,yes,no,FOR_REVIEW
95.48,32088.9,8,88.05,0,14.15,grade_7,yes,no,FOR_REVIEW
90.04,59173.48,7,89.37,0,12.23,grade_12,yes,yes,FOR_REVIEW
82.59,27831.58,6,95.52,2,4.14,grade_12,yes,no,FOR_REVIEW
99.73,74042.03,3,94.57,0,9.12,grade_7,yes,yes,FOR_REVIEW
81.85,12240.5,3,81.45,0,33.89,grade_11,yes,no,FOR_REVIEW
82.29,44179.8,4,92.96,0,14.97,grade_9,yes,yes,FOR_REVIEW
93.04,116078.44,6,96.19,0,0.73,grade_10,yes,yes,FOR_REVIEW
87.47,28020.97,4,89.48,0,10.16,grade_12,yes,yes,FOR_REVIEW
83.53,32218.73,5,88.56,0,11.87,grade_7,yes,no,FOR_REVIEW
91.65,35262.73,4,87.4,1,19.15,grade_8,yes,no,FOR_REVIEW
84.34,10033.91,4,84.65,1,2.97,grade_9,yes,no,FOR_REVIEW
84.12,45318.75,5,95.4,0,33.13,grade_8,yes,no,FOR_REVIEW
85.8,29601.05,3,81.27,0,24.1,grade_12,yes,yes,FOR_REVIEW
90.74,68140.94,7,98.19,0,43.15,grade_7,yes,no,FOR_REVIEW
85.42,33499.73,5,98.85,1,4.43,grade_7,yes,no,FOR_REVIEW
96.87,27130.47,10,97.09,0,6.32,grade_10,yes,no,FOR_REVIEW
93.02,42948.36,10,95.28,1,11.57,grade_9,yes,no,FOR_REVIEW
94.11,71733.4,10,89.91,1,12.57,grade_8,yes,yes,FOR_REVIEW
83.81,24156.89,6,87.87,0,24.28,grade_12,yes,no,FOR_REVIEW
89.63,63099.94,9,90.89,1,3.57,grade_11,yes,no,FOR_REVIEW
96.99,46785.38,5,89.16,0,5.51,grade_12,yes,no,FOR_REVIEW
88.15,50033.71,5,86.2,0,16.44,grade_7,yes,yes,FOR_REVIEW
92.89,18595.55,6,92.59,1,24.91,grade_8,no,no,FOR_REVIEW
97.46,17604.56,9,85.87,1,18.93,grade_12,no,no,FOR_REVIEW
89.94,37146.81,2,89.22,2,29.08,grade_7,yes,no,FOR_REVIEW
93.17,120785.98,9,90.27,1,4.91,grade_11,yes,no,FOR_REVIEW
86.65,64554.12,4,90.94,0,26.14,grade_9,yes,no,FOR_REVIEW
91.39,17501.19,10,87.45,0,15.65,grade_10,no,no,FOR_REVIEW
94.98,93863.63,5,87.18,1,31.59,grade_11,yes,no,FOR_REVIEW
87.2,21179.3,5,85.8,0,16.85,grade_7,yes,no,FOR_REVIEW
96.74,20723.66,5,98.29,0,4.26,grade_8,no,yes,FOR_REVIEW
87.25,30522.28,2,95.52,0,14.38,grade_9,yes,yes,FOR_REVIEW
82.15,79119.76,7,96.79,0,16.55,grade_11,yes,no,FOR_REVIEW
78.78,29182.46,7,94.77,1,17.51,grade_7,yes,no,FOR_REVIEW
97.03,8666.79,8,91.95,0,24.89,grade_7,no,no,FOR_REVIEW
88.97,15898.65,10,98.1,1,0.43,grade_11,no,no,FOR_REVIEW
88.99,26879.47,4,91.32,1,16.69,grade_11,yes,yes,FOR_REVIEW
86.29,120666.57,9,96.08,1,14.73,grade_8,yes,no,FOR_REVIEW
98.71,23779.54,4,93.66,1,48.74,grade_11,no,yes,FOR_REVIEW
85.82,33632.29,6,89.76,0,6.61,grade_11,yes,no,FOR_REVIEW
86.5,31999.06,3,81.12,0,26.88,grade_12,yes,yes,FOR_REVIEW
90.98,19045.45,4,82.62,2,18.49,grade_8,yes,no,FOR_REVIEW
95.05,37404.03,2,85.77,1,5.08,grade_9,yes,no,FOR_REVIEW
92.99,17410.16,6,93.64,1,22.89,grade_8,no,no,FOR_REVIEW
85.85,45905.64,6,92.83,1,10.88,grade_8,yes,yes,FOR_REVIEW
93.72,56704.86,4,88.35,0,24.44,grade_11,no,no,FOR_REVIEW
90.39,68312.86,5,87.3,0,32.59,grade_8,yes,no,FOR_REVIEW
79.27,40282.98,4,93.32,0,14.96,grade_11,yes,no,FOR_REVIEW
86.88,34327.64,4,91.09,0,24.65,grade_12,yes,no,FOR_REVIEW
95.6,38415.97,2,85.81,1,4.45,grade_9,yes,no,FOR_REVIEW
90.28,17396.0,3,95.23,0,19.37,grade_12,no,no,FOR_REVIEW
96.56,11660.67,2,94.3,1,31.99,grade_7,no,yes,FOR_REVIEW
86.02,49345.26,9,97.51,0,16.17,grade_9,yes,no,FOR_REVIEW
86.89,36667.82,5,88.37,0,5.6,grade_8,yes,no,FOR_REVIEW
93.53,21557.6,9,92.72,1,19.11,grade_9,no,no,FOR_REVIEW
96.62,56159.94,5,86.35,0,17.57,grade_11,yes,no,FOR_REVIEW
94.51,15433.07,9,88.9,0,8.01,grade_11,no,no,FOR_REVIEW
91.18,18451.98,4,83.72,2,19.28,grade_8,yes,no,FOR_REVIEW
77.58,29547.3,5,94.31,0,3.95,grade_11,yes,no,FOR_REVIEW
85.34,107538.65,10,91.78,0,11.55,grade_7,yes,no,FOR_REVIEW
91.64,14841.46,2,92.21,0,4.8,grade_11,no,yes,FOR_REVIEW
85.8,34257.77,6,90.03,0,7.74,grade_11,yes,no,FOR_REVIEW
87.1,43405.08,2,89.13,1,19.8,grade_8,yes,no,FOR_REVIEW
91.06,27715.77,6,100.0,1,21.35,grade_12,no,no,FOR_REVIEW
86.21,38447.95,2,99.9,1,42.42,grade_9,yes,no,FOR_REVIEW
83.36,120524.05,10,90.96,0,21.39,grade_7,yes,yes,FOR_REVIEW
86.41,17117.69,2,88.85,2,22.31,grade_11,yes,no,FOR_REVIEW
86.33,17310.11,2,89.76,2,23.33,grade_11,yes,no,FOR_REVIEW
93.93,94962.65,5,87.06,1,32.79,grade_11,yes,no,FOR_REVIEW
82.3,46249.95,4,93.19,0,14.38,grade_9,yes,yes,FOR_REVIEW
97.8,64018.15,2,86.34,0,13.99,grade_8,yes,no,FOR_REVIEW
78.16,28308.77,5,94.22,0,5.76,grade_11,yes,no,FOR_REVIEW
86.06,11865.99,8,99.79,1,16.96,grade_7,no,yes,FOR_REVIEW
95.04,33801.35,8,88.79,0,13.14,grade_7,yes,no,FOR_REVIEW
82.36,29393.06,6,95.06,2,6.73,grade_12,yes,no,FOR_REVIEW
86.99,20345.66,5,87.76,0,8.78,grade_9,yes,no,FOR_REVIEW
94.67,54584.89,4,95.65,2,0.0,grade_11,yes,no,FOR_REVIEW
77.95,10818.13,6,99.29,0,17.48,grade_12,yes,no,FOR_REVIEW
89.51,33641.74,4,89.11,1,5.98,grade_8,yes,no,FOR_REVIEW
90.13,4766.64,4,95.61,1,15.56,grade_11,yes,no,FOR_REVIEW
91.78,12416.73,10,92.33,0,11.24,grade_11,no,no,FOR_REVIEW
89.59,49361.72,4,98.62,1,10.61,grade_10,yes,no,FOR_REVIEW
91.45,7317.97,2,86.4,1,22.69,grade_7,no,no,FOR_REVIEW
94.34,123220.54,3,92.99,0,28.63,grade_7,yes,no,FOR_REVIEW
92.57,26911.14,10,95.34,1,3.19,grade_11,no,no,FOR_REVIEW
88.59,61358.59,7,89.09,0,11.85,grade_12,yes,yes,FOR_REVIEW
83.08,46609.43,3,97.31,0,5.51,grade_12,yes,no,FOR_REVIEW
83.67,120550.6,10,91.57,0,21.33,grade_7,yes,yes,FOR_REVIEW
93.51,120418.38,9,90.7,1,4.97,grade_11,yes,no,FOR_REVIEW
84.98,19269.02,5,86.21,1,9.27,grade_12,yes,no,FOR_REVIEW
90.62,62833.19,4,93.15,0,5.09,grade_9,yes,no,FOR_REVIEW
88.24,23956.22,4,91.17,1,16.75,grade_11,yes,yes,FOR_REVIEW
95.13,21073.39,9,93.31,0,5.25,grade_11,yes,no,FOR_REVIEW
97.97,71052.97,10,94.46,0,11.92,grade_7,yes,no,FOR_REVIEW
91.35,33064.37,8,86.3,1,4.64,grade_12,yes,no,FOR_REVIEW
91.82,9974.89,2,84.7,1,20.89,grade_7,no,no,FOR_REVIEW
81.51,36072.37,2,96.01,0,17.76,grade_7,yes,no,FOR_REVIEW
82.35,37154.0,10,81.45,0,5.63,grade_7,yes,no,FOR_REVIEW
95.54,55956.27,5,84.6,0,11.36,grade_7,yes,no,FOR_REVIEW
85.11,7519.33,9,95.37,1,8.16,grade_9,yes,no,FOR_REVIEW
87.88,44806.88,5,86.49,0,16.33,grade_7,yes,yes,FOR_REVIEW
81.23,18127.93,5,86.25,0,25.29,grade_10,yes,no,FOR_REVIEW
79.09,59314.31,10,85.6,1,18.91,grade_8,yes,no,FOR_REVIEW
95.47,15158.8,2,94.43,1,18.65,grade_9,no,no,FOR_REVIEW
95.52,28042.71,7,93.4,0,17.6,grade_7,no,no,FOR_REVIEW
83.7,33214.66,2,93.38,0,4.52,grade_8,yes,yes,FOR_REVIEW
97.59,22805.18,4,91.96,0,1.76,grade_8,yes,yes,FOR_REVIEW
83.1,32010.16,6,91.88,2,7.32,grade_11,yes,no,FOR_REVIEW
88.28,45057.57,9,80.7,0,10.34,grade_8,yes,no,FOR_REVIEW
90.38,18019.5,10,95.45,0,26.17,grade_8,no,no,FOR_REVIEW
97.37,11338.37,2,92.78,0,23.32,grade_12,no,yes,FOR_REVIEW
92.49,33285.7,10,82.35,1,12.12,grade_7,yes,no,FOR_REVIEW
89.65,35977.52,4,89.32,1,4.04,grade_8,yes,no,FOR_REVIEW
80.37,59121.09,10,84.85,1,19.62,grade_8,yes,no,FOR_REVIEW
92.0,9857.27,2,85.47,1,21.42,grade_7,no,no,FOR_REVIEW
88.45,25759.5,4,92.23,1,15.02,grade_11,yes,yes,FOR_REVIEW
85.42,5229.2,7,93.84,0,26.62,grade_10,yes,no,FOR_REVIEW
92.82,41888.01,10,94.73,1,11.17,grade_9,yes,no,FOR_REVIEW
86.97,21128.39,5,86.83,0,9.19,grade_9,yes,no,FOR_REVIEW
79.61,37090.4,6,92.9,0,15.64,grade_7,yes,no,FOR_REVIEW
87.66,50187.96,4,92.2,1,14.18,grade_10,yes,yes,FOR_REVIEW
80.67,30171.07,8,96.18,0,16.19,grade_10,yes,no,FOR_REVIEW
87.24,27517.25,3,77.63,1,9.26,grade_10,yes,no,FOR_REVIEW
82.92,49157.23,3,97.86,0,4.68,grade_12,yes,no,FOR_REVIEW
98.51,72610.51,3,94.46,0,10.98,grade_7,yes,yes,FOR_REVIEW
84.8,36776.21,10,99.35,1,13.03,grade_7,yes,no,FOR_REVIEW
86.76,16871.06,5,91.18,0,8.68,grade_7,no,no,FOR_REVIEW
86.97,79288.18,8,86.15,0,20.43,grade_12,no,no,FOR_REVIEW
81.87,55890.64,2,95.11,0,29.25,grade_12,yes,no,FOR_REVIEW
84.14,33064.45,2,95.01,0,6.67,grade_8,yes,yes,FOR_REVIEW
82.27,58964.91,2,96.27,0,30.03,grade_12,yes,no,FOR_REVIEW
84.8,23896.55,10,90.11,2,21.0,grade_7,yes,no,FOR_REVIEW
86.65,60777.18,9,92.71,0,21.89,grade_10,yes,no,FOR_REVIEW
79.95,15878.67,10,90.15,0,15.35,grade_9,yes,yes,FOR_REVIEW
86.6,47950.18,9,97.28,0,14.18,grade_9,yes,no,FOR_REVIEW
92.17,20400.94,6,89.65,0,21.34,grade_11,no,no,FOR_REVIEW
84.4,22584.26,10,89.87,2,20.92,grade_7,yes,no,FOR_REVIEW
86.52,34453.99,4,91.29,0,25.27,grade_12,yes,no,FOR_REVIEW
80.55,12019.27,10,89.84,2,3.29,grade_11,yes,no,FOR_REVIEW
81.31,40026.0,9,95.22,0,10.91,grade_10,yes,yes,FOR_REVIEW
87.33,43962.79,3,95.09,1,22.59,grade_7,yes,no,FOR_REVIEW
79.65,37965.72,6,92.74,0,15.28,grade_7,yes,no,FOR_REVIEW
85.76,42643.2,6,90.01,0,11.96,grade_10,yes,no,FOR_REVIEW
89.79,19495.02,3,95.46,0,19.22,grade_12,no,no,FOR_REVIEW
85.51,22023.8,4,94.55,2,13.68,grade_7,yes,no,FOR_REVIEW
99.36,85667.01,3,92.2,0,4.33,grade_7,yes,yes,FOR_REVIEW
93.74,92323.91,5,93.88,0,10.28,grade_12,yes,yes,FOR_REVIEW
83.38,38171.26,4,99.24,2,3.94,grade_9,yes,no,FOR_REVIEW
92.0,123541.97,8,90.08,1,17.27,grade_12,yes,no,FOR_REVIEW
90.73,49980.22,2,88.99,0,10.14,grade_9,yes,yes,FOR_REVIEW
79.51,60972.23,10,86.65,1,19.53,grade_8,yes,no,FOR_REVIEW
89.49,58673.89,8,95.3,2,3.93,grade_7,yes,no,FOR_REVIEW
90.08,43079.82,2,91.46,0,17.04,grade_8,yes,no,FOR_REVIEW
83.27,61876.3,4,92.99,1,16.69,grade_12,yes,no,FOR_REVIEW
78.43,39772.69,3,93.38,0,12.37,grade_10,yes,yes,FOR_REVIEW
84.63,96745.16,4,96.54,0,17.28,grade_12,yes,no,FOR_REVIEW
87.31,40874.35,2,89.68,0,6.82,grade_11,yes,no,FOR_REVIEW
94.81,13323.93,7,93.29,1,17.93,grade_9,no,yes,FOR_REVIEW
98.01,26144.96,4,93.73,1,50.1,grade_11,no,yes,FOR_REVIEW
83.59,68891.95,6,92.23,0,11.03,grade_12,yes,no,FOR_REVIEW
94.97,14014.08,7,94.49,1,17.0,grade_9,no,yes,FOR_REVIEW
93.61,21309.24,9,79.58,4,7.02,grade_10,yes,no,FOR_REVIEW
95.05,12721.48,7,93.98,1,16.54,grade_9,no,yes,FOR_REVIEW
92.87,23307.01,7,90.3,1,7.04,grade_9,no,no,FOR_REVIEW
85.73,28059.83,5,91.64,0,38.14,grade_12,yes,no,FOR_REVIEW
85.34,18870.11,8,92.83,1,9.24,grade_8,yes,yes,FOR_REVIEW
91.77,14187.65,3,99.9,0,14.38,grade_12,no,no,FOR_REVIEW
86.18,32142.17,8,94.59,1,10.99,grade_8,yes,no,FOR_REVIEW
97.45,81431.97,7,93.34,0,68.73,grade_7,yes,no,FOR_REVIEW
83.25,10541.52,5,82.72,1,15.58,grade_7,yes,no,FOR_REVIEW
82.52,63871.56,10,96.04,1,12.83,grade_11,yes,no,FOR_REVIEW
94.63,21234.89,3,91.38,0,31.28,grade_12,no,no,FOR_REVIEW
94.89,39690.7,2,85.69,1,5.34,grade_9,yes,no,FOR_REVIEW
88.38,60557.27,7,89.12,0,10.89,grade_12,yes,yes,FOR_REVIEW
91.09,34347.82,4,87.12,1,18.37,grade_8,yes,no,FOR_REVIEW
84.76,37301.61,9,95.08,2,15.48,grade_7,yes,yes,FOR_REVIEW
84.85,22293.83,4,92.54,2,16.26,grade_8,yes,no,FOR_REVIEW
93.02,48160.26,2,77.06,0,19.31,grade_8,yes,no,FOR_REVIEW
94.02,99669.96,5,93.63,2,31.73,grade_11,yes,no,FOR_REVIEW
90.13,12986.17,8,99.59,0,23.76,grade_7,no,no,FOR_REVIEW
93.66,77360.2,7,93.57,0,17.9,grade_10,yes,no,FOR_REVIEW
84.1,33146.59,5,88.13,0,11.73,grade_7,yes,no,FOR_REVIEW
91.93,110006.26,9,100.0,3,37.94,grade_10,yes,no,FOR_REVIEW
87.89,49874.91,4,92.36,1,14.31,grade_10,yes,yes,FOR_REVIEW
93.55,71461.74,10,89.62,1,11.54,grade_8,yes,yes,FOR_REVIEW
89.7,19042.26,3,95.35,0,20.23,grade_12,no,no,FOR_REVIEW
99.0,65413.85,6,100.0,0,38.63,grade_8,yes,no,FOR_REVIEW
85.59,7395.78,9,95.96,1,8.56,grade_9,yes,no,FOR_REVIEW
94.33,24697.89,10,91.45,0,3.97,grade_8,yes,yes,FOR_REVIEW
82.43,55944.71,5,82.85,0,3.86,grade_9,yes,no,FOR_REVIEW
94.96,23684.66,10,90.52,0,4.88,grade_8,yes,yes,FOR_REVIEW
82.35,36240.19,2,96.15,0,17.61,grade_7,yes,no,FOR_REVIEW
97.16,58366.01,5,87.02,0,17.73,grade_11,yes,no,FOR_REVIEW
95.36,50882.42,4,86.87,1,6.97,grade_8,yes,no,FOR_REVIEW
85.42,53729.94,4,85.96,0,34.36,grade_9,yes,no,FOR_REVIEW
94.37,13836.53,2,92.34,0,9.46,grade_11,no,no,FOR_REVIEW
89.81,54763.75,3,87.22,0,12.97,grade_8,yes,no,FOR_REVIEW
91.02,66900.46,5,87.28,0,31.83,grade_8,yes,no,FOR_REVIEW
94.54,52672.08,5,84.87,0,5.16,grade_9,yes,no,FOR_REVIEW
91.42,29158.07,5,89.19,0,29.1,grade_11,yes,yes,FOR_REVIEW
90.76,55426.57,8,94.95,1,3.63,grade_9,yes,no,FOR_REVIEW
81.82,81358.45,7,96.39,0,17.42,grade_11,yes,no,FOR_REVIEW
81.85,55498.17,5,83.6,0,0.85,grade_9,yes,no,FOR_REVIEW
97.56,18832.26,4,98.73,0,7.83,grade_8,no,yes,FOR_REVIEW
85.27,35537.22,2,85.5,0,17.79,grade_9,yes,yes,FOR_REVIEW
96.08,19272.83,9,93.04,0,3.41,grade_11,yes,no,FOR_REVIEW
91.29,74811.04,5,93.67,0,16.14,grade_12,yes,yes,FOR_REVIEW
95.25,41482.97,9,91.77,0,10.67,grade_8,yes,no,FOR_REVIEW
86.36,50658.14,4,86.93,0,36.31,grade_9,yes,no,FOR_REVIEW
87.46,48782.56,4,92.23,1,15.29,grade_10,yes,yes,FOR_REVIEW
90.77,34019.78,9,99.26,2,16.02,grade_8,yes,no,FOR_REVIEW
87.17,119050.96,9,96.37,1,15.31,grade_8,yes,no,FOR_REVIEW
81.54,77901.68,7,96.76,0,14.44,grade_11,yes,no,FOR_REVIEW
85.81,67915.84,4,99.63,0,20.67,grade_7,yes,no,FOR_REVIEW
89.63,38636.72,3,100.0,0,7.32,grade_10,yes,no,FOR_REVIEW
85.55,40085.98,6,90.57,1,2.51,grade_10,yes,yes,FOR_REVIEW
87.52,62100.59,8,83.96,0,20.19,grade_8,yes,no,FOR_REVIEW
84.96,26949.19,4,92.99,2,14.64,grade_8,yes,no,FOR_REVIEW
94.53,11960.47,9,87.98,1,28.5,grade_8,yes,yes,FOR_REVIEW
95.61,8916.35,9,88.51,1,29.05,grade_8,yes,yes,FOR_REVIEW
86.71,19712.5,5,87.52,0,9.1,grade_9,yes,no,FOR_REVIEW
84.58,18815.04,5,85.8,1,9.13,grade_12,yes,no,FOR_REVIEW
89.47,11840.33,5,100.0,0,34.94,grade_9,no,no,FOR_REVIEW
90.94,75013.13,5,93.42,0,17.6,grade_12,yes,yes,FOR_REVIEW
87.55,63365.1,8,82.9,0,19.43,grade_8,yes,no,FOR_REVIEW
89.61,57010.96,8,94.54,2,5.62,grade_7,yes,no,FOR_REVIEW
89.48,72112.4,10,93.37,0,2.3,grade_9,yes,yes,FOR_REVIEW
88.64,27057.81,4,91.24,1,17.27,grade_11,yes,yes,FOR_REVIEW
86.91,42305.86,5,92.88,1,3.85,grade_11,yes,no,FOR_REVIEW
93.38,50097.84,6,93.9,2,30.38,grade_9,yes,no,FOR_REVIEW
89.64,65005.08,3,93.18,0,5.06,grade_7,yes,no,FOR_REVIEW
83.39,27606.33,7,98.8,0,22.1,grade_11,no,no,FOR_REVIEW
91.3,26538.31,6,100.0,1,22.5,grade_12,no,no,FOR_REVIEW
90.71,63152.64,3,94.13,0,5.62,grade_9,yes,no,FOR_REVIEW
81.36,57027.79,2,95.7,0,28.48,grade_12,yes,no,FOR_REVIEW
85.07,31793.66,5,90.93,0,39.36,grade_12,yes,no,FOR_REVIEW
82.01,11236.87,3,80.85,0,34.8,grade_11,yes,no,FOR_REVIEW
92.27,8528.77,2,85.56,1,19.2,grade_7,no,no,FOR_REVIEW
83.4,43323.62,5,95.25,0,34.65,grade_8,yes,no,FOR_REVIEW
81.64,26354.43,10,93.81,1,6.96,grade_8,yes,no,FOR_REVIEW
85.42,20695.7,8,92.18,1,7.98,grade_8,yes,yes,FOR_REVIEW
96.96,23233.25,5,97.3,0,7.42,grade_8,no,yes,FOR_REVIEW
79.36,7129.57,2,91.12,2,26.04,grade_10,yes,yes,FOR_REVIEW
80.33,38777.21,9,86.3,0,19.13,grade_11,yes,no,FOR_REVIEW
86.53,42382.58,10,93.44,1,12.33,grade_11,yes,no,FOR_REVIEW
80.42,10214.49,4,89.38,1,11.08,grade_10,yes,no,FOR_REVIEW
87.53,25325.63,4,89.17,0,11.71,grade_12,yes,yes,FOR_REVIEW
86.8,33112.75,8,95.43,1,10.77,grade_8,yes,no,FOR_REVIEW
91.42,40387.99,8,88.5,2,7.02,grade_11,yes,no,FOR_REVIEW
91.05,47097.36,2,86.23,0,47.42,grade_10,yes,no,FOR_REVIEW
96.98,21083.11,5,97.79,0,5.48,grade_8,no,yes,FOR_REVIEW
86.6,19579.89,7,80.17,1,18.17,grade_10,yes,no,FOR_REVIEW
95.85,10393.45,10,100.0,0,15.42,grade_9,no,no,FOR_REVIEW
81.67,78249.27,7,96.05,0,15.75,grade_11,yes,no,FOR_REVIEW
81.32,53779.61,2,94.94,0,17.42,grade_9,yes,no,FOR_REVIEW
86.93,23283.15,3,77.57,1,10.71,grade_10,yes,no,FOR_REVIEW
88.96,18986.31,6,92.57,1,16.85,grade_11,no,no,FOR_REVIEW
88.04,32139.6,10,99.47,0,5.93,grade_12,yes,no,FOR_REVIEW
90.03,73603.87,5,93.2,0,16.77,grade_12,yes,yes,FOR_REVIEW
85.52,37383.05,10,99.07,1,13.97,grade_7,yes,no,FOR_REVIEW
88.1,46890.49,5,86.52,0,14.61,grade_7,yes,yes,FOR_REVIEW
89.75,13792.99,8,99.9,0,21.65,grade_7,no,no,FOR_REVIEW
86.43,32540.55,8,89.42,1,0.0,grade_12,yes,yes,FOR_REVIEW
89.83,46936.11,2,91.74,0,16.18,grade_8,yes,no,FOR_REVIEW
94.52,11919.96,2,93.17,0,10.62,grade_11,no,no,FOR_REVIEW
99.62,20334.67,7,89.02,0,31.07,grade_11,no,no,FOR_REVIEW
91.69,83176.4,3,98.64,0,31.11,grade_7,yes,no,FOR_REVIEW
93.96,55823.23,4,88.36,0,24.96,grade_11,no,no,FOR_REVIEW
82.53,43995.94,3,97.58,0,7.14,grade_12,yes,no,FOR_REVIEW
84.88,31285.47,5,91.45,0,37.17,grade_12,yes,no,FOR_REVIEW
86.13,47775.09,7,88.19,0,13.25,grade_9,yes,no,FOR_REVIEW
78.86,13763.92,3,89.44,1,1.12,grade_12,yes,no,FOR_REVIEW
99.08,17466.28,7,89.25,0,30.29,grade_11,no,no,FOR_REVIEW
93.36,21856.76,7,91.53,1,5.31,grade_9,no,no,FOR_REVIEW
90.45,58188.77,4,90.79,0,50.88,grade_12,yes,no,FOR_REVIEW
90.26,14599.04,8,99.73,0,22.15,grade_7,no,no,FOR_REVIEW
81.1,58950.95,5,82.72,0,3.39,grade_9,yes,no,FOR_REVIEW
82.36,14044.48,8,98.35,0,17.13,grade_7,yes,no,FOR_REVIEW
95.19,11151.84,10,100.0,0,12.18,grade_9,no,no,FOR_REVIEW
95.33,19970.27,7,96.14,1,52.86,grade_8,no,yes,FOR_REVIEW
92.69,32469.11,5,89.39,0,26.04,grade_11,yes,yes,FOR_REVIEW
84.25,33729.14,2,95.23,0,5.22,grade_8,yes,yes,FOR_REVIEW
91.79,121030.2,4,85.23,0,27.83,grade_9,yes,no,FOR_REVIEW
81.89,7025.86,10,96.35,3,14.24,grade_9,yes,no,FOR_REVIEW
81.33,14284.68,8,98.02,0,17.22,grade_7,yes,no,FOR_REVIEW
85.26,34415.35,2,91.94,1,23.81,grade_10,yes,yes,FOR_REVIEW
86.52,22463.91,5,85.4,0,17.56,grade_7,yes,no,FOR_REVIEW
91.14,22640.47,4,91.31,1,20.14,grade_7,yes,no,FOR_REVIEW
84.08,65740.17,6,87.08,1,14.04,grade_12,yes,yes,FOR_REVIEW
79.86,7450.53,2,91.92,2,25.17,grade_10,yes,yes,FOR_REVIEW
96.66,27287.02,10,95.93,0,7.3,grade_10,yes,no,FOR_REVIEW
80.96,20535.58,5,86.17,0,23.79,grade_10,yes,no,FOR_REVIEW
94.65,46355.3,8,80.95,0,20.61,grade_8,yes,no,FOR_REVIEW
91.24,10071.69,2,92.54,0,6.32,grade_11,no,yes,FOR_REVIEW
96.26,5083.74,5,92.15,0,5.09,grade_11,yes,no,FOR_REVIEW
99.35,70501.33,3,95.45,0,9.28,grade_7,yes,yes,FOR_REVIEW
93.15,46415.99,5,86.16,0,1.41,grade_11,yes,no,FOR_REVIEW
78.3,26098.89,7,95.54,1,18.03,grade_7,yes,no,FOR_REVIEW
85.24,23929.24,4,92.73,2,15.26,grade_8,yes,no,FOR_REVIEW
89.14,57536.62,8,94.59,2,3.84,grade_7,yes,no,FOR_REVIEW
94.3,17856.07,9,100.0,1,20.61,grade_8,no,no,FOR_REVIEW
89.69,58807.84,7,88.94,0,11.44,grade_12,yes,yes,FOR_REVIEW
84.67,10542.53,4,84.09,1,2.57,grade_9,yes,no,FOR_REVIEW
81.88,36988.73,2,96.53,0,18.87,grade_7,yes,no,FOR_REVIEW
89.98,16839.35,3,94.31,0,20.63,grade_12,no,no,FOR_REVIEW
90.82,37613.03,8,88.61,2,6.57,grade_11,yes,no,FOR_REVIEW
82.23,40396.28,10,80.67,0,6.66,grade_7,yes,no,FOR_REVIEW
93.61,71596.38,5,89.39,0,7.1,grade_9,yes,yes,FOR_REVIEW
87.12,41689.19,2,99.91,1,39.82,grade_9,yes,no,FOR_REVIEW
91.05,16975.94,10,87.39,0,17.11,grade_10,no,no,FOR_REVIEW
92.23,86639.38,5,93.59,0,10.4,grade_12,yes,yes,FOR_REVIEW
89.18,58277.49,7,88.7,0,10.8,grade_12,yes,yes,FOR_REVIEW
91.04,10101.25,4,76.73,1,28.57,grade_10,yes,no,FOR_REVIEW
84.37,69147.76,6,86.73,1,15.25,grade_12,yes,yes,FOR_REVIEW
83.11,40756.57,4,98.95,2,4.13,grade_9,yes,no,FOR_REVIEW
86.86,63803.6,10,85.37,1,38.12,grade_10,yes,no,FOR_REVIEW
91.02,25079.78,6,100.0,1,18.6,grade_12,no,no,FOR_REVIEW
86.54,62870.18,10,85.12,1,39.62,grade_10,yes,no,FOR_REVIEW
95.08,15989.55,2,93.12,0,10.33,grade_11,no,no,FOR_REVIEW
96.62,15454.53,10,98.29,2,7.01,grade_10,no,yes,FOR_REVIEW
94.61,21458.38,9,89.14,0,9.03,grade_11,no,no,FOR_REVIEW
79.87,7562.28,2,91.65,2,25.42,grade_10,yes,yes,FOR_REVIEW
84.49,33162.7,10,92.54,1,36.67,grade_10,yes,no,FOR_REVIEW
87.82,28721.99,3,77.16,1,10.31,grade_10,yes,no,FOR_REVIEW
88.38,40628.39,9,80.14,0,8.13,grade_8,yes,no,FOR_REVIEW
91.03,36986.96,4,87.32,1,16.51,grade_8,yes,no,FOR_REVIEW
86.81,41642.2,5,91.9,1,3.8,grade_11,yes,no,FOR_REVIEW
88.64,16272.85,6,92.75,1,18.03,grade_11,no,no,FOR_REVIEW
84.37,100680.7,4,97.04,0,18.92,grade_12,yes,no,FOR_REVIEW
88.96,67250.91,6,87.11,1,5.11,grade_12,yes,no,FOR_REVIEW
85.09,103384.96,4,97.17,0,20.13,grade_12,yes,no,FOR_REVIEW
89.06,22172.58,2,96.35,0,7.95,grade_9,yes,no,FOR_REVIEW
97.86,22749.39,4,92.6,1,49.31,grade_11,no,yes,FOR_REVIEW
98.64,70839.2,3,95.22,0,8.83,grade_7,yes,yes,FOR_REVIEW
85.87,36104.46,10,92.85,2,9.35,grade_12,yes,yes,FOR_REVIEW
91.95,118439.75,8,89.97,1,18.45,grade_12,yes,no,FOR_REVIEW
91.02,58886.46,4,91.68,0,49.16,grade_12,yes,no,FOR_REVIEW
90.43,52746.22,4,98.18,1,12.29,grade_10,yes,no,FOR_REVIEW
88.75,17037.07,6,92.66,1,17.33,grade_11,no,no,FOR_REVIEW
86.25,8237.39,8,99.75,1,18.01,grade_7,no,yes,FOR_REVIEW
87.7,63046.58,8,82.74,0,18.44,grade_8,yes,no,FOR_REVIEW
93.09,47627.84,2,76.5,0,21.47,grade_8,yes,no,FOR_REVIEW
92.66,31783.82,4,84.06,1,20.65,grade_9,yes,no,FOR_REVIEW
80.96,57932.6,3,96.55,0,14.03,grade_7,yes,no,FOR_REVIEW
94.06,17949.95,9,80.16,4,6.64,grade_10,yes,no,FOR_REVIEW
93.34,84683.08,5,100.0,0,3.54,grade_10,yes,no,FOR_REVIEW
93.99,116780.07,3,92.21,0,29.16,grade_7,yes,no,FOR_REVIEW
84.53,29709.04,4,90.27,1,11.51,grade_11,yes,no,FOR_REVIEW
90.89,29099.44,8,86.58,1,4.89,grade_12,yes,no,FOR_REVIEW
85.31,20968.85,4,92.34,2,15.2,grade_8,yes,no,FOR_REVIEW
87.54,50996.88,10,96.13,2,3.27,grade_11,yes,yes,FOR_REVIEW
91.76,32940.87,10,81.03,1,12.6,grade_7,yes,no,FOR_REVIEW
87.51,31337.73,8,94.58,1,10.11,grade_8,yes,no,FOR_REVIEW
89.92,69378.66,2,89.79,0,46.44,grade_9,yes,no,FOR_REVIEW
97.19,20569.59,4,91.72,0,3.66,grade_8,yes,yes,FOR_REVIEW
87.42,49541.05,4,92.41,1,15.07,grade_10,yes,yes,FOR_REVIEW
89.12,44363.6,2,90.43,0,17.56,grade_8,yes,no,FOR_REVIEW
87.11,27088.72,3,77.47,1,8.5,grade_10,yes,no,FOR_REVIEW
99.12,64736.14,6,99.73,0,37.32,grade_8,yes,no,FOR_REVIEW
84.36,35502.75,2,85.92,0,21.58,grade_9,yes,yes,FOR_REVIEW
90.65,39033.77,8,89.01,2,8.74,grade_11,yes,no,FOR_REVIEW
94.63,36841.17,3,86.05,1,7.2,grade_9,yes,no,FOR_REVIEW
85.08,37040.82,10,92.33,2,11.62,grade_12,yes,yes,FOR_REVIEW
84.63,27407.54,4,89.82,1,13.04,grade_11,yes,no,FOR_REVIEW
78.12,11345.05,3,89.55,1,0.98,grade_12,yes,no,FOR_REVIEW
92.77,11282.64,7,86.22,0,17.32,grade_7,yes,no,FOR_REVIEW
87.49,31108.45,4,90.38,0,13.32,grade_12,yes,yes,FOR_REVIEW
78.76,40917.5,3,93.53,0,13.49,grade_10,yes,yes,FOR_REVIEW
81.54,13858.02,5,85.78,0,26.77,grade_10,yes,no,FOR_REVIEW
96.99,6974.44,8,91.84,0,24.61,grade_7,no,no,FOR_REVIEW
91.25,49586.33,2,88.34,0,10.51,grade_9,yes,yes,FOR_REVIEW
92.36,18499.65,6,93.08,1,25.88,grade_8,no,no,FOR_REVIEW
87.31,112399.17,6,92.59,0,5.76,grade_11,yes,no,FOR_REVIEW
81.58,33628.37,5,87.56,0,17.54,grade_12,yes,yes,FOR_REVIEW
97.74,16028.62,8,87.65,0,3.84,grade_8,no,no,FOR_REVIEW
82.81,60794.71,4,92.49,1,17.73,grade_12,yes,no,FOR_REVIEW
84.38,67975.19,6,87.56,1,13.23,grade_12,yes,yes,FOR_REVIEW
89.43,119883.75,6,82.62,1,11.06,grade_10,yes,no,FOR_REVIEW
92.31,16378.13,7,86.9,0,15.46,grade_7,yes,no,FOR_REVIEW
94.23,42677.43,2,88.58,1,6.68,grade_7,yes,no,FOR_REVIEW
99.96,46835.03,7,94.43,0,47.19,grade_11,yes,no,FOR_REVIEW
88.09,49326.46,4,92.31,1,15.02,grade_10,yes,yes,FOR_REVIEW
86.96,46406.74,2,89.25,1,19.06,grade_8,yes,no,FOR_REVIEW
90.2,43298.17,3,100.0,0,9.27,grade_10,yes,no,FOR_REVIEW
94.67,10077.72,10,98.97,0,12.57,grade_9,no,no,FOR_REVIEW
92.91,117897.54,4,85.7,0,3.3,grade_10,yes,no,FOR_REVIEW
93.57,19497.93,9,99.56,1,17.88,grade_8,no,no,FOR_REVIEW
94.99,72551.43,5,88.51,0,5.08,grade_9,yes,yes,FOR_REVIEW
89.82,68830.1,2,90.24,0,47.36,grade_9,yes,no,FOR_REVIEW
91.47,12346.5,10,87.72,0,16.21,grade_10,no,no,FOR_REVIEW
90.63,13034.7,2,81.36,0,44.69,grade_11,no,no,FOR_REVIEW
81.72,37696.04,7,91.81,0,15.94,grade_9,yes,no,FOR_REVIEW
86.74,18091.3,2,90.15,2,22.81,grade_11,yes,no,FOR_REVIEW
85.59,50917.77,4,86.75,0,33.55,grade_9,yes,no,FOR_REVIEW
83.96,24986.96,6,99.48,2,9.07,grade_9,yes,no,FOR_REVIEW
86.03,18950.66,2,89.73,2,24.87,grade_11,yes,no,FOR_REVIEW
97.05,20834.37,4,92.22,0,3.69,grade_8,yes,yes,FOR_REVIEW
81.03,47556.0,2,94.97,0,16.29,grade_9,yes,no,FOR_REVIEW
91.54,74376.11,5,93.14,0,17.57,grade_12,yes,yes,FOR_REVIEW
85.39,29867.81,1,92.32,1,23.72,grade_10,yes,yes,FOR_REVIEW
88.57,62697.37,9,95.34,2,2.28,grade_7,yes,no,FOR_REVIEW
96.63,47163.79,4,77.91,0,8.87,grade_10,yes,no,FOR_REVIEW
91.59,20012.57,6,89.45,0,19.68,grade_11,no,no,FOR_REVIEW
95.78,20228.58,7,97.2,1,50.89,grade_8,no,yes,FOR_REVIEW
90.76,13901.84,10,83.98,1,33.54,grade_12,no,no,FOR_REVIEW
88.81,70646.55,6,87.1,1,4.92,grade_12,yes,no,FOR_REVIEW
91.84,120101.03,6,96.4,0,0.0,grade_10,yes,yes,FOR_REVIEW
93.6,20712.71,3,92.07,0,30.94,grade_12,no,no,FOR_REVIEW
86.32,41006.86,10,81.61,0,14.57,grade_7,yes,no,FOR_REVIEW
89.12,37018.15,6,97.66,2,8.42,grade_7,yes,no,FOR_REVIEW
96.78,17098.44,7,95.19,0,2.28,grade_10,yes,no,FOR_REVIEW
81.57,14874.62,8,98.47,0,19.09,grade_7,yes,no,FOR_REVIEW
92.16,46114.46,3,85.07,0,4.05,grade_8,yes,no,FOR_REVIEW
91.5,33203.37,8,86.48,1,4.77,grade_12,yes,no,FOR_REVIEW
81.88,56106.83,2,95.82,0,29.82,grade_12,yes,no,FOR_REVIEW
81.34,11507.18,10,97.01,3,13.78,grade_9,yes,no,FOR_REVIEW
86.17,49153.09,2,88.94,1,19.76,grade_8,yes,no,FOR_REVIEW
85.99,66510.55,4,100.0,0,21.79,grade_7,yes,no,FOR_REVIEW
87.78,29869.0,3,77.7,1,9.69,grade_10,yes,no,FOR_REVIEW
85.61,30222.26,7,95.96,0,13.41,grade_8,yes,no,FOR_REVIEW
91.58,17024.92,10,87.77,0,16.03,grade_10,no,no,FOR_REVIEW
80.08,13154.91,10,88.77,2,4.17,grade_11,yes,no,FOR_REVIEW
90.15,69593.86,10,93.35,0,1.53,grade_9,yes,yes,FOR_REVIEW
90.79,27015.16,6,85.86,0,67.7,grade_8,no,no,FOR_REVIEW
81.56,26713.47,6,95.29,2,5.59,grade_12,yes,no,FOR_REVIEW
78.07,38397.31,3,93.02,0,14.65,grade_10,yes,yes,FOR_REVIEW
81.56,29428.49,10,93.38,1,7.68,grade_8,yes,no,FOR_REVIEW
90.47,63375.71,3,93.68,0,4.02,grade_9,yes,no,FOR_REVIEW
85.92,34665.17,6,90.45,0,6.03,grade_11,yes,no,FOR_REVIEW
85.34,4648.4,7,93.29,0,26.99,grade_10,yes,no,FOR_REVIEW
86.44,79059.54,7,100.0,0,9.83,grade_11,yes,no,FOR_REVIEW
86.35,36485.74,6,89.3,0,7.52,grade_11,yes,no,FOR_REVIEW
84.82,30633.35,2,93.68,1,11.44,grade_12,yes,no,FOR_REVIEW
97.09,13553.76,2,93.83,1,31.32,grade_7,no,yes,FOR_REVIEW
95.05,9916.36,9,88.7,1,29.17,grade_8,yes,yes,FOR_REVIEW
85.98,64805.47,4,91.73,0,26.51,grade_9,yes,no,FOR_REVIEW
87.06,20647.65,5,87.3,0,7.66,grade_9,yes,no,FOR_REVIEW
92.54,118999.44,8,89.93,1,17.23,grade_12,yes,no,FOR_REVIEW
91.37,35953.96,8,88.72,2,7.65,grade_11,yes,no,FOR_REVIEW
94.06,54859.65,4,88.65,0,22.59,grade_11,no,no,FOR_REVIEW
86.95,40815.24,10,81.43,0,13.94,grade_7,yes,no,FOR_REVIEW
89.38,33649.41,4,89.08,1,4.52,grade_8,yes,no,FOR_REVIEW
93.86,25052.54,7,90.88,1,5.35,grade_9,no,no,FOR_REVIEW
85.6,29879.3,2,94.4,1,11.65,grade_12,yes,no,FOR_REVIEW
85.79,53939.94,4,86.84,0,35.44,grade_9,yes,no,FOR_REVIEW
80.53,37406.01,9,84.73,0,19.1,grade_11,yes,no,FOR_REVIEW
92.06,30813.27,10,94.38,1,3.07,grade_11,no,no,FOR_REVIEW
94.5,20138.38,9,89.42,0,7.9,grade_11,no,no,FOR_REVIEW
88.13,109806.81,6,92.65,0,8.46,grade_11,yes,no,FOR_REVIEW
87.32,44002.26,5,91.7,1,4.96,grade_11,yes,no,FOR_REVIEW
94.4,56342.0,9,86.35,1,11.72,grade_11,yes,no,FOR_REVIEW
94.17,99432.9,5,93.42,2,31.12,grade_11,yes,no,FOR_REVIEW
85.62,17070.68,8,90.43,0,17.69,grade_12,no,yes,FOR_REVIEW
85.36,52741.1,4,86.3,0,33.25,grade_9,yes,no,FOR_REVIEW
91.45,36580.3,8,88.65,1,1.65,grade_10,yes,no,FOR_REVIEW
79.08,61164.8,10,84.82,1,21.05,grade_8,yes,no,FOR_REVIEW
85.33,107861.61,10,92.43,0,11.7,grade_7,yes,no,FOR_REVIEW
85.88,8358.08,7,93.62,0,29.2,grade_10,yes,no,FOR_REVIEW
94.53,19814.86,9,100.0,1,18.03,grade_8,no,no,FOR_REVIEW
95.14,9787.34,9,89.0,1,28.69,grade_8,yes,yes,FOR_REVIEW
86.91,53580.8,10,95.94,2,2.94,grade_11,yes,yes,FOR_REVIEW
81.77,41470.7,2,85.28,1,63.77,grade_9,yes,no,FOR_REVIEW
81.41,58048.03,2,95.02,0,29.87,grade_12,yes,no,FOR_REVIEW
91.42,30442.71,5,89.17,0,28.44,grade_11,yes,yes,FOR_REVIEW
97.99,9013.75,8,87.61,0,7.58,grade_9,no,no,FOR_REVIEW
85.47,100054.62,2,92.38,0,33.45,grade_11,yes,no,FOR_REVIEW
91.67,34925.31,10,95.1,0,4.13,grade_7,no,no,FOR_REVIEW
96.62,30806.08,7,87.98,0,36.33,grade_12,no,yes,FOR_REVIEW
93.72,9612.17,8,92.11,1,36.47,grade_7,no,no,FOR_REVIEW
85.11,11058.98,9,95.26,1,5.42,grade_9,yes,no,FOR_REVIEW
94.18,18390.1,9,100.0,1,19.44,grade_8,no,no,FOR_REVIEW
85.06,33229.71,10,91.76,1,37.32,grade_10,yes,no,FOR_REVIEW
81.45,8790.25,10,97.25,3,14.03,grade_9,yes,no,FOR_REVIEW
86.31,67317.45,4,100.0,0,21.82,grade_7,yes,no,FOR_REVIEW
97.06,84314.34,4,91.98,0,24.78,grade_9,yes,no,FOR_REVIEW
96.97,64555.1,6,92.63,2,16.36,grade_12,yes,no,FOR_REVIEW
94.36,16463.45,3,91.47,0,31.9,grade_12,no,no,FOR_REVIEW
77.89,25725.43,7,95.21,1,19.1,grade_7,yes,no,FOR_REVIEW
89.29,35206.53,9,97.67,3,7.11,grade_7,yes,no,FOR_REVIEW
87.06,28762.7,4,90.39,0,12.5,grade_12,yes,yes,FOR_REVIEW
92.32,17911.45,7,89.37,0,19.4,grade_11,no,no,FOR_REVIEW
87.59,29928.2,4,89.41,0,9.48,grade_12,yes,yes,FOR_REVIEW
85.23,100644.33,2,93.27,0,34.44,grade_11,yes,no,FOR_REVIEW
89.77,35534.6,6,97.28,2,8.75,grade_7,yes,no,FOR_REVIEW
96.02,20648.23,9,92.94,0,4.3,grade_11,yes,no,FOR_REVIEW
84.06,27627.74,4,91.09,1,11.22,grade_11,yes,no,FOR_REVIEW
90.51,15930.66,10,83.69,1,34.45,grade_12,no,no,FOR_REVIEW
90.63,38958.06,8,88.87,2,7.1,grade_11,yes,no,FOR_REVIEW
84.61,34515.41,9,95.7,2,16.02,grade_7,yes,yes,FOR_REVIEW
78.42,36897.09,3,94.41,0,14.48,grade_10,yes,yes,FOR_REVIEW
89.89,44790.77,2,90.99,1,18.5,grade_10,yes,no,FOR_REVIEW
92.96,99533.44,6,93.83,2,34.59,grade_11,yes,no,FOR_REVIEW
82.34,67391.92,10,96.87,1,14.46,grade_11,yes,no,FOR_REVIEW
93.54,120100.88,9,82.78,1,4.02,grade_12,yes,yes,FOR_REVIEW
92.76,37800.13,2,88.51,0,16.85,grade_7,yes,no,FOR_REVIEW
92.68,116310.5,9,90.0,1,5.91,grade_11,yes,no,FOR_REVIEW
97.95,12752.42,8,87.79,0,8.14,grade_9,no,no,FOR_REVIEW
90.71,13708.49,10,84.03,1,33.87,grade_12,no,no,FOR_REVIEW
86.38,45526.42,5,91.72,1,4.7,grade_11,yes,no,FOR_REVIEW
99.87,44635.28,7,94.46,0,48.33,grade_11,yes,no,FOR_REVIEW
90.71,5844.32,9,93.73,0,8.84,grade_11,no,no,FOR_REVIEW
79.7,11750.23,2,91.07,2,24.26,grade_10,yes,yes,FOR_REVIEW
89.79,40460.63,9,80.73,1,2.88,grade_7,yes,yes,FOR_REVIEW
95.4,28021.26,3,79.23,2,10.03,grade_10,yes,no,FOR_REVIEW
90.26,60413.34,3,93.48,0,4.62,grade_9,yes,no,FOR_REVIEW
99.08,71793.59,10,94.61,0,14.74,grade_7,yes,no,FOR_REVIEW
94.7,37595.62,2,85.96,1,6.55,grade_9,yes,no,FOR_REVIEW
85.26,51488.59,7,90.95,1,14.13,grade_11,yes,no,FOR_REVIEW
81.71,44281.08,9,94.71,0,7.25,grade_10,yes,yes,FOR_REVIEW
84.21,30989.76,4,90.49,1,11.21,grade_11,yes,no,FOR_REVIEW
82.0,10301.61,3,81.49,0,34.49,grade_11,yes,no,FOR_REVIEW
89.47,38759.56,6,97.08,2,6.95,grade_7,yes,no,FOR_REVIEW
94.4,110029.16,9,90.72,1,10.39,grade_11,yes,no,FOR_REVIEW
82.34,77633.02,8,96.46,0,22.07,grade_10,yes,no,FOR_REVIEW
86.95,40359.19,5,87.93,0,5.75,grade_8,yes,no,FOR_REVIEW
79.66,36993.02,5,94.39,1,6.15,grade_11,yes,no,FOR_REVIEW
96.22,17942.33,7,90.4,0,23.64,grade_10,no,no,FOR_REVIEW
81.65,10308.68,10,96.91,3,14.59,grade_9,yes,no,FOR_REVIEW
92.78,11325.75,10,92.01,0,11.64,grade_11,no,no,FOR_REVIEW
97.19,16735.93,10,99.3,2,8.44,grade_10,no,yes,FOR_REVIEW
85.66,10021.7,9,95.41,1,6.63,grade_9,yes,no,FOR_REVIEW
94.38,11301.69,10,97.26,0,4.34,grade_11,yes,no,FOR_REVIEW
91.53,16032.74,2,92.47,0,5.76,grade_11,no,yes,FOR_REVIEW
95.19,22321.66,7,93.69,0,17.72,grade_7,no,no,FOR_REVIEW
90.42,14256.18,10,84.39,1,36.66,grade_12,no,no,FOR_REVIEW
93.07,77218.21,7,94.15,0,15.56,grade_10,yes,no,FOR_REVIEW
86.69,29133.99,3,78.0,1,8.02,grade_10,yes,no,FOR_REVIEW
88.99,38789.94,6,97.23,2,8.57,grade_7,yes,no,FOR_REVIEW
93.58,48894.96,6,92.78,2,31.43,grade_9,yes,no,FOR_REVIEW
89.96,69434.34,10,93.03,0,3.02,grade_9,yes,yes,FOR_REVIEW
85.84,41102.73,7,90.93,1,3.76,grade_10,yes,yes,FOR_REVIEW
86.36,22506.91,6,87.62,3,4.57,grade_7,yes,yes,FOR_REVIEW
86.92,19227.21,5,87.85,0,10.48,grade_9,yes,no,FOR_REVIEW
83.63,10130.07,5,82.29,1,16.14,grade_7,yes,no,FOR_REVIEW
88.15,49597.53,5,86.15,0,17.69,grade_7,yes,yes,FOR_REVIEW
97.12,63436.11,2,87.07,0,16.63,grade_8,yes,no,FOR_REVIEW
90.95,31368.78,5,89.62,0,31.05,grade_11,yes,yes,FOR_REVIEW
97.7,11407.91,8,87.18,0,6.56,grade_9,no,no,FOR_REVIEW
85.43,33348.04,5,91.56,0,38.58,grade_12,yes,no,FOR_REVIEW
81.47,58142.76,2,95.22,0,31.07,grade_12,yes,no,FOR_REVIEW
90.88,6727.22,4,95.61,1,14.05,grade_11,yes,no,FOR_REVIEW
95.34,41757.26,8,80.47,0,17.86,grade_8,yes,no,FOR_REVIEW
93.39,118119.52,9,90.23,1,5.08,grade_11,yes,no,FOR_REVIEW
88.59,108347.62,6,92.88,0,5.1,grade_11,yes,no,FOR_REVIEW
78.34,37084.47,3,93.2,0,12.96,grade_10,yes,yes,FOR_REVIEW
97.36,78048.82,7,93.1,0,68.69,grade_7,yes,no,FOR_REVIEW
83.83,57381.15,6,93.01,1,25.82,grade_9,yes,no,FOR_REVIEW
92.83,9918.62,10,91.77,0,10.92,grade_11,no,no,FOR_REVIEW
84.4,101415.35,4,96.69,0,17.67,grade_12,yes,no,FOR_REVIEW
80.72,40796.64,9,95.4,0,8.85,grade_10,yes,yes,FOR_REVIEW
84.55,7008.73,9,95.65,1,7.8,grade_9,yes,no,FOR_REVIEW
93.24,116858.22,9,83.01,1,5.59,grade_12,yes,yes,FOR_REVIEW
90.73,18884.7,4,83.12,2,17.34,grade_8,yes,no,FOR_REVIEW
95.08,16390.35,2,94.6,1,18.18,grade_9,no,no,FOR_REVIEW
97.07,32267.69,9,99.47,2,91.6,grade_10,no,no,FOR_REVIEW
89.24,62112.69,7,89.05,0,11.09,grade_12,yes,yes,FOR_REVIEW
87.08,78565.59,8,85.89,0,18.91,grade_12,no,no,FOR_REVIEW
90.07,65476.09,3,94.12,0,5.28,grade_9,yes,no,FOR_REVIEW
97.29,30982.9,9,92.59,0,13.65,grade_9,no,yes,FOR_REVIEW
86.04,30238.73,3,81.14,0,26.87,grade_12,yes,yes,FOR_REVIEW
97.31,57167.24,5,87.53,0,19.34,grade_11,yes,no,FOR_REVIEW
81.84,63242.64,10,95.94,1,15.26,grade_11,yes,no,FOR_REVIEW
80.11,39786.98,6,92.85,0,15.63,grade_7,yes,no,FOR_REVIEW
91.46,19604.88,5,93.56,0,11.25,grade_11,yes,no,FOR_REVIEW
88.15,25193.06,2,96.81,0,8.92,grade_9,yes,no,FOR_REVIEW
78.34,37331.2,3,93.14,0,12.13,grade_10,yes,yes,FOR_REVIEW
95.54,98244.5,6,93.27,0,16.67,grade_8,yes,no,FOR_REVIEW
95.99,42184.82,5,90.01,0,6.63,grade_12,yes,no,FOR_REVIEW
91.63,33100.96,8,87.11,1,4.95,grade_12,yes,no,FOR_REVIEW
86.88,23391.42,5,87.71,0,8.02,grade_9,yes,no,FOR_REVIEW
88.92,36682.44,9,97.47,3,6.15,grade_7,yes,no,FOR_REVIEW
85.8,8709.54,9,95.33,1,6.01,grade_9,yes,no,FOR_REVIEW
92.16,26588.04,3,80.91,1,19.33,grade_8,yes,no,FOR_REVIEW
86.33,41029.91,6,89.99,0,9.25,grade_10,yes,no,FOR_REVIEW
94.18,20708.63,3,91.82,0,31.81,grade_12,no,no,FOR_REVIEW
86.42,40317.47,7,90.72,1,1.79,grade_10,yes,yes,FOR_REVIEW
85.78,44260.95,6,90.36,0,19.14,grade_7,yes,no,FOR_REVIEW
80.36,31146.82,8,96.12,0,16.14,grade_10,yes,no,FOR_REVIEW
82.26,46581.44,4,92.88,0,15.23,grade_9,yes,yes,FOR_REVIEW
90.62,49998.66,8,89.07,0,8.76,grade_12,yes,no,FOR_REVIEW
92.47,38887.22,10,94.31,1,10.42,grade_9,yes,no,FOR_REVIEW
97.24,15879.22,7,90.24,0,23.7,grade_10,no,no,FOR_REVIEW
95.78,94730.47,6,92.49,0,15.18,grade_8,yes,no,FOR_REVIEW
94.73,23657.68,9,80.62,4,7.34,grade_10,yes,no,FOR_REVIEW
96.84,12083.14,2,93.5,0,22.86,grade_12,no,yes,FOR_REVIEW
97.5,18513.01,7,95.26,0,0.97,grade_10,yes,no,FOR_REVIEW
98.04,18190.4,6,90.59,0,25.63,grade_9,no,no,FOR_REVIEW
85.16,37537.32,10,99.56,1,14.0,grade_7,yes,no,FOR_REVIEW
91.85,13631.01,3,100.0,0,13.53,grade_12,no,no,FOR_REVIEW
95.37,12938.74,10,99.64,0,12.9,grade_9,no,no,FOR_REVIEW
85.32,39497.05,10,99.56,1,14.18,grade_7,yes,no,FOR_REVIEW
90.46,36998.32,8,89.11,2,6.3,grade_11,yes,no,FOR_REVIEW
77.18,30138.34,5,93.48,0,3.77,grade_11,yes,no,FOR_REVIEW
85.77,31587.65,3,81.9,0,24.85,grade_12,yes,yes,FOR_REVIEW
86.59,12162.02,8,100.0,1,16.83,grade_7,no,yes,FOR_REVIEW
93.4,119276.24,4,86.03,0,2.59,grade_10,yes,no,FOR_REVIEW
87.11,16344.82,5,91.01,0,9.4,grade_7,no,no,FOR_REVIEW
95.94,50156.82,4,87.61,1,9.51,grade_8,yes,no,FOR_REVIEW
78.39,27559.17,7,94.77,1,18.96,grade_7,yes,no,FOR_REVIEW
82.16,39333.18,10,80.85,0,4.38,grade_7,yes,no,FOR_REVIEW
85.51,31046.57,2,93.85,1,12.15,grade_12,yes,no,FOR_REVIEW
85.78,41444.42,10,82.39,0,15.2,grade_7,yes,no,FOR_REVIEW
85.67,36236.86,6,90.17,0,6.0,grade_11,yes,no,FOR_REVIEW
84.2,100587.29,4,97.3,0,20.89,grade_12,yes,no,FOR_REVIEW
87.03,27235.93,4,89.82,0,11.07,grade_12,yes,yes,FOR_REVIEW
84.52,49194.99,10,89.09,0,7.91,grade_7,yes,yes,FOR_REVIEW
97.53,77869.42,7,93.27,0,69.58,grade_7,yes,no,FOR_REVIEW
84.62,31890.39,5,92.51,0,37.85,grade_12,yes,no,FOR_REVIEW
90.68,7497.06,9,93.16,0,7.38,grade_11,no,no,FOR_REVIEW
86.98,27139.15,3,78.15,1,11.69,grade_10,yes,no,FOR_REVIEW
82.4,39994.94,2,84.38,1,62.47,grade_9,yes,no,FOR_REVIEW
84.68,24370.23,4,93.03,2,16.02,grade_8,yes,no,FOR_REVIEW
91.57,16379.27,4,83.24,2,15.29,grade_8,yes,no,FOR_REVIEW
80.84,32234.86,5,88.08,0,18.1,grade_12,yes,yes,FOR_REVIEW
93.62,13683.96,3,95.23,0,21.64,grade_12,no,no,FOR_REVIEW
82.88,26731.6,7,98.95,0,23.49,grade_11,no,no,FOR_REVIEW
88.1,66656.15,8,83.29,0,18.36,grade_8,yes,no,FOR_REVIEW
80.19,39694.2,5,94.72,1,7.5,grade_11,yes,no,FOR_REVIEW
80.4,33483.09,3,95.9,2,33.23,grade_8,yes,no,FOR_REVIEW
89.81,40682.66,9,80.6,1,1.49,grade_7,yes,yes,FOR_REVIEW
87.75,61210.94,8,83.34,0,18.46,grade_8,yes,no,FOR_REVIEW
95.72,34781.46,8,89.14,0,16.34,grade_7,yes,no,FOR_REVIEW
84.59,42351.79,6,93.36,1,14.34,grade_8,yes,yes,FOR_REVIEW
82.01,11667.08,3,81.45,0,33.6,grade_11,yes,no,FOR_REVIEW
84.98,18863.42,4,93.89,2,13.7,grade_7,yes,no,FOR_REVIEW
97.18,60356.3,5,86.65,0,19.64,grade_11,yes,no,FOR_REVIEW
87.55,75884.52,7,99.29,0,10.76,grade_11,yes,no,FOR_REVIEW
84.87,109577.57,10,91.9,0,10.12,grade_7,yes,no,FOR_REVIEW
91.42,30492.13,5,89.48,0,29.29,grade_11,yes,yes,FOR_REVIEW
93.92,91410.92,5,86.39,1,34.94,grade_11,yes,no,FOR_REVIEW
79.97,34412.04,3,94.65,0,32.21,grade_12,yes,no,FOR_REVIEW
92.54,57181.08,4,88.2,0,21.61,grade_11,no,no,FOR_REVIEW
86.38,18595.94,2,89.04,2,24.53,grade_11,yes,no,FOR_REVIEW
85.37,50915.38,4,85.61,0,34.69,grade_9,yes,no,FOR_REVIEW
86.09,22776.43,8,92.18,1,9.35,grade_8,yes,yes,FOR_REVIEW
82.05,55900.63,5,82.72,0,3.8,grade_9,yes,no,FOR_REVIEW
82.51,24486.68,7,99.1,0,20.92,grade_11,no,no,FOR_REVIEW
97.16,14268.55,2,93.42,0,24.44,grade_12,no,yes,FOR_REVIEW
83.38,63841.65,4,92.17,1,17.84,grade_12,yes,no,FOR_REVIEW
94.09,27698.16,4,93.5,0,17.81,grade_9,no,no,FOR_REVIEW
87.19,20882.05,7,80.2,1,17.4,grade_10,yes,no,FOR_REVIEW
85.17,22744.21,6,88.3,3,2.77,grade_7,yes,yes,FOR_REVIEW
84.82,23667.0,4,95.6,2,13.96,grade_7,yes,no,FOR_REVIEW
85.74,62470.01,4,91.19,0,26.79,grade_9,yes,no,FOR_REVIEW
80.87,34380.55,3,95.47,2,30.05,grade_8,yes,no,FOR_REVIEW
85.94,37115.11,10,86.49,1,70.32,grade_12,yes,no,FOR_REVIEW
96.95,69266.28,6,93.1,2,12.65,grade_12,yes,no,FOR_REVIEW
90.49,7506.69,4,95.21,1,16.23,grade_11,yes,no,FOR_REVIEW
80.69,29832.73,3,95.22,2,32.29,grade_8,yes,no,FOR_REVIEW
84.34,26122.53,6,87.01,1,14.04,grade_9,yes,no,FOR_REVIEW
82.35,12365.17,8,98.1,0,18.76,grade_7,yes,no,FOR_REVIEW
81.17,18084.22,5,85.89,0,25.79,grade_10,yes,no,FOR_REVIEW
89.75,39972.29,9,80.54,1,2.88,grade_7,yes,yes,FOR_REVIEW
90.32,33805.33,2,89.08,2,30.15,grade_7,yes,no,FOR_REVIEW
93.17,16396.35,3,95.73,0,23.0,grade_12,no,no,FOR_REVIEW
83.21,31738.58,2,95.3,0,6.67,grade_8,yes,yes,FOR_REVIEW
95.24,2896.02,5,91.53,0,2.08,grade_11,yes,no,FOR_REVIEW
92.82,117873.17,6,96.68,0,1.64,grade_10,yes,yes,FOR_REVIEW
80.55,59805.49,3,96.58,0,13.86,grade_7,yes,no,FOR_REVIEW
86.25,17115.43,2,89.86,2,26.43,grade_11,yes,no,FOR_REVIEW
95.14,56403.08,4,95.53,2,0.6,grade_11,yes,no,FOR_REVIEW
85.08,22403.05,4,94.34,2,14.09,grade_7,yes,no,FOR_REVIEW
88.23,16084.05,6,92.25,1,18.17,grade_11,no,no,FOR_REVIEW
81.65,43817.54,2,84.99,1,61.22,grade_9,yes,no,FOR_REVIEW
91.86,11569.47,10,93.54,0,11.16,grade_11,no,no,FOR_REVIEW
93.65,99046.78,5,93.07,2,31.27,grade_11,yes,no,FOR_REVIEW
80.21,48538.13,7,100.0,0,7.59,grade_12,yes,no,FOR_REVIEW
80.87,31681.33,5,87.09,0,19.01,grade_12,yes,yes,FOR_REVIEW
84.38,23013.79,7,99.63,2,10.31,grade_9,yes,no,FOR_REVIEW
95.2,10873.63,9,88.48,1,30.18,grade_8,yes,yes,FOR_REVIEW
83.26,69491.39,6,91.7,0,11.86,grade_12,yes,no,FOR_REVIEW
84.45,31412.73,5,84.21,1,9.55,grade_9,yes,no,FOR_REVIEW
92.85,22547.27,4,90.39,0,19.54,grade_12,no,yes,FOR_REVIEW
96.23,17612.98,7,90.2,0,23.81,grade_10,no,no,FOR_REVIEW
90.65,21669.84,10,95.69,0,22.97,grade_8,no,no,FOR_REVIEW
90.58,25882.94,6,85.1,0,68.44,grade_8,no,no,FOR_REVIEW
98.16,22770.29,4,92.7,1,47.63,grade_11,no,yes,FOR_REVIEW
84.89,30561.18,2,92.2,1,22.64,grade_10,yes,yes,FOR_REVIEW
97.08,25267.81,10,97.03,0,6.39,grade_10,yes,no,FOR_REVIEW
94.67,53206.73,5,85.36,0,2.92,grade_9,yes,no,FOR_REVIEW
81.34,57214.58,2,95.21,0,29.79,grade_12,yes,no,FOR_REVIEW
86.19,118933.05,9,95.58,1,14.06,grade_8,yes,no,FOR_REVIEW
93.27,50963.57,5,86.35,0,0.0,grade_11,yes,no,FOR_REVIEW
87.39,76914.77,8,86.14,0,23.25,grade_12,no,no,FOR_REVIEW
97.84,18944.59,5,98.34,0,5.43,grade_8,no,yes,FOR_REVIEW
90.92,15208.74,2,81.27,0,45.43,grade_11,no,no,FOR_REVIEW
85.33,30265.07,2,94.36,1,11.66,grade_12,yes,no,FOR_REVIEW
83.07,34279.18,10,80.86,0,5.88,grade_7,yes,no,FOR_REVIEW
95.46,24809.21,10,90.51,0,5.11,grade_8,yes,yes,FOR_REVIEW
84.16,30567.83,4,90.49,1,12.76,grade_11,yes,no,FOR_REVIEW
94.55,22045.13,9,80.45,4,4.52,grade_10,yes,no,FOR_REVIEW
91.61,37809.39,10,95.76,0,7.56,grade_7,no,no,FOR_REVIEW
81.94,63631.2,10,96.15,1,13.16,grade_11,yes,no,FOR_REVIEW
